image_id,image_path,label_path,source_id,frame_index,timestamp_seconds,split,label_status,box_count,class_counts,annotation_formats,content_sha256
716c672d0e24baac884cf241b43c250bf73d4de88394e7f6b0ebdfbc06abddc4,train/images/04dc922fb27f_frame_000000.jpg,train/labels/04dc922fb27f_frame_000000.txt,04dc922fb27f,0,0.0,train,labeled,51,0:5;1:12;2:33;4:1,bbox:51,
17407de640722db25a5b168f0ae3c9aa18f6ff2454c28a7875a84a999280d284,train/images/04dc922fb27f_frame_000001.jpg,train/labels/04dc922fb27f_frame_000001.txt,04dc922fb27f,1,0.5,train,labeled,50,0:6;1:13;2:29;3:1;4:1,bbox:50,
d50c4b6a524be5def1bd3a5606d1662d1a344a841b45ca25b26a041f1746eec3,train/images/04dc922fb27f_frame_000002.jpg,train/labels/04dc922fb27f_frame_000002.txt,04dc922fb27f,2,1.0,train,labeled,50,0:5;1:14;2:31,bbox:50,
cec845119dc61c7ab6a99a3e2f603b8391905e7fa8b83f1f6a068a8fd2c963c2,train/images/04dc922fb27f_frame_000003.jpg,train/labels/04dc922fb27f_frame_000003.txt,04dc922fb27f,3,1.5,train,labeled,49,0:5;1:12;2:32,bbox:49,
c8965a48906dfc8119b6db20696f773473430d541067b5d3d8b6a57e845ec296,train/images/04dc922fb27f_frame_000004.jpg,train/labels/04dc922fb27f_frame_000004.txt,04dc922fb27f,4,2.0,train,labeled,53,0:5;1:13;2:34;3:1,bbox:53,
fb5b11f5b45e1f7e1d762d3708b043f549ae78cd7490f7fc4ab5af77e2947982,train/images/04dc922fb27f_frame_000005.jpg,train/labels/04dc922fb27f_frame_000005.txt,04dc922fb27f,5,2.5,train,labeled,53,0:5;1:13;2:35,bbox:53,
11e5a0151b0512b432352d16bd72e6aacba77f59cfd66f59bde5cfbd5af9a235,train/images/04dc922fb27f_frame_000006.jpg,train/labels/04dc922fb27f_frame_000006.txt,04dc922fb27f,6,3.0,train,labeled,52,0:4;1:13;2:34;3:1,bbox:52,
459f0095f8a9f4b8ba04e319346e6006473166ec0d355042d533be5c4c6e48c0,train/images/04dc922fb27f_frame_000007.jpg,train/labels/04dc922fb27f_frame_000007.txt,04dc922fb27f,7,3.5,train,labeled,48,0:4;1:13;2:31,bbox:48,
0ad0fb2da617d7158b42b47c477ebdcf2bca0cfb83d785ee6ad5a03077fb4c05,train/images/04dc922fb27f_frame_000008.jpg,train/labels/04dc922fb27f_frame_000008.txt,04dc922fb27f,8,4.0,train,labeled,49,0:4;1:14;2:31,bbox:49,
b531453373fba27dc732d156949fd1a8035c6c401b22827aff7f6c9404acbed6,train/images/04dc922fb27f_frame_000009.jpg,train/labels/04dc922fb27f_frame_000009.txt,04dc922fb27f,9,4.5,train,labeled,50,0:4;1:11;2:34;3:1,bbox:50,
0f263164df655b414ca3bdd562385cb1bb47d6f670a04b40edff9d64c9e406b3,train/images/04dc922fb27f_frame_000010.jpg,train/labels/04dc922fb27f_frame_000010.txt,04dc922fb27f,10,5.0,train,labeled,46,0:5;1:10;2:31,bbox:46,
da902860bb76c06ebd363814e6a532340f6d2dd460ca4bc5cc86e07c36cebfa0,train/images/04dc922fb27f_frame_000011.jpg,train/labels/04dc922fb27f_frame_000011.txt,04dc922fb27f,11,5.5,train,labeled,44,0:4;1:9;2:31,bbox:44,
688ab837d81e5618e73f608f7cd31f2f26dbea1107705701ef29abb22a5141c4,train/images/04dc922fb27f_frame_000012.jpg,train/labels/04dc922fb27f_frame_000012.txt,04dc922fb27f,12,6.0,train,labeled,52,0:4;1:12;2:36,bbox:52,
727fe79a22f034cd8f010ef610459cf202e3374c4c4431f6092cc74b278b848e,train/images/04dc922fb27f_frame_000013.jpg,train/labels/04dc922fb27f_frame_000013.txt,04dc922fb27f,13,6.5,train,labeled,46,0:4;1:12;2:30,bbox:46,
de86f778a90257db6ec1df49e23a9fc40dbf8558e9c5684f072603ed4b37eda1,train/images/04dc922fb27f_frame_000014.jpg,train/labels/04dc922fb27f_frame_000014.txt,04dc922fb27f,14,7.0,train,labeled,56,0:4;1:12;2:40,bbox:56,
d9b393383dd205cea30d5f37e55b04944fb758363ad51237be2014c82405f1a7,train/images/04dc922fb27f_frame_000015.jpg,train/labels/04dc922fb27f_frame_000015.txt,04dc922fb27f,15,7.5,train,labeled,48,0:4;1:11;2:33,bbox:48,
8ad82fdada3dd3a418300d3ab3a70f600f1e0fe0a020f486bc610641f8cb1451,train/images/04dc922fb27f_frame_000016.jpg,train/labels/04dc922fb27f_frame_000016.txt,04dc922fb27f,16,8.0,train,labeled,60,0:4;1:13;2:43,bbox:60,
bd209a30103024fb79380da9e3c209460f3f522a9cceee5864ab20c5f0740ddb,train/images/04dc922fb27f_frame_000017.jpg,train/labels/04dc922fb27f_frame_000017.txt,04dc922fb27f,17,8.5,train,labeled,60,0:5;1:11;2:44,bbox:60,
08e83b547135d6783cd56fa8600d29323cc52738a157e0a3ff96a073492bc753,train/images/04dc922fb27f_frame_000018.jpg,train/labels/04dc922fb27f_frame_000018.txt,04dc922fb27f,18,9.0,train,labeled,50,0:3;1:11;2:36,bbox:50,
10b16c42d89094f75b3c7684e075905223ccbfc366a7e7e10efd793e840ae1b0,train/images/04dc922fb27f_frame_000019.jpg,train/labels/04dc922fb27f_frame_000019.txt,04dc922fb27f,19,9.5,train,labeled,52,0:3;1:10;2:39,bbox:52,
0b1bd84e7b6209cd5e1894ae07df74b70bdf0e65b4a5013c642e43b0ef7fa95e,train/images/04dc922fb27f_frame_000020.jpg,train/labels/04dc922fb27f_frame_000020.txt,04dc922fb27f,20,10.0,train,labeled,48,0:3;1:13;2:32,bbox:48,
11c90801e4186d55a4e5cd8f59379e8be5ea263eeb31175788d249a0d93ebe05,train/images/04dc922fb27f_frame_000021.jpg,train/labels/04dc922fb27f_frame_000021.txt,04dc922fb27f,21,10.5,train,labeled,47,0:3;1:11;2:33,bbox:47,
27207a79605bab2cc8fe50aea2b4ae9e202c03525df3de561619ecde32f36130,train/images/04dc922fb27f_frame_000022.jpg,train/labels/04dc922fb27f_frame_000022.txt,04dc922fb27f,22,11.0,train,labeled,57,0:3;1:10;2:44,bbox:57,
d988380d157174e2c2ba39bcc39718e1657b2cb2b584db10d7cf3ea514e9e1c0,train/images/04dc922fb27f_frame_000023.jpg,train/labels/04dc922fb27f_frame_000023.txt,04dc922fb27f,23,11.5,train,labeled,57,0:5;1:10;2:41;3:1,bbox:57,
7d77696d0fbe743b14533baa396fe968c4070ad902a35bb254870a208f2fcc11,train/images/04dc922fb27f_frame_000024.jpg,train/labels/04dc922fb27f_frame_000024.txt,04dc922fb27f,24,12.0,train,labeled,50,0:5;1:10;2:35,bbox:50,
fc049f4ec9b57ef9b4cb6937a9f6b2b6f20c73f69ed7722385e3d5ea2dcbda12,train/images/04dc922fb27f_frame_000025.jpg,train/labels/04dc922fb27f_frame_000025.txt,04dc922fb27f,25,12.5,train,labeled,53,0:4;1:9;2:40,bbox:53,
758f22c57aa3bda985d9fc20c89761b9eb51f55cc9153c5c2ad774130d2e7f0a,train/images/04dc922fb27f_frame_000026.jpg,train/labels/04dc922fb27f_frame_000026.txt,04dc922fb27f,26,13.0,train,labeled,56,0:3;1:9;2:44,bbox:56,
5103345a5726bd33cf7a5da6f98aec8caea6ade476b8ecf94ff19ee19c544291,train/images/04dc922fb27f_frame_000027.jpg,train/labels/04dc922fb27f_frame_000027.txt,04dc922fb27f,27,13.5,train,labeled,57,0:3;1:10;2:44,bbox:57,
549f2ebec6546b1e0fcf2db193dba9ce69a37cfc3a4db619a39196ae50cea672,train/images/04dc922fb27f_frame_000028.jpg,train/labels/04dc922fb27f_frame_000028.txt,04dc922fb27f,28,14.0,train,labeled,48,0:3;1:8;2:37,bbox:48,
f92ccbedb6b51d6c175434d53abf970e210f42f232052208f42bd89ebca7ffb0,train/images/04dc922fb27f_frame_000029.jpg,train/labels/04dc922fb27f_frame_000029.txt,04dc922fb27f,29,14.5,train,labeled,55,0:3;1:10;2:42,bbox:55,
057d4ea32fba735b240c594de5a1632880b615b214a3329a37ad80e4996ae3fd,train/images/04dc922fb27f_frame_000030.jpg,train/labels/04dc922fb27f_frame_000030.txt,04dc922fb27f,30,15.0,train,labeled,57,0:4;1:10;2:41;3:2,bbox:57,
30858c24901f8307158c4eb63e4ba50573eb1a9c48d59ce5bd0c19ddad88d110,train/images/04dc922fb27f_frame_000031.jpg,train/labels/04dc922fb27f_frame_000031.txt,04dc922fb27f,31,15.5,train,labeled,47,0:3;1:10;2:34,bbox:47,
0c6a698437de2ca3426fd49ca4b0109c5422ea4866870fa6bc879eb5ea9f5007,train/images/04dc922fb27f_frame_000032.jpg,train/labels/04dc922fb27f_frame_000032.txt,04dc922fb27f,32,16.0,train,labeled,49,0:3;1:10;2:36,bbox:49,
a4cba083520fa4acd54290c045611d51f090b163b3d2a34f29e86570beb0f41c,train/images/04dc922fb27f_frame_000033.jpg,train/labels/04dc922fb27f_frame_000033.txt,04dc922fb27f,33,16.5,train,labeled,52,0:3;1:10;2:39,bbox:52,
f35585c6c84ca05146d8bd509e22f33756e86f2646a073709780b303ab46d3dd,train/images/04dc922fb27f_frame_000034.jpg,train/labels/04dc922fb27f_frame_000034.txt,04dc922fb27f,34,17.0,train,labeled,46,0:4;1:8;2:34,bbox:46,
f138068068816cdef1895f36039852ddeac61e1396dec4d3675d953f79262bf3,train/images/04dc922fb27f_frame_000035.jpg,train/labels/04dc922fb27f_frame_000035.txt,04dc922fb27f,35,17.5,train,labeled,53,0:3;1:13;2:37,bbox:53,
d4b7415ad8a39c32f1ab4194e9566ec7a88ba51970290f06c43a71e53a32b100,train/images/04dc922fb27f_frame_000036.jpg,train/labels/04dc922fb27f_frame_000036.txt,04dc922fb27f,36,18.0,train,labeled,53,0:4;1:12;2:37,bbox:53,
6bb90939bcc5f1f9efced07cb2c106502559312c768634ff203ab19d74a77d1f,train/images/04dc922fb27f_frame_000037.jpg,train/labels/04dc922fb27f_frame_000037.txt,04dc922fb27f,37,18.5,train,labeled,48,0:5;1:11;2:32,bbox:48,
097dc807dc811130e12b30cde4114edf0e059d4cf55c6aa844253e3a45301ec0,train/images/04dc922fb27f_frame_000038.jpg,train/labels/04dc922fb27f_frame_000038.txt,04dc922fb27f,38,19.0,train,labeled,49,0:3;1:14;2:32,bbox:49,
fb0017610b51a3b168f824c7d5936f419ab6f612092b76c5779af8158365916c,train/images/04dc922fb27f_frame_000039.jpg,train/labels/04dc922fb27f_frame_000039.txt,04dc922fb27f,39,19.5,train,labeled,53,0:3;1:14;2:36,bbox:53,
5f7cf1a8f3be92390f6769c31063fa4a00cd47bbd8abc03f208f59e75b50fc7e,train/images/04dc922fb27f_frame_000040.jpg,train/labels/04dc922fb27f_frame_000040.txt,04dc922fb27f,40,20.0,train,labeled,54,0:4;1:12;2:38,bbox:54,
70fe5e24fca164578a0a93ad373dfa4288294c8a308c2384a6445ba0b2e4c4c2,train/images/04dc922fb27f_frame_000041.jpg,train/labels/04dc922fb27f_frame_000041.txt,04dc922fb27f,41,20.5,train,labeled,49,0:3;1:13;2:33,bbox:49,
1a107fdd707a6d4e3e920fb36c585935d7660892d62e2c88c747c95ca3d8589f,train/images/04dc922fb27f_frame_000042.jpg,train/labels/04dc922fb27f_frame_000042.txt,04dc922fb27f,42,21.0,train,labeled,54,0:3;1:12;2:39,bbox:54,
34ac2fdf76f131f421f6ca85c523258dcc74d7703bd940216ddcd1f7171b1b7e,train/images/04dc922fb27f_frame_000043.jpg,train/labels/04dc922fb27f_frame_000043.txt,04dc922fb27f,43,21.5,train,labeled,55,0:3;1:10;2:42,bbox:55,
d552c7980d91623cb71151532b0d9def13a7d617b9163c6340185b37d4802acd,train/images/04dc922fb27f_frame_000044.jpg,train/labels/04dc922fb27f_frame_000044.txt,04dc922fb27f,44,22.0,train,labeled,54,0:3;1:12;2:39,bbox:54,
f62373a225651f8cff8bcc40069dbd44c926d77c478d89d7e521f8fb9d021b05,train/images/04dc922fb27f_frame_000045.jpg,train/labels/04dc922fb27f_frame_000045.txt,04dc922fb27f,45,22.5,train,labeled,56,0:4;1:9;2:43,bbox:56,
d1cc5bbdce9f31fa6719e354cc5d5f265e268ece3fd208c4f5b213a65417033e,train/images/04dc922fb27f_frame_000046.jpg,train/labels/04dc922fb27f_frame_000046.txt,04dc922fb27f,46,23.0,train,labeled,51,0:3;1:9;2:37;3:2,bbox:51,
9c758a95cfdb56c4828c0f21c85b8a0d302e382af7bdb1b9e7ead9aabb885148,train/images/04dc922fb27f_frame_000047.jpg,train/labels/04dc922fb27f_frame_000047.txt,04dc922fb27f,47,23.5,train,labeled,53,0:4;1:7;2:41;3:1,bbox:53,
7c76fd970d1fd57d0bbeaa9bbae95faef665225c75ddad0ac08a003f0a701ec6,train/images/04dc922fb27f_frame_000048.jpg,train/labels/04dc922fb27f_frame_000048.txt,04dc922fb27f,48,24.0,train,labeled,56,0:5;1:8;2:43,bbox:56,
e5de0ee2798b25bccd0dd0a86f0fb933e8c66e3ca3e4d7d6c9e9d743b7441c7a,train/images/04dc922fb27f_frame_000049.jpg,train/labels/04dc922fb27f_frame_000049.txt,04dc922fb27f,49,24.5,train,labeled,60,0:4;1:10;2:44;3:2,bbox:60,
0ce7359d6ac198ff4c4fe9b59cf4f432e51b3ae31a297c94be15bd81fc3f3892,train/images/04dc922fb27f_frame_000050.jpg,train/labels/04dc922fb27f_frame_000050.txt,04dc922fb27f,50,25.0,train,labeled,59,0:3;1:8;2:45;3:2;4:1,bbox:59,
36c17e10c2e84281e4080e9b1673e19dec1809f83681bbc3a3189ae73497edd5,train/images/04dc922fb27f_frame_000051.jpg,train/labels/04dc922fb27f_frame_000051.txt,04dc922fb27f,51,25.5,train,labeled,53,0:3;1:7;2:40;3:2;4:1,bbox:53,
dddb55efa1a625e1ec2fdaf5cfead02e2a225ed021766ee962833baa0f6c70ca,train/images/04dc922fb27f_frame_000052.jpg,train/labels/04dc922fb27f_frame_000052.txt,04dc922fb27f,52,26.0,train,labeled,53,0:3;1:8;2:39;3:2;4:1,bbox:53,
315c13cb6a7bcf2089d905e0090a0c39d949b436ff18ee21af193e5642a7138e,train/images/04dc922fb27f_frame_000053.jpg,train/labels/04dc922fb27f_frame_000053.txt,04dc922fb27f,53,26.5,train,labeled,53,0:2;1:5;2:44;3:1;4:1,bbox:53,
6ac986cffe8e439c2b2f2abfe31b5c4f163ffeb7b0a5830bf63781939acdcab2,train/images/04dc922fb27f_frame_000054.jpg,train/labels/04dc922fb27f_frame_000054.txt,04dc922fb27f,54,27.0,train,labeled,55,0:2;1:10;2:42;4:1,bbox:55,
2a1ef382ef7a5df0db0a26e820040be144eaaa20ff1dd3aa6a13ce4fd2ca3d75,train/images/04dc922fb27f_frame_000055.jpg,train/labels/04dc922fb27f_frame_000055.txt,04dc922fb27f,55,27.5,train,labeled,55,0:2;1:9;2:42;3:1;4:1,bbox:55,
bd6865f30691dca5f5c91b75dd0e841c8bae9ce21bf1c2b47b2ae04537078391,train/images/04dc922fb27f_frame_000056.jpg,train/labels/04dc922fb27f_frame_000056.txt,04dc922fb27f,56,28.0,train,labeled,65,0:3;1:9;2:52;4:1,bbox:65,
02c60f28008259ba2114d468ba664e6262622280109e621886dee188a7522d56,train/images/04dc922fb27f_frame_000057.jpg,train/labels/04dc922fb27f_frame_000057.txt,04dc922fb27f,57,28.5,train,labeled,63,0:3;1:8;2:48;3:3;4:1,bbox:63,
52b25cda6d4e442e7080c39bc59921c75dbb52514560c6333a099d05e29fa83d,train/images/04dc922fb27f_frame_000058.jpg,train/labels/04dc922fb27f_frame_000058.txt,04dc922fb27f,58,29.0,train,labeled,66,0:3;1:9;2:48;3:5;4:1,bbox:66,
0e3050d0368b3277904d2b3b3f265b7f17c619c14ce30fd27cb340da3f79dbec,train/images/04dc922fb27f_frame_000059.jpg,train/labels/04dc922fb27f_frame_000059.txt,04dc922fb27f,59,29.5,train,labeled,68,0:3;1:9;2:52;3:3;4:1,bbox:68,
18a8f5f45d8df5a801ae0199c4d31cce99531907c42f4a183de61151cf22de41,train/images/04dc922fb27f_frame_000060.jpg,train/labels/04dc922fb27f_frame_000060.txt,04dc922fb27f,60,30.0,train,labeled,65,0:3;1:8;2:52;3:1;4:1,bbox:65,
cf5fdc0ae170ea25068b4ebe10789c517208714d8d28620e9ae5dc7caf271386,train/images/04dc922fb27f_frame_000061.jpg,train/labels/04dc922fb27f_frame_000061.txt,04dc922fb27f,61,30.5,train,labeled,65,0:3;1:9;2:51;3:1;4:1,bbox:65,
044d9c7e39960e1390fcab466fedd9cf35854ebe0f9c44b402edc60b0b5f5747,train/images/04dc922fb27f_frame_000062.jpg,train/labels/04dc922fb27f_frame_000062.txt,04dc922fb27f,62,31.0,train,labeled,67,0:2;1:10;2:54;3:1,bbox:67,
aa39783ce6ee22bec4e5e0e5a6e259152f5c8841fe68ece0c950374ca91b87a8,train/images/04dc922fb27f_frame_000063.jpg,train/labels/04dc922fb27f_frame_000063.txt,04dc922fb27f,63,31.5,train,labeled,66,0:2;1:10;2:53;3:1,bbox:66,
f79b67395aab1bdb0b4bc4842f302d593ed6dba82550dc16f75b13949243dc35,train/images/04dc922fb27f_frame_000064.jpg,train/labels/04dc922fb27f_frame_000064.txt,04dc922fb27f,64,32.0,train,labeled,64,0:2;1:7;2:52;3:2;4:1,bbox:64,
4f576920094d76b1b519f6bdc0a009aae91cfaaafa0385a3d9c5681eee378e50,train/images/04dc922fb27f_frame_000065.jpg,train/labels/04dc922fb27f_frame_000065.txt,04dc922fb27f,65,32.5,train,labeled,56,0:2;1:7;2:47,bbox:56,
72dfb033c1e525d250b2218db150075d871506220ad5f3bf61ab87bdbc102102,train/images/04dc922fb27f_frame_000066.jpg,train/labels/04dc922fb27f_frame_000066.txt,04dc922fb27f,66,33.0,train,labeled,51,0:4;1:6;2:39;3:2,bbox:51,
47ba0002b02036dae88f07d9adfcf94c9bf56d10abae7bf0dd12c671510399aa,train/images/04dc922fb27f_frame_000067.jpg,train/labels/04dc922fb27f_frame_000067.txt,04dc922fb27f,67,33.5,train,labeled,57,0:4;1:9;2:41;3:3,bbox:57,
f62ff3c5377b0045fb05eec9ffdb9cc468fee839ca6a0cf69a4c73805d695320,train/images/04dc922fb27f_frame_000068.jpg,train/labels/04dc922fb27f_frame_000068.txt,04dc922fb27f,68,34.0,train,labeled,62,0:4;1:10;2:45;3:3,bbox:62,
b72bf8ec5760998ff9c019fe2357b5acab3d9d7fedde0facaf4d54b4f0311377,train/images/04dc922fb27f_frame_000069.jpg,train/labels/04dc922fb27f_frame_000069.txt,04dc922fb27f,69,34.5,train,labeled,64,0:2;1:9;2:49;3:4,bbox:64,
ad1c619c8a43a3f4d7e8f46b3898dfeebd830135c79a5850d4b4fa7c4d5ac9cc,train/images/04dc922fb27f_frame_000070.jpg,train/labels/04dc922fb27f_frame_000070.txt,04dc922fb27f,70,35.0,train,labeled,63,0:4;1:11;2:44;3:4,bbox:63,
195e2915bf35b1671fb6d5a21ac16db10a68bd74d6de1ea859834d89cf70387e,train/images/04dc922fb27f_frame_000071.jpg,train/labels/04dc922fb27f_frame_000071.txt,04dc922fb27f,71,35.5,train,labeled,59,0:3;1:12;2:40;3:4,bbox:59,
1119d5cc7576d33b100d28faf9e67722c00a9f0b2babb22ece464be7abf056c4,train/images/04dc922fb27f_frame_000072.jpg,train/labels/04dc922fb27f_frame_000072.txt,04dc922fb27f,72,36.0,train,labeled,68,0:2;1:11;2:51;3:4,bbox:68,
1f8f2eab476546b1830461d1283fbf1e345d9ee62506f00c7567793dc44ff786,train/images/04dc922fb27f_frame_000073.jpg,train/labels/04dc922fb27f_frame_000073.txt,04dc922fb27f,73,36.5,train,labeled,66,0:2;1:10;2:50;3:4,bbox:66,
495d1b9edf2f3c0d69aed16de6a3717282e1a689515efba58e49a5fc267be86a,train/images/04dc922fb27f_frame_000074.jpg,train/labels/04dc922fb27f_frame_000074.txt,04dc922fb27f,74,37.0,train,labeled,70,0:2;1:11;2:56;3:1,bbox:70,
15fee47670d08f09d1572848c151d7fa2e11aa90c733068a448d269a8d793bdb,train/images/04dc922fb27f_frame_000075.jpg,train/labels/04dc922fb27f_frame_000075.txt,04dc922fb27f,75,37.5,train,labeled,67,0:2;1:11;2:51;3:3,bbox:67,
1bb51fb98736ff056e01afb7caed310c8af23cc74296e11a0c9bdbfd64caae77,train/images/04dc922fb27f_frame_000076.jpg,train/labels/04dc922fb27f_frame_000076.txt,04dc922fb27f,76,38.0,train,labeled,70,0:2;1:12;2:51;3:5,bbox:70,
70b5cdb06238a5c9ef2a6108234fce7ec423696c087f5ece0eb83ef0e997d043,train/images/04dc922fb27f_frame_000077.jpg,train/labels/04dc922fb27f_frame_000077.txt,04dc922fb27f,77,38.5,train,labeled,68,0:3;1:8;2:52;3:5,bbox:68,
2c08272406d7beeb8430e2b6081d48c57f4e82e9b2c61d50becadb74b63cb616,train/images/04dc922fb27f_frame_000078.jpg,train/labels/04dc922fb27f_frame_000078.txt,04dc922fb27f,78,39.0,train,labeled,73,0:3;1:8;2:59;3:3,bbox:73,
67e08ed4637e4cd72a94a990b20e96699562641b30a6f2638da369086af6c80c,train/images/04dc922fb27f_frame_000079.jpg,train/labels/04dc922fb27f_frame_000079.txt,04dc922fb27f,79,39.5,train,labeled,67,0:1;1:9;2:54;3:3,bbox:67,
5eccb4569c4cd06f4af62eadceb6c7123d1fc82396fb7839d4a9014fa4ea67c2,train/images/04dc922fb27f_frame_000080.jpg,train/labels/04dc922fb27f_frame_000080.txt,04dc922fb27f,80,40.0,train,labeled,74,0:1;1:10;2:56;3:7,bbox:74,
e6d2117363ba3c6d1fc7e8cedf3685099cbd4a34b22acf11e1c1554d40101181,train/images/04dc922fb27f_frame_000081.jpg,train/labels/04dc922fb27f_frame_000081.txt,04dc922fb27f,81,40.5,train,labeled,68,0:1;1:11;2:53;3:3,bbox:68,
903067c69c56cb5bbcc20d5ba7c7778625143b2c11995a6900c0edf54bc6f0f1,train/images/04dc922fb27f_frame_000082.jpg,train/labels/04dc922fb27f_frame_000082.txt,04dc922fb27f,82,41.0,train,labeled,70,0:2;1:11;2:56;3:1,bbox:70,
b33d9b2dd4f8aae4c189410cd8fe30768b9b5607869eb9d1983a764db859c95d,train/images/04dc922fb27f_frame_000083.jpg,train/labels/04dc922fb27f_frame_000083.txt,04dc922fb27f,83,41.5,train,labeled,74,0:1;1:10;2:61;3:2,bbox:74,
2e8e0b5865153701453c934270ee5780d29294a90b5a2f7f631754c2836d9f53,train/images/04dc922fb27f_frame_000084.jpg,train/labels/04dc922fb27f_frame_000084.txt,04dc922fb27f,84,42.0,train,labeled,71,0:1;1:9;2:59;3:2,bbox:71,
27a9df12f505daa57f65db0a4f6fb0a2b2baa754a896e383b1e48c0b1e0aa290,train/images/04dc922fb27f_frame_000085.jpg,train/labels/04dc922fb27f_frame_000085.txt,04dc922fb27f,85,42.5,train,labeled,66,0:1;1:10;2:55,bbox:66,
d053256d8d98a3bfc50b1ed25edb585532c96ed3be294db3d54485343d8ebfb4,train/images/04dc922fb27f_frame_000086.jpg,train/labels/04dc922fb27f_frame_000086.txt,04dc922fb27f,86,43.0,train,labeled,71,0:1;1:9;2:60;3:1,bbox:71,
69735c43ad79c379477575c8f6da6a2fb282b7583abe4f4d48489017c71cbcdb,train/images/04dc922fb27f_frame_000087.jpg,train/labels/04dc922fb27f_frame_000087.txt,04dc922fb27f,87,43.5,train,labeled,71,0:1;1:10;2:55;3:5,bbox:71,
e9fd0d1d2f797859ac4edc780694417f0be9ad85a8f25bb4b2b02d983d19750b,train/images/04dc922fb27f_frame_000088.jpg,train/labels/04dc922fb27f_frame_000088.txt,04dc922fb27f,88,44.0,train,labeled,72,0:4;1:9;2:58;3:1,bbox:72,
16796dbcc965b1c5ef6eb513498d7227d4b082a08c2d8034cba90e1ca05bec3e,train/images/04dc922fb27f_frame_000089.jpg,train/labels/04dc922fb27f_frame_000089.txt,04dc922fb27f,89,44.5,train,labeled,68,0:5;1:10;2:50;3:3,bbox:68,
4ced5a0a4229f3bcacaf8940541886a8a6a9c6c1de3ee7f33e541123810ff25c,train/images/04dc922fb27f_frame_000090.jpg,train/labels/04dc922fb27f_frame_000090.txt,04dc922fb27f,90,45.0,train,labeled,72,0:4;1:10;2:55;3:3,bbox:72,
b9e34050b4b59856b088d77bf1cc358a914e0913f655a67ba2fb284b2c6bbeef,train/images/04dc922fb27f_frame_000091.jpg,train/labels/04dc922fb27f_frame_000091.txt,04dc922fb27f,91,45.5,train,labeled,75,0:5;1:10;2:59;3:1,bbox:75,
35c2efe3ba675df79ade45796a59dfae4de18f974c1318739b878ac42c257052,train/images/04dc922fb27f_frame_000092.jpg,train/labels/04dc922fb27f_frame_000092.txt,04dc922fb27f,92,46.0,train,labeled,78,0:4;1:11;2:62;3:1,bbox:78,
d225b60d1cbee43acca01d80b9f9f21de9b1c281151b3e8b78744950d0b37b26,train/images/04dc922fb27f_frame_000093.jpg,train/labels/04dc922fb27f_frame_000093.txt,04dc922fb27f,93,46.5,train,labeled,77,0:2;1:13;2:60;3:2,bbox:77,
b2851372861e9c621adfd49d36ba7eb450887bef02a685e47818da77d20f1abe,train/images/04dc922fb27f_frame_000094.jpg,train/labels/04dc922fb27f_frame_000094.txt,04dc922fb27f,94,47.0,train,labeled,79,0:2;1:12;2:63;3:2,bbox:79,
fb3afec52b6e3652c2144b9c6e93d8ae7f1e5ad3907f7f9a1b48f0adc62d8529,train/images/04dc922fb27f_frame_000095.jpg,train/labels/04dc922fb27f_frame_000095.txt,04dc922fb27f,95,47.5,train,labeled,74,0:2;1:11;2:61,bbox:74,
d1423d96f88683a98c19e823a1143ad2d72915c273a9fe80a1649127d807bd3c,train/images/04dc922fb27f_frame_000096.jpg,train/labels/04dc922fb27f_frame_000096.txt,04dc922fb27f,96,48.0,train,labeled,79,0:2;1:13;2:61;3:3,bbox:79,
48edaaeeaaf3167ab570c2e99f4ac55c69a4a01601496f17d7007c448534a70c,train/images/04dc922fb27f_frame_000097.jpg,train/labels/04dc922fb27f_frame_000097.txt,04dc922fb27f,97,48.5,train,labeled,73,0:2;1:13;2:55;3:3,bbox:73,
fc3d53ea86b4ea80f24b3f402c4b2d802ab9bfccf24ffb29580441b2b85535ed,train/images/04dc922fb27f_frame_000098.jpg,train/labels/04dc922fb27f_frame_000098.txt,04dc922fb27f,98,49.0,train,labeled,73,0:3;1:13;2:57,bbox:73,
802b54b2a4a93ecb4ec9a668e7061bea11c2985d9119dd750eca20e370245264,train/images/04dc922fb27f_frame_000099.jpg,train/labels/04dc922fb27f_frame_000099.txt,04dc922fb27f,99,49.5,train,labeled,73,0:2;1:14;2:55;3:2,bbox:73,
2c0049b8624b21d00c818703d35a8c0189f4222d19869dd28ce66145694c045d,train/images/04dc922fb27f_frame_000100.jpg,train/labels/04dc922fb27f_frame_000100.txt,04dc922fb27f,100,50.0,train,labeled,75,0:3;1:13;2:59,bbox:75,
12f7cf2b139be3c5fee716ce88957afa6af2459b7d2717c369a869d0e466aced,train/images/04dc922fb27f_frame_000101.jpg,train/labels/04dc922fb27f_frame_000101.txt,04dc922fb27f,101,50.5,train,labeled,78,0:3;1:13;2:62,bbox:78,
79d463990309f3b8957f26dc6ad70cc985cff3db5419becf9f535f7b610ca61f,train/images/04dc922fb27f_frame_000102.jpg,train/labels/04dc922fb27f_frame_000102.txt,04dc922fb27f,102,51.0,train,labeled,79,0:3;1:13;2:63,bbox:79,
77d08ef3dba37efdab233f06492e2e4d773da6d8addf585725c4483769e21fa6,train/images/04dc922fb27f_frame_000103.jpg,train/labels/04dc922fb27f_frame_000103.txt,04dc922fb27f,103,51.5,train,labeled,66,0:2;1:13;2:51,bbox:66,
a4fcc091db49e59c6f4be087b09e05c35936dad852ad75c46ab40e6eecea483e,train/images/04dc922fb27f_frame_000104.jpg,train/labels/04dc922fb27f_frame_000104.txt,04dc922fb27f,104,52.0,train,labeled,69,0:2;1:11;2:55;3:1,bbox:69,
2fc1d4e24969438cc0f36f5a7f368a0fcf511c5f74f1394943de561c5c1b035d,train/images/04dc922fb27f_frame_000105.jpg,train/labels/04dc922fb27f_frame_000105.txt,04dc922fb27f,105,52.5,train,labeled,64,0:2;1:11;2:51,bbox:64,
d616e3bac4cf2ff317a3d0ce8ba99fd1d219848962b8100dafc4c5ee77d0a3ad,train/images/04dc922fb27f_frame_000106.jpg,train/labels/04dc922fb27f_frame_000106.txt,04dc922fb27f,106,53.0,train,labeled,69,0:2;1:13;2:54,bbox:69,
32df6741be4f9dca640b74f0863c4d0d525a955f8d8fe7dba658317547d2f421,train/images/04dc922fb27f_frame_000107.jpg,train/labels/04dc922fb27f_frame_000107.txt,04dc922fb27f,107,53.5,train,labeled,67,0:3;1:14;2:50,bbox:67,
d60aafd91f0e4ffc221830382a115d34ef3d18a3684b075235bd6b9ed1122450,train/images/04dc922fb27f_frame_000108.jpg,train/labels/04dc922fb27f_frame_000108.txt,04dc922fb27f,108,54.0,train,labeled,67,0:3;1:15;2:49,bbox:67,
5f2d8cd911ad16e6555fec4496259c279755249c2f07558cd27ec4da3dbadb02,train/images/04dc922fb27f_frame_000109.jpg,train/labels/04dc922fb27f_frame_000109.txt,04dc922fb27f,109,54.5,train,labeled,61,0:3;1:13;2:45,bbox:61,
d86aeda9c69590d5f0dec7ffcfcad91bb4570d453d6e40bfe4f2ce2fcfb455ca,train/images/04dc922fb27f_frame_000110.jpg,train/labels/04dc922fb27f_frame_000110.txt,04dc922fb27f,110,55.0,train,labeled,67,0:2;1:11;2:53;3:1,bbox:67,
dcc8bb5259bc0c1d0e14b46f888e066333c98d60a94de49e92e042e75f82b6ec,train/images/04dc922fb27f_frame_000111.jpg,train/labels/04dc922fb27f_frame_000111.txt,04dc922fb27f,111,55.5,train,labeled,60,0:3;1:10;2:47,bbox:60,
ecf2b76261e97b42f684ca311703f645e694425d6df2873993555f536b4ee574,train/images/04dc922fb27f_frame_000112.jpg,train/labels/04dc922fb27f_frame_000112.txt,04dc922fb27f,112,56.0,train,labeled,60,0:2;1:8;2:50,bbox:60,
6bb06b25b9841b2bb20725d0039d34b747852e372c7bc8cbdc30b3fda3fdabc3,train/images/04dc922fb27f_frame_000113.jpg,train/labels/04dc922fb27f_frame_000113.txt,04dc922fb27f,113,56.5,train,labeled,57,0:2;1:10;2:45,bbox:57,
8ecdfd84b855f58550c5115dbb6278e56a9b39a6a1f3140929ccfaaf0ae25436,train/images/04dc922fb27f_frame_000114.jpg,train/labels/04dc922fb27f_frame_000114.txt,04dc922fb27f,114,57.0,train,labeled,63,0:3;1:12;2:48,bbox:63,
fc8cc5ce81dfcf649a81a7fdc2f009486d30b583aa0f1c325ec453f30510e2eb,train/images/04dc922fb27f_frame_000115.jpg,train/labels/04dc922fb27f_frame_000115.txt,04dc922fb27f,115,57.5,train,labeled,60,0:3;1:9;2:47;3:1,bbox:60,
33429d99f69e93ff11fc77b3a9fd5cf5282e1fbaa8364ae85bfa6bef8f4ff67c,train/images/04dc922fb27f_frame_000116.jpg,train/labels/04dc922fb27f_frame_000116.txt,04dc922fb27f,116,58.0,train,labeled,57,0:2;1:10;2:45,bbox:57,
e3c5d18a7ac21ce37f3f916239d52d3188dfa2344d32ed05674a3d0e658a54b2,train/images/04dc922fb27f_frame_000117.jpg,train/labels/04dc922fb27f_frame_000117.txt,04dc922fb27f,117,58.5,train,labeled,57,0:2;1:13;2:42,bbox:57,
20896ba60c4d202bc5af50e915cf41a5d9dc5d27dea26fb575fbd5c32ed06d70,train/images/04dc922fb27f_frame_000118.jpg,train/labels/04dc922fb27f_frame_000118.txt,04dc922fb27f,118,59.0,train,labeled,58,0:2;1:14;2:41;3:1,bbox:58,
87e28ba40b5348712e710afee840389c3460b3c508e11e974737931292d56459,train/images/04dc922fb27f_frame_000119.jpg,train/labels/04dc922fb27f_frame_000119.txt,04dc922fb27f,119,59.5,train,labeled,57,0:2;1:14;2:41,bbox:57,
1836b3af34932cbbe632ef7413d39146dae59563cf58c7e6e9a0e9a5cf2f278d,train/images/04dc922fb27f_frame_000120.jpg,train/labels/04dc922fb27f_frame_000120.txt,04dc922fb27f,120,60.0,train,labeled,53,0:2;1:14;2:36;3:1,bbox:53,
ddf6782712506f36f2db2b0ceaccd8f487dcf4726ba00ef3d7bf03999262078e,train/images/04dc922fb27f_frame_000121.jpg,train/labels/04dc922fb27f_frame_000121.txt,04dc922fb27f,121,60.5,train,labeled,51,0:2;1:17;2:31;3:1,bbox:51,
2ae8b9e224de6c8a72a8d949ca91f3d80817b2c8cef284c0f4276f0a7316c5d1,train/images/04dc922fb27f_frame_000122.jpg,train/labels/04dc922fb27f_frame_000122.txt,04dc922fb27f,122,61.0,train,labeled,55,0:2;1:18;2:35,bbox:55,
8434c09d87fd19fe7cf62e51abd151cfb8587983314467b71d09302fc6c1fa4a,train/images/04dc922fb27f_frame_000123.jpg,train/labels/04dc922fb27f_frame_000123.txt,04dc922fb27f,123,61.5,train,labeled,49,0:3;1:17;2:29,bbox:49,
0bdaf0686be362fca0cf48c43c3e3cf238a6ba55cdec775a59e7e08b7d86516b,train/images/04dc922fb27f_frame_000124.jpg,train/labels/04dc922fb27f_frame_000124.txt,04dc922fb27f,124,62.0,train,labeled,58,0:3;1:19;2:36,bbox:58,
b43d954082ea87f6f3d0d3892743e309aa573da4934fe7c0a6cd2c972e0b37f5,train/images/04dc922fb27f_frame_000125.jpg,train/labels/04dc922fb27f_frame_000125.txt,04dc922fb27f,125,62.5,train,labeled,56,0:2;1:16;2:38,bbox:56,
564d42fbfc400ebd0c631df681c1297fab46f504fef17753ea2e4010f8c87945,train/images/04dc922fb27f_frame_000126.jpg,train/labels/04dc922fb27f_frame_000126.txt,04dc922fb27f,126,63.0,train,labeled,53,0:2;1:19;2:31;3:1,bbox:53,
f7db18a804e356b9ecae44419cdc2d4a651aca568f0f95354edca16b5fb3d3d2,train/images/04dc922fb27f_frame_000127.jpg,train/labels/04dc922fb27f_frame_000127.txt,04dc922fb27f,127,63.5,train,labeled,50,0:3;1:18;2:27;3:2,bbox:50,
284a0274433188314ef93b8782cecb629dceb418fa4d915b3a0981618ed1eea3,train/images/04dc922fb27f_frame_000128.jpg,train/labels/04dc922fb27f_frame_000128.txt,04dc922fb27f,128,64.0,train,labeled,55,0:2;1:21;2:31;3:1,bbox:55,
d82b5dbb461c61549b2090e3a7f499a7f53cfd8adf0352ba82e847ca047bd3e8,train/images/04dc922fb27f_frame_000129.jpg,train/labels/04dc922fb27f_frame_000129.txt,04dc922fb27f,129,64.5,train,labeled,51,0:4;1:19;2:25;3:3,bbox:51,
309b0cd7026270ae68ba995c390064e7f5a87f49c762f992bee0ae58d65f1771,train/images/04dc922fb27f_frame_000130.jpg,train/labels/04dc922fb27f_frame_000130.txt,04dc922fb27f,130,65.0,train,labeled,46,0:3;1:18;2:25,bbox:46,
7961f5a4461305de404e6aa55a65f8560e22640c90319fde6773592948d77d5e,train/images/04dc922fb27f_frame_000131.jpg,train/labels/04dc922fb27f_frame_000131.txt,04dc922fb27f,131,65.5,train,labeled,49,0:3;1:16;2:29;3:1,bbox:49,
bc7946b650a3ea373968b34f69e620cb4859d9a291249d65d02a99282ec145ec,train/images/04dc922fb27f_frame_000132.jpg,train/labels/04dc922fb27f_frame_000132.txt,04dc922fb27f,132,66.0,train,labeled,47,0:3;1:19;2:25,bbox:47,
9c1a378fff0b3e3467dad0b800404f1a8a5b9cdc8c072962fd1e3973db6c9316,train/images/04dc922fb27f_frame_000133.jpg,train/labels/04dc922fb27f_frame_000133.txt,04dc922fb27f,133,66.5,train,labeled,42,0:3;1:14;2:25,bbox:42,
488048aba7be2abe15deaa307783331da713de62a3198fe3090743d1c6ae5b25,train/images/04dc922fb27f_frame_000134.jpg,train/labels/04dc922fb27f_frame_000134.txt,04dc922fb27f,134,67.0,train,labeled,41,0:3;1:11;2:27,bbox:41,
8f2dcb030aa83aa5ceef2901dff60087b1a2c9113c5795dc4d308810c8071dc8,train/images/04dc922fb27f_frame_000135.jpg,train/labels/04dc922fb27f_frame_000135.txt,04dc922fb27f,135,67.5,train,labeled,40,0:3;1:10;2:27,bbox:40,
6a2ba33b0fd5d1f61ce07eb356ce8e03186ec839dafa5edd9840c76b29739dab,train/images/04dc922fb27f_frame_000136.jpg,train/labels/04dc922fb27f_frame_000136.txt,04dc922fb27f,136,68.0,train,labeled,48,0:3;1:16;2:28;3:1,bbox:48,
e4805c45fcfe067b94774f51fb548e3ff19ca4d03b61015be78e4d65c6b54417,train/images/04dc922fb27f_frame_000137.jpg,train/labels/04dc922fb27f_frame_000137.txt,04dc922fb27f,137,68.5,train,labeled,53,0:3;1:14;2:35;3:1,bbox:53,
afbde97c6f45f84e6c876c4cbe1d1679e1a6dcd762468b5c6661ef99f46893ac,train/images/04dc922fb27f_frame_000138.jpg,train/labels/04dc922fb27f_frame_000138.txt,04dc922fb27f,138,69.0,train,labeled,53,0:3;1:13;2:35;3:2,bbox:53,
b46b79edaffff6676eb736f9aeb0973081431bb29f4d8f20819251faeb07ef3f,train/images/04dc922fb27f_frame_000139.jpg,train/labels/04dc922fb27f_frame_000139.txt,04dc922fb27f,139,69.5,train,labeled,51,0:3;1:13;2:34;3:1,bbox:51,
e6ccbe6f646b46b567aba154ab4b644bcaf8a27e37986229463c63b8e0ed0702,train/images/04dc922fb27f_frame_000140.jpg,train/labels/04dc922fb27f_frame_000140.txt,04dc922fb27f,140,70.0,train,labeled,54,0:3;1:14;2:34;3:3,bbox:54,
ed5295482a6b15152cb7d6800f76f087757d478195cd4a25faa8b80f9791d62f,train/images/04dc922fb27f_frame_000141.jpg,train/labels/04dc922fb27f_frame_000141.txt,04dc922fb27f,141,70.5,train,labeled,53,0:3;1:13;2:36;3:1,bbox:53,
809da9a92166a02f6ffa5209d7be58b045a069a9bfa6fb785150de187ccbc88d,train/images/04dc922fb27f_frame_000142.jpg,train/labels/04dc922fb27f_frame_000142.txt,04dc922fb27f,142,71.0,train,labeled,54,0:2;1:12;2:36;3:3;4:1,bbox:54,
0a89c5dc752d9930febddd9ce1dec6a8dbb583cf95790c19f57ca1193670fed7,train/images/04dc922fb27f_frame_000143.jpg,train/labels/04dc922fb27f_frame_000143.txt,04dc922fb27f,143,71.5,train,labeled,46,0:2;1:14;2:28;3:1;4:1,bbox:46,
d940958b52959e4206228547451dc278a369bb7465103e9d1723aa06a4adaa08,train/images/04dc922fb27f_frame_000144.jpg,train/labels/04dc922fb27f_frame_000144.txt,04dc922fb27f,144,72.0,train,labeled,53,0:2;1:17;2:32;3:1;4:1,bbox:53,
a028b2278e8b96e7ae6b7aad9d626444a506374078180d21116a76230ae84ab3,train/images/04dc922fb27f_frame_000145.jpg,train/labels/04dc922fb27f_frame_000145.txt,04dc922fb27f,145,72.5,train,labeled,46,0:2;1:14;2:29;3:1,bbox:46,
f58daa0867b8616e1b65ac3a6f89d4e54d6ec7a3c04cdd487c55039ab2311c62,train/images/04dc922fb27f_frame_000146.jpg,train/labels/04dc922fb27f_frame_000146.txt,04dc922fb27f,146,73.0,train,labeled,51,0:3;1:14;2:32;3:1;4:1,bbox:51,
dfe1facd3c87d969ebcbc76269f4c93924a8c445bf399e1d2e633af8c11200ee,train/images/04dc922fb27f_frame_000147.jpg,train/labels/04dc922fb27f_frame_000147.txt,04dc922fb27f,147,73.5,train,labeled,48,0:2;1:12;2:32;3:2,bbox:48,
52055c7d1d412a8fe529f95aa78998464a6e9be909e1d6834c493b1f350456cf,train/images/04dc922fb27f_frame_000148.jpg,train/labels/04dc922fb27f_frame_000148.txt,04dc922fb27f,148,74.0,train,labeled,48,0:2;1:13;2:32;3:1,bbox:48,
7911d9de1d81b6b4bbb131e923e79841778f3ab3285be93de989ca7b1c4317ef,train/images/04dc922fb27f_frame_000149.jpg,train/labels/04dc922fb27f_frame_000149.txt,04dc922fb27f,149,74.5,train,labeled,49,0:2;1:15;2:30;3:1;4:1,bbox:49,
4a14aad36f5789157449acab0b4aaec0df40901197ab1a8cb60cb3cb00e20679,train/images/04dc922fb27f_frame_000150.jpg,train/labels/04dc922fb27f_frame_000150.txt,04dc922fb27f,150,75.0,train,labeled,49,0:2;1:14;2:30;3:1;4:2,bbox:49,
fd29d57106831cc73c87b623be0fe1b5b481f599030ccc385323bf31c621b966,train/images/04dc922fb27f_frame_000151.jpg,train/labels/04dc922fb27f_frame_000151.txt,04dc922fb27f,151,75.5,train,labeled,44,0:2;1:13;2:27;3:2,bbox:44,
44991018d8cd273b5ac832cf566b2ab2c3fb2bbe5949c8fca5c44f91ed17fa25,train/images/04dc922fb27f_frame_000152.jpg,train/labels/04dc922fb27f_frame_000152.txt,04dc922fb27f,152,76.0,train,labeled,45,0:2;1:12;2:31,bbox:45,
1be8991b06c3942fd3f7569918963d727481e132c378d2b6cc4b63437d7ab12d,train/images/04dc922fb27f_frame_000153.jpg,train/labels/04dc922fb27f_frame_000153.txt,04dc922fb27f,153,76.5,train,labeled,47,0:2;1:16;2:28;3:1,bbox:47,
11d9f94fe2ed3cc0432a510c185b6e38d25948a336d01ab92ffb8fddd1db164d,train/images/04dc922fb27f_frame_000154.jpg,train/labels/04dc922fb27f_frame_000154.txt,04dc922fb27f,154,77.0,train,labeled,44,0:2;1:14;2:27;3:1,bbox:44,
28d6098df080db9cfd44a23058ef62aa729485e4f2390a2b694e705fa9cbd54a,train/images/04dc922fb27f_frame_000155.jpg,train/labels/04dc922fb27f_frame_000155.txt,04dc922fb27f,155,77.5,train,labeled,46,0:2;1:16;2:26;3:2,bbox:46,
5047868bd8c4225a127ed0f5e688053952a665ee43e057b5ae4cacaa20db9e9e,train/images/04dc922fb27f_frame_000156.jpg,train/labels/04dc922fb27f_frame_000156.txt,04dc922fb27f,156,78.0,train,labeled,44,0:2;1:14;2:28,bbox:44,
e5927e4cea1d50a34dc445a27ece6781b63aa30cc1aff703dbabb6be11a50000,train/images/04dc922fb27f_frame_000157.jpg,train/labels/04dc922fb27f_frame_000157.txt,04dc922fb27f,157,78.5,train,labeled,46,0:2;1:15;2:29,bbox:46,
0e42cbce3e12a23eb0257a72723828af3091873528060deffaba2d206eba5dbd,train/images/04dc922fb27f_frame_000158.jpg,train/labels/04dc922fb27f_frame_000158.txt,04dc922fb27f,158,79.0,train,labeled,42,0:2;1:14;2:26,bbox:42,
1f5b6201238afe5f48999eb552973b2a349829ed33f558fd4490a3899ad929af,train/images/04dc922fb27f_frame_000159.jpg,train/labels/04dc922fb27f_frame_000159.txt,04dc922fb27f,159,79.5,train,labeled,40,0:2;1:16;2:22,bbox:40,
98f543932c0b3b5aa5ba59c3aa4eaf78502b8ab23b2c0af33829d06d258e6a1e,train/images/04dc922fb27f_frame_000160.jpg,train/labels/04dc922fb27f_frame_000160.txt,04dc922fb27f,160,80.0,train,labeled,43,0:2;1:14;2:26;3:1,bbox:43,
44301d754846fe5938c78c5b02f50f3c884b954f67d11dbc86a182df377b99c0,train/images/04dc922fb27f_frame_000161.jpg,train/labels/04dc922fb27f_frame_000161.txt,04dc922fb27f,161,80.5,train,labeled,38,0:2;1:14;2:22,bbox:38,
7f757aa970741f6f3cfe664f5b36f6b3d4d67c7584784994154db18535695365,train/images/04dc922fb27f_frame_000162.jpg,train/labels/04dc922fb27f_frame_000162.txt,04dc922fb27f,162,81.0,train,labeled,49,0:2;1:16;2:29;3:2,bbox:49,
c724ac02c11d509867b4b5bff77dcf28d0fe174296ed8b68a50fc9cb8deabf84,train/images/04dc922fb27f_frame_000163.jpg,train/labels/04dc922fb27f_frame_000163.txt,04dc922fb27f,163,81.5,train,labeled,45,0:2;1:17;2:25;3:1,bbox:45,
784153da81896aa92890e2719e14b778cd0baf7402b57bf29fecb98d4034cf87,train/images/04dc922fb27f_frame_000164.jpg,train/labels/04dc922fb27f_frame_000164.txt,04dc922fb27f,164,82.0,train,labeled,45,0:2;1:14;2:27;3:2,bbox:45,
f824882da2d3fcb32df16379ce2c70eba24d238cd03b14658a2a138783ba800e,train/images/04dc922fb27f_frame_000165.jpg,train/labels/04dc922fb27f_frame_000165.txt,04dc922fb27f,165,82.5,train,labeled,48,0:2;1:17;2:28;3:1,bbox:48,
43ed6a89129fbbcd7f6f865de65e2b49ae4df4a48b1ce86621dbeffa8748de59,train/images/04dc922fb27f_frame_000166.jpg,train/labels/04dc922fb27f_frame_000166.txt,04dc922fb27f,166,83.0,train,labeled,47,0:2;1:15;2:29;3:1,bbox:47,
f2f116caa0f2814cd217a11012a6ea25dd7acc27b6341b9999e58b94b8650700,train/images/04dc922fb27f_frame_000167.jpg,train/labels/04dc922fb27f_frame_000167.txt,04dc922fb27f,167,83.5,train,labeled,45,0:2;1:14;2:27;3:2,bbox:45,
1065629da8076076643b029c55e00973a39fc7831c84eaf1139aa97de7755b2c,train/images/04dc922fb27f_frame_000168.jpg,train/labels/04dc922fb27f_frame_000168.txt,04dc922fb27f,168,84.0,train,labeled,48,0:2;1:15;2:30;3:1,bbox:48,
37fc4e50af6312adc33df6d1e6ae345086af6f3980cd3a58cde89f6d5f809ec7,train/images/04dc922fb27f_frame_000169.jpg,train/labels/04dc922fb27f_frame_000169.txt,04dc922fb27f,169,84.5,train,labeled,50,0:3;1:17;2:28;3:2,bbox:50,
6da6e1d938f0037532ef391980af6a6cbb19fec57a123ad96f5e5ffc2f8e8c31,train/images/04dc922fb27f_frame_000170.jpg,train/labels/04dc922fb27f_frame_000170.txt,04dc922fb27f,170,85.0,train,labeled,52,0:2;1:16;2:32;3:2,bbox:52,
e93d7b72d45a5ee1d6e39eb2d6421261c6de5d3b9b54884a1e07035d3dafb5d7,train/images/04dc922fb27f_frame_000171.jpg,train/labels/04dc922fb27f_frame_000171.txt,04dc922fb27f,171,85.5,train,labeled,55,0:2;1:17;2:35;3:1,bbox:55,
63e6d676286fabfd65a8a9fc1fb1b11d0408cbc17d97784d25e4612201807ee1,train/images/04dc922fb27f_frame_000172.jpg,train/labels/04dc922fb27f_frame_000172.txt,04dc922fb27f,172,86.0,train,labeled,54,0:2;1:15;2:33;3:4,bbox:54,
04bd6d0e92bc83a934da7df5d339154f73dc6d1f432d6730c87a9151034b810c,train/images/04dc922fb27f_frame_000173.jpg,train/labels/04dc922fb27f_frame_000173.txt,04dc922fb27f,173,86.5,train,labeled,55,0:2;1:16;2:36;3:1,bbox:55,
9725c455da4134e0b2ab09a63d8951e1efff22cd4d28ca60f5aeda63f96b8f64,train/images/04dc922fb27f_frame_000174.jpg,train/labels/04dc922fb27f_frame_000174.txt,04dc922fb27f,174,87.0,train,labeled,62,0:2;1:16;2:41;3:3,bbox:62,
ecd7b56c43e1d496996358c4cdaff3932171ea7a4063358624f148843df2db36,train/images/04dc922fb27f_frame_000175.jpg,train/labels/04dc922fb27f_frame_000175.txt,04dc922fb27f,175,87.5,train,labeled,54,0:3;1:14;2:35;3:2,bbox:54,
2e4eb70e2e3d29dd3d361a7bc83b76b2dbd357df73cc0439c3a66a37d1d8ba4a,train/images/04dc922fb27f_frame_000176.jpg,train/labels/04dc922fb27f_frame_000176.txt,04dc922fb27f,176,88.0,train,labeled,60,0:3;1:15;2:39;3:3,bbox:60,
cd499b0f3040f79641f6aee7d21e5ac6efaf3408a9d040862a68e8c848ac6577,train/images/04dc922fb27f_frame_000177.jpg,train/labels/04dc922fb27f_frame_000177.txt,04dc922fb27f,177,88.5,train,labeled,59,0:2;1:13;2:43;3:1,bbox:59,
34020f1d5cc48dce37fcd52117a07f4f034c52859fdbf7a8f1c8f19558fa73d9,train/images/04dc922fb27f_frame_000178.jpg,train/labels/04dc922fb27f_frame_000178.txt,04dc922fb27f,178,89.0,train,labeled,51,0:2;1:15;2:34,bbox:51,
90c8b092448d153417bfa1af0eee6712a5b100fe1fb8eb3ecd6b76a838630423,train/images/04dc922fb27f_frame_000179.jpg,train/labels/04dc922fb27f_frame_000179.txt,04dc922fb27f,179,89.5,train,labeled,47,0:2;1:14;2:31,bbox:47,
196a93c25e764cfe23ff42ef2fc0ca6878288a3a9b949931483808f2e820acee,train/images/04dc922fb27f_frame_000180.jpg,train/labels/04dc922fb27f_frame_000180.txt,04dc922fb27f,180,90.0,train,labeled,51,0:1;1:13;2:35;3:1;4:1,bbox:51,
26495e3d5b7bd67dd2c855e3e4095b15400c10bd288d57b2d1d1a9b370d821d4,train/images/04dc922fb27f_frame_000181.jpg,train/labels/04dc922fb27f_frame_000181.txt,04dc922fb27f,181,90.5,train,labeled,58,0:1;1:13;2:41;3:2;4:1,bbox:58,
9ab0dc197fe32cc238137ac1b12b38adc9e7e29f9e6bb7f915218d5613e266ed,train/images/04dc922fb27f_frame_000182.jpg,train/labels/04dc922fb27f_frame_000182.txt,04dc922fb27f,182,91.0,train,labeled,51,0:1;1:14;2:36,bbox:51,
3cca91b7bceed35de618e704b2773655d14b5c6fce011e6154801ec38dbad733,train/images/04dc922fb27f_frame_000183.jpg,train/labels/04dc922fb27f_frame_000183.txt,04dc922fb27f,183,91.5,train,labeled,47,0:1;1:14;2:30;3:2,bbox:47,
a2f880af24aec41d1358dca0990cb6e91e17ea0448272378b9c1981685352813,train/images/04dc922fb27f_frame_000184.jpg,train/labels/04dc922fb27f_frame_000184.txt,04dc922fb27f,184,92.0,train,labeled,42,0:1;1:14;2:23;3:3;4:1,bbox:42,
8fd029e51e0b9d3e9247907aa1aadc98e0c8f198a818b126abf6a611ad1bd7b4,train/images/04dc922fb27f_frame_000185.jpg,train/labels/04dc922fb27f_frame_000185.txt,04dc922fb27f,185,92.5,train,labeled,43,0:1;1:15;2:23;3:4,bbox:43,
56088e0a7040193991f889f8d9d6c67bb161c011e3d7b53d8efc116836c81b55,train/images/04dc922fb27f_frame_000186.jpg,train/labels/04dc922fb27f_frame_000186.txt,04dc922fb27f,186,93.0,train,labeled,47,0:1;1:16;2:23;3:7,bbox:47,
df3c6ca79c7165a4abf91f6315a0f79a0a94d7dc0969e660785ade2bb7b86b0f,train/images/04dc922fb27f_frame_000187.jpg,train/labels/04dc922fb27f_frame_000187.txt,04dc922fb27f,187,93.5,train,labeled,46,0:2;1:13;2:25;3:6,bbox:46,
77b906d54db159b9d1159fc68d68db5f4446cf04048d61af7d64401f917d28dd,train/images/04dc922fb27f_frame_000188.jpg,train/labels/04dc922fb27f_frame_000188.txt,04dc922fb27f,188,94.0,train,labeled,41,0:1;1:13;2:24;3:3,bbox:41,
6b0894b700132aa8443f1f0f2bae595bc40f2e89d833033ad7d96d5d0936bc07,train/images/04dc922fb27f_frame_000189.jpg,train/labels/04dc922fb27f_frame_000189.txt,04dc922fb27f,189,94.5,train,labeled,49,0:2;1:12;2:30;3:5,bbox:49,
4d88f5d1ee6ee0bf4a40c3b271debf71bb36a5483b8b8a4388d453c27aaadf45,train/images/04dc922fb27f_frame_000190.jpg,train/labels/04dc922fb27f_frame_000190.txt,04dc922fb27f,190,95.0,train,labeled,41,0:1;1:11;2:27;3:2,bbox:41,
f5c2597d77c2b4f1209ea6d2bcad876ac226cd940139559a6cb2cd642e2c6902,train/images/04dc922fb27f_frame_000191.jpg,train/labels/04dc922fb27f_frame_000191.txt,04dc922fb27f,191,95.5,train,labeled,45,0:2;1:10;2:31;3:2,bbox:45,
3b57e3780c91e11251de35fe95199aa1b8401d2e3f2c5033de03cfbc12d228f3,train/images/04dc922fb27f_frame_000192.jpg,train/labels/04dc922fb27f_frame_000192.txt,04dc922fb27f,192,96.0,train,labeled,45,0:1;1:11;2:30;3:3,bbox:45,
2e9d9d157d48cd6e51aa441eabb640cddd509278df27a7d71137726ca959dfad,train/images/04dc922fb27f_frame_000193.jpg,train/labels/04dc922fb27f_frame_000193.txt,04dc922fb27f,193,96.5,train,labeled,43,0:1;1:13;2:26;3:3,bbox:43,
14e4d820a33bae0ac2c205c11263a33ba52c04c6055cd2c6d197f88c9ccfc9cf,train/images/04dc922fb27f_frame_000194.jpg,train/labels/04dc922fb27f_frame_000194.txt,04dc922fb27f,194,97.0,train,labeled,48,0:1;1:13;2:31;3:3,bbox:48,
451448cf9533015e8f4baa43b773f2078dcc0ea236123178b7f195b454c303f8,train/images/04dc922fb27f_frame_000195.jpg,train/labels/04dc922fb27f_frame_000195.txt,04dc922fb27f,195,97.5,train,labeled,40,0:1;1:13;2:23;3:3,bbox:40,
05f5cb0e1c3a9a4477526a0e2f6c7792e6f097efd9f894a7d8d82af2872171fb,train/images/04dc922fb27f_frame_000196.jpg,train/labels/04dc922fb27f_frame_000196.txt,04dc922fb27f,196,98.0,train,labeled,41,0:1;1:12;2:24;3:4,bbox:41,
7d6a293dcfa304c565263f7235a03f2fc4994ceceaa8d6f6c08a3ec28f77883b,train/images/04dc922fb27f_frame_000197.jpg,train/labels/04dc922fb27f_frame_000197.txt,04dc922fb27f,197,98.5,train,labeled,41,0:1;1:12;2:21;3:6;4:1,bbox:41,
d5a577998d3b252ffcb07b7c6c6faadd6b1ff793bc82760c075621b0937fc6cd,train/images/04dc922fb27f_frame_000198.jpg,train/labels/04dc922fb27f_frame_000198.txt,04dc922fb27f,198,99.0,train,labeled,41,0:1;1:10;2:24;3:5;4:1,bbox:41,
cfd95468ab917b497ea67b84dfeae498df8702c01523530fb85fc073454a0ea7,train/images/04dc922fb27f_frame_000199.jpg,train/labels/04dc922fb27f_frame_000199.txt,04dc922fb27f,199,99.5,train,labeled,44,0:1;1:12;2:28;3:3,bbox:44,
a72b0a75a733be989c9425555a6c3a688728f0a02a32465a30e7ec2d6a293693,train/images/04dc922fb27f_frame_000200.jpg,train/labels/04dc922fb27f_frame_000200.txt,04dc922fb27f,200,100.0,train,labeled,44,0:1;1:11;2:29;3:3,bbox:44,
11c2230f813fb10aa94126adcc2809e3c5b22108603341eeb7c6d9da21fa40e5,train/images/04dc922fb27f_frame_000201.jpg,train/labels/04dc922fb27f_frame_000201.txt,04dc922fb27f,201,100.5,train,labeled,43,0:1;1:11;2:27;3:3;4:1,bbox:43,
6f1d2cba7b802bb34853adb4a03f3eb40ebfdee399e19741385f308d89122485,train/images/04dc922fb27f_frame_000202.jpg,train/labels/04dc922fb27f_frame_000202.txt,04dc922fb27f,202,101.0,train,labeled,51,1:13;2:33;3:5,bbox:51,
a6fe50272f534af87e57600f53ea40cbd5ffff1bcae4f505f2a90a672e62248c,train/images/04dc922fb27f_frame_000203.jpg,train/labels/04dc922fb27f_frame_000203.txt,04dc922fb27f,203,101.5,train,labeled,51,0:1;1:17;2:28;3:5,bbox:51,
7045701052f847211550bfd9636ad16d5b9a5f11311566deb1f33fa1575d8701,train/images/04dc922fb27f_frame_000204.jpg,train/labels/04dc922fb27f_frame_000204.txt,04dc922fb27f,204,102.0,train,labeled,57,0:1;1:16;2:32;3:5;4:3,bbox:57,
280475f762cc8dea7113b4c586e9911e1ce3ae8b26eeacebbdcfb51ce1912a1d,train/images/04dc922fb27f_frame_000205.jpg,train/labels/04dc922fb27f_frame_000205.txt,04dc922fb27f,205,102.5,train,labeled,50,1:16;2:28;3:4;4:2,bbox:50,
1b59b856a9b00c158f7bfe6a994548daa2915bcc5d5a7493bcf6a528036b92bc,train/images/04dc922fb27f_frame_000206.jpg,train/labels/04dc922fb27f_frame_000206.txt,04dc922fb27f,206,103.0,train,labeled,44,1:14;2:25;3:4;4:1,bbox:44,
909e2e332fafdce12831eca6ef50f26195b009ff600e2f7bfdd50c4cee62876a,train/images/04dc922fb27f_frame_000207.jpg,train/labels/04dc922fb27f_frame_000207.txt,04dc922fb27f,207,103.5,train,labeled,48,1:15;2:29;3:4,bbox:48,
8c612304524114c6c1c667903f5fab66a5098cd635e1668bf8a7f5a58ba368f1,train/images/04dc922fb27f_frame_000208.jpg,train/labels/04dc922fb27f_frame_000208.txt,04dc922fb27f,208,104.0,train,labeled,52,1:17;2:29;3:4;4:2,bbox:52,
b43bc4d39757b358719e4ccb42d380ef5304b54742b51aa982aac8ddd7f0f590,train/images/04dc922fb27f_frame_000209.jpg,train/labels/04dc922fb27f_frame_000209.txt,04dc922fb27f,209,104.5,train,labeled,54,1:17;2:32;3:3;4:2,bbox:54,
9cae895baea692698e12f55c48d57c57379fd9f90bd077c91c79999f435f09ec,train/images/04dc922fb27f_frame_000210.jpg,train/labels/04dc922fb27f_frame_000210.txt,04dc922fb27f,210,105.0,train,labeled,63,1:16;2:42;3:3;4:2,bbox:63,
b9db6e79c7fdd3e6584a736defc6c5fbbab112a1dd81e6eb06d8946d6610a5cf,train/images/04dc922fb27f_frame_000211.jpg,train/labels/04dc922fb27f_frame_000211.txt,04dc922fb27f,211,105.5,train,labeled,57,1:20;2:32;3:3;4:2,bbox:57,
4d2e9e8199b0b710a0625860a4b3b0839af1e10938259438d69cdc3366c5cc85,train/images/04dc922fb27f_frame_000212.jpg,train/labels/04dc922fb27f_frame_000212.txt,04dc922fb27f,212,106.0,train,labeled,59,1:16;2:40;3:3,bbox:59,
06f32cb85b6ec71541579cc260db3d79bd2970ca2efca52bde17ab12361b06ac,train/images/04dc922fb27f_frame_000213.jpg,train/labels/04dc922fb27f_frame_000213.txt,04dc922fb27f,213,106.5,train,labeled,63,1:14;2:46;3:3,bbox:63,
2ca67e86c0338c34909265a18786be4d60c9e15165ed27d89eea8fb22e071e5b,train/images/04dc922fb27f_frame_000214.jpg,train/labels/04dc922fb27f_frame_000214.txt,04dc922fb27f,214,107.0,train,labeled,60,1:12;2:44;3:3;4:1,bbox:60,
75dbf766f0ab38a99250cd5a89b997c943efd42bd2918566e855e3ca2cc9e262,train/images/04dc922fb27f_frame_000215.jpg,train/labels/04dc922fb27f_frame_000215.txt,04dc922fb27f,215,107.5,train,labeled,58,1:17;2:38;3:2;4:1,bbox:58,
8aca38b3350c6c8f1b50811903bca3a5939492040b1e4856cd497ebd7ed0a8dc,train/images/04dc922fb27f_frame_000216.jpg,train/labels/04dc922fb27f_frame_000216.txt,04dc922fb27f,216,108.0,train,labeled,65,1:14;2:49;3:2,bbox:65,
16f2e6ecaf5012743dacef9dbeddf06dc7835f3ff9c1e294cbb10c832dc94f90,train/images/04dc922fb27f_frame_000217.jpg,train/labels/04dc922fb27f_frame_000217.txt,04dc922fb27f,217,108.5,train,labeled,62,1:13;2:44;3:3;4:2,bbox:62,
b08fb3a02303635268e88b12c64c63c8e5b48bab4aea43ba14b6fa9a9f26fd16,train/images/04dc922fb27f_frame_000218.jpg,train/labels/04dc922fb27f_frame_000218.txt,04dc922fb27f,218,109.0,train,labeled,62,1:13;2:45;3:4,bbox:62,
9f2492b715e047c5523d044b1b6fea20d712c59005e8376a89b1e24a9f8d1309,train/images/04dc922fb27f_frame_000219.jpg,train/labels/04dc922fb27f_frame_000219.txt,04dc922fb27f,219,109.5,train,labeled,63,1:14;2:44;3:4;4:1,bbox:63,
4089ae526e57dadf5208fb622ba77ace5c3667519148242984253704c381bcb5,train/images/04dc922fb27f_frame_000220.jpg,train/labels/04dc922fb27f_frame_000220.txt,04dc922fb27f,220,110.0,train,labeled,59,1:11;2:43;3:3;4:2,bbox:59,
86f89e46a29e0bbeb274440ef009f41eec62a07805e4cabe233a9bb57a6bf53d,train/images/04dc922fb27f_frame_000221.jpg,train/labels/04dc922fb27f_frame_000221.txt,04dc922fb27f,221,110.5,train,labeled,59,1:14;2:41;3:2;4:2,bbox:59,
207b470f1704679440abb24a95157cbd8e5c75ada7014dbe424c0c974ce7c38f,train/images/04dc922fb27f_frame_000222.jpg,train/labels/04dc922fb27f_frame_000222.txt,04dc922fb27f,222,111.0,train,labeled,67,1:14;2:50;3:2;4:1,bbox:67,
082311d0f550606901cd80428d8f20c05481405721a9b9f6b8899092f740ca76,train/images/04dc922fb27f_frame_000223.jpg,train/labels/04dc922fb27f_frame_000223.txt,04dc922fb27f,223,111.5,train,labeled,69,1:15;2:50;3:2;4:2,bbox:69,
0f1042f7c7701a288e41cf707c7a05b6d3174e0d5a573bf06c173eb3a0450113,train/images/04dc922fb27f_frame_000224.jpg,train/labels/04dc922fb27f_frame_000224.txt,04dc922fb27f,224,112.0,train,labeled,74,1:12;2:57;3:3;4:2,bbox:74,
d3353a4dce1b530fe95c8012d39c81e4d8e5097671dd855da4437f8b60de59b6,train/images/04dc922fb27f_frame_000225.jpg,train/labels/04dc922fb27f_frame_000225.txt,04dc922fb27f,225,112.5,train,labeled,76,1:14;2:56;3:4;4:2,bbox:76,
2f0a648cfd89cb22414de18f9ab3c53a7fda3d4e18609894d0ba028c2b98b266,train/images/04dc922fb27f_frame_000226.jpg,train/labels/04dc922fb27f_frame_000226.txt,04dc922fb27f,226,113.0,train,labeled,75,1:16;2:55;3:3;4:1,bbox:75,
64990b6489baffd26837935cd084f00459d3df18d7dca4f42e916f69f954b84f,train/images/04dc922fb27f_frame_000227.jpg,train/labels/04dc922fb27f_frame_000227.txt,04dc922fb27f,227,113.5,train,labeled,74,1:15;2:54;3:4;4:1,bbox:74,
8977dc51a675214ba71c8c4c924ef332fe1b1db93b9fa8dc45b176328a7428dc,train/images/04dc922fb27f_frame_000228.jpg,train/labels/04dc922fb27f_frame_000228.txt,04dc922fb27f,228,114.0,train,labeled,70,1:17;2:49;3:3;4:1,bbox:70,
c46ebf581d7cf86b00aedf7307494f2359b813fff3cd15f140ed11d0b84bef5a,train/images/04dc922fb27f_frame_000229.jpg,train/labels/04dc922fb27f_frame_000229.txt,04dc922fb27f,229,114.5,train,labeled,66,1:12;2:49;3:3;4:2,bbox:66,
12d4db691c3879aa510f2df5b8196a30149022725fe915a657c594e19468797d,train/images/04dc922fb27f_frame_000230.jpg,train/labels/04dc922fb27f_frame_000230.txt,04dc922fb27f,230,115.0,train,labeled,68,1:9;2:55;3:3;4:1,bbox:68,
e6c9a7988d2c3451a3c7bd94cae31149a9602d1831b13a089f67d82fc9457f0c,train/images/04dc922fb27f_frame_000231.jpg,train/labels/04dc922fb27f_frame_000231.txt,04dc922fb27f,231,115.5,train,labeled,67,1:9;2:54;3:4,bbox:67,
71679b2455dd7d1ed836cbf4e600a110a5e74819bfd27747c25d030295df5517,train/images/04dc922fb27f_frame_000232.jpg,train/labels/04dc922fb27f_frame_000232.txt,04dc922fb27f,232,116.0,train,labeled,68,1:13;2:51;3:3;4:1,bbox:68,
cc08487a9e6ad3e52500b056dfe04b7df2004c8b64417395b86dc4e4066477a3,train/images/04dc922fb27f_frame_000233.jpg,train/labels/04dc922fb27f_frame_000233.txt,04dc922fb27f,233,116.5,train,labeled,71,1:13;2:57;4:1,bbox:71,
ea38b413349ef166389c96792c4713f7c44375465bbd3b190f1b3d3c1a3132b6,train/images/04dc922fb27f_frame_000234.jpg,train/labels/04dc922fb27f_frame_000234.txt,04dc922fb27f,234,117.0,train,labeled,61,1:9;2:50;3:1;4:1,bbox:61,
392aaf6e08a736192ae9754411a9679dd37df090e9d6bf490c006e956fbb899c,train/images/04dc922fb27f_frame_000235.jpg,train/labels/04dc922fb27f_frame_000235.txt,04dc922fb27f,235,117.5,train,labeled,62,1:8;2:51;3:2;4:1,bbox:62,
8763307cda91894becd6aad447f1d8e4fbdf723ede6c19ccbcbfe3ccb0f3b948,train/images/04dc922fb27f_frame_000236.jpg,train/labels/04dc922fb27f_frame_000236.txt,04dc922fb27f,236,118.0,train,labeled,51,1:7;2:42;3:1;4:1,bbox:51,
89876558252bbfdacafac66b57c0ed539ff88c891d66d98770dcb85182d85320,train/images/04dc922fb27f_frame_000237.jpg,train/labels/04dc922fb27f_frame_000237.txt,04dc922fb27f,237,118.5,train,labeled,52,1:7;2:42;3:2;4:1,bbox:52,
402da6c2b19040461249d7ecda0df49ce04ce55a2cf1574576f067d5835588e1,train/images/04dc922fb27f_frame_000238.jpg,train/labels/04dc922fb27f_frame_000238.txt,04dc922fb27f,238,119.0,train,labeled,53,1:9;2:40;3:3;4:1,bbox:53,
f36589cb3a4a5c474321dff3213ae01448761098c9ff8ebd6ae102274a698041,train/images/04dc922fb27f_frame_000239.jpg,train/labels/04dc922fb27f_frame_000239.txt,04dc922fb27f,239,119.5,train,labeled,49,1:7;2:38;3:3;4:1,bbox:49,
1970612090cd00378938d4c8354a26764e7aee2f2460d947b4ad9c79b3a936dc,train/images/04dc922fb27f_frame_000240.jpg,train/labels/04dc922fb27f_frame_000240.txt,04dc922fb27f,240,120.0,train,labeled,49,1:8;2:40;4:1,bbox:49,
fc75097220096bdeb159f512672db71b21b773191288349adc64af1ee61ab2a2,train/images/04dc922fb27f_frame_000241.jpg,train/labels/04dc922fb27f_frame_000241.txt,04dc922fb27f,241,120.5,train,labeled,51,1:9;2:41;4:1,bbox:51,
5aa79d471db09e20429abe4f44d9ff4cd62feb0565774c4d3899a920f1c9b84f,train/images/04dc922fb27f_frame_000242.jpg,train/labels/04dc922fb27f_frame_000242.txt,04dc922fb27f,242,121.0,train,labeled,48,1:8;2:39;4:1,bbox:48,
36d2ce69568bb6dbba2cdba4dd682e76352c3f59279314e34b2f3732f2c089d4,train/images/04dc922fb27f_frame_000243.jpg,train/labels/04dc922fb27f_frame_000243.txt,04dc922fb27f,243,121.5,train,labeled,51,1:7;2:43;4:1,bbox:51,
a607cc5c7c72023247c0cfaafde3f00c96de5eebc4f503bdffd247521b5c214e,train/images/04dc922fb27f_frame_000244.jpg,train/labels/04dc922fb27f_frame_000244.txt,04dc922fb27f,244,122.0,train,labeled,49,1:7;2:40;3:1;4:1,bbox:49,
1e0939fb62247b147bdac5f3718265097f02fb5e4918fabb63029c37a7268150,train/images/04dc922fb27f_frame_000245.jpg,train/labels/04dc922fb27f_frame_000245.txt,04dc922fb27f,245,122.5,train,labeled,55,1:11;2:43;4:1,bbox:55,
6987a2e34b6604a90a175bef75b6e30ecd9a468d6a1ea7a56189a8142dd86147,train/images/04dc922fb27f_frame_000246.jpg,train/labels/04dc922fb27f_frame_000246.txt,04dc922fb27f,246,123.0,train,labeled,63,1:13;2:49;4:1,bbox:63,
3079a0ac3ea4bf7704d3ad60c28495ca4a8b7efc8d2a8e5e6054ec147b68f21e,train/images/04dc922fb27f_frame_000247.jpg,train/labels/04dc922fb27f_frame_000247.txt,04dc922fb27f,247,123.5,train,labeled,60,1:13;2:46;4:1,bbox:60,
95f96bf6f01cc2908ba7ed8ebab2af779160267969b79c1ac8bd48647d99b7b1,train/images/04dc922fb27f_frame_000248.jpg,train/labels/04dc922fb27f_frame_000248.txt,04dc922fb27f,248,124.0,train,labeled,64,1:12;2:49;3:2;4:1,bbox:64,
97e61ecc8ab431594c6cb0df4f55e2e5ab94adb649956281cba59071e80f8c5e,train/images/04dc922fb27f_frame_000249.jpg,train/labels/04dc922fb27f_frame_000249.txt,04dc922fb27f,249,124.5,train,labeled,62,0:1;1:9;2:48;3:2;4:2,bbox:62,
d1645dbec0a20bb9c2f90eed434c4f497a429593efbb958685f24fdb31967b16,train/images/04dc922fb27f_frame_000250.jpg,train/labels/04dc922fb27f_frame_000250.txt,04dc922fb27f,250,125.0,train,labeled,64,0:1;1:8;2:49;3:3;4:3,bbox:64,
8d315ff3ba83d16a5541bd4174e70b7faa416d090e2a0b21b434ea78a62477d6,train/images/04dc922fb27f_frame_000251.jpg,train/labels/04dc922fb27f_frame_000251.txt,04dc922fb27f,251,125.5,train,labeled,59,1:7;2:51;4:1,bbox:59,
295fc38dadf662cdbc301f94254d440cda32bb44add7be6f9633dea0ad04a3a4,train/images/04dc922fb27f_frame_000252.jpg,train/labels/04dc922fb27f_frame_000252.txt,04dc922fb27f,252,126.0,train,labeled,65,1:7;2:53;3:3;4:2,bbox:65,
e445db1a2da20e34a906a275cc9dc89e788ab770f3e8dbf08fbd179abe35ad81,train/images/04dc922fb27f_frame_000253.jpg,train/labels/04dc922fb27f_frame_000253.txt,04dc922fb27f,253,126.5,train,labeled,57,1:8;2:45;3:3;4:1,bbox:57,
0e468b81866538aa6c6bb56a1b6ebd3f28b0340274eb673f898687e897b4ba2f,train/images/04dc922fb27f_frame_000254.jpg,train/labels/04dc922fb27f_frame_000254.txt,04dc922fb27f,254,127.0,train,labeled,57,1:6;2:48;3:2;4:1,bbox:57,
50052e40f5cf2a12895996885923c6bc1b2fe2ade7f156fc293078c6a98a31c9,train/images/04dc922fb27f_frame_000255.jpg,train/labels/04dc922fb27f_frame_000255.txt,04dc922fb27f,255,127.5,train,labeled,57,1:8;2:46;3:2;4:1,bbox:57,
76611ceb04cf1b2239799063cf01da2914ac2d34832d2c1ad8c058f659e12682,train/images/04dc922fb27f_frame_000256.jpg,train/labels/04dc922fb27f_frame_000256.txt,04dc922fb27f,256,128.0,train,labeled,51,1:6;2:42;3:2;4:1,bbox:51,
5b762c86e07bc4cf13189e5c12a4c3e7d69caa5216a613608494a7a192017777,train/images/04dc922fb27f_frame_000257.jpg,train/labels/04dc922fb27f_frame_000257.txt,04dc922fb27f,257,128.5,train,labeled,52,1:9;2:41;3:1;4:1,bbox:52,
66c37eedb416fef201ab337cf73e3a880c359eca7a7d21700b9eea1366914b35,train/images/04dc922fb27f_frame_000258.jpg,train/labels/04dc922fb27f_frame_000258.txt,04dc922fb27f,258,129.0,train,labeled,52,1:10;2:40;4:2,bbox:52,
aa13b80ee0a6ccae9fc7615ce908ca61342e4babb2eeb296eeb0c3eea8f18f9e,train/images/04dc922fb27f_frame_000259.jpg,train/labels/04dc922fb27f_frame_000259.txt,04dc922fb27f,259,129.5,train,labeled,47,1:9;2:36;4:2,bbox:47,
8c2d52186c6a69862933f729e1e4ce094160efee41b3ea60bef1996449ff728b,train/images/04dc922fb27f_frame_000260.jpg,train/labels/04dc922fb27f_frame_000260.txt,04dc922fb27f,260,130.0,train,labeled,50,1:11;2:37;4:2,bbox:50,
d0a6b9dccdf49bd66e08e3a87650981b2df78a5d8d92badba1f21df272956f86,train/images/04dc922fb27f_frame_000261.jpg,train/labels/04dc922fb27f_frame_000261.txt,04dc922fb27f,261,130.5,train,labeled,51,1:8;2:42;4:1,bbox:51,
f273b1fc54d311e828596266b80af4b333ee81715eea4acee5431f7517774009,train/images/04dc922fb27f_frame_000262.jpg,train/labels/04dc922fb27f_frame_000262.txt,04dc922fb27f,262,131.0,train,labeled,51,1:7;2:42;4:2,bbox:51,
82e7ea3c707a1f91374f786638ae75c0fbd8c7326bc4cfdac2612e0f017b73bb,train/images/04dc922fb27f_frame_000263.jpg,train/labels/04dc922fb27f_frame_000263.txt,04dc922fb27f,263,131.5,train,labeled,52,1:8;2:42;4:2,bbox:52,
18e06673ceb1f2d4313dd864cb7ae1ffb8c232b1e9275e80ad04de6d7d6e9e63,train/images/04dc922fb27f_frame_000264.jpg,train/labels/04dc922fb27f_frame_000264.txt,04dc922fb27f,264,132.0,train,labeled,56,1:11;2:43;4:2,bbox:56,
7b03055330b855d3dd561858e783b42dbc6991b89a00601302b93c5f84712ad6,train/images/04dc922fb27f_frame_000265.jpg,train/labels/04dc922fb27f_frame_000265.txt,04dc922fb27f,265,132.5,train,labeled,50,1:8;2:41;3:1,bbox:50,
6599f8a9ea4cafeb116cd40ac19b340ab3ec09515ea8212df34fafc0c306a734,train/images/04dc922fb27f_frame_000266.jpg,train/labels/04dc922fb27f_frame_000266.txt,04dc922fb27f,266,133.0,train,labeled,54,1:10;2:40;3:4,bbox:54,
cada5d7a309459b2b6eaf37be30b5874e1bd17b427198570575be620323c9f2a,train/images/04dc922fb27f_frame_000267.jpg,train/labels/04dc922fb27f_frame_000267.txt,04dc922fb27f,267,133.5,train,labeled,58,1:9;2:42;3:3;4:4,bbox:58,
02cddc662283237f1b6c1248987edf386e0294097ff893b9f4c6e03756fd9aaa,train/images/04dc922fb27f_frame_000268.jpg,train/labels/04dc922fb27f_frame_000268.txt,04dc922fb27f,268,134.0,train,labeled,42,1:7;2:33;3:2,bbox:42,
8cfd3464bcf4d90c23e535c366d015ad4a07629279378f43cc4e501f7a8f9ab1,train/images/04dc922fb27f_frame_000269.jpg,train/labels/04dc922fb27f_frame_000269.txt,04dc922fb27f,269,134.5,train,labeled,52,1:8;2:40;3:4,bbox:52,
16f5136acc7dee9037f1bc538e159c0d04cd3e798a90940ea117670ff2055154,train/images/04dc922fb27f_frame_000270.jpg,train/labels/04dc922fb27f_frame_000270.txt,04dc922fb27f,270,135.0,train,labeled,45,1:9;2:36,bbox:45,
52a4c72ad3b1acddace25adec63b24589a5309b9d1d2f01a0b017e842d0575c0,train/images/04dc922fb27f_frame_000271.jpg,train/labels/04dc922fb27f_frame_000271.txt,04dc922fb27f,271,135.5,train,labeled,45,1:8;2:35;3:2,bbox:45,
7bd345d2b2820b891afb1bf32f4b01f41559ac59c734099c60bc6575bb4c1063,train/images/04dc922fb27f_frame_000272.jpg,train/labels/04dc922fb27f_frame_000272.txt,04dc922fb27f,272,136.0,train,labeled,38,1:5;2:33,bbox:38,
85cbabe138fbe9709867d16a66953b0a2bb75111f9e9929581df786881a45147,train/images/04dc922fb27f_frame_000273.jpg,train/labels/04dc922fb27f_frame_000273.txt,04dc922fb27f,273,136.5,train,labeled,40,1:6;2:34,bbox:40,
df322d0b8a59f4727b8d561de8ff0a41539b26acfd70312c8b89891458eb4369,train/images/04dc922fb27f_frame_000274.jpg,train/labels/04dc922fb27f_frame_000274.txt,04dc922fb27f,274,137.0,train,labeled,42,1:9;2:32;3:1,bbox:42,
6bc4efcb81f938b5acb7ec97f1b37227cf5d92e7dd23eeb158d8a60c73eb8075,train/images/04dc922fb27f_frame_000275.jpg,train/labels/04dc922fb27f_frame_000275.txt,04dc922fb27f,275,137.5,train,labeled,43,1:9;2:32;3:1;4:1,bbox:43,
fe55c180625b8b1be6e9c7182e7590b7c45d1c202e2622e843e635046a9bba67,train/images/04dc922fb27f_frame_000276.jpg,train/labels/04dc922fb27f_frame_000276.txt,04dc922fb27f,276,138.0,train,labeled,48,1:10;2:37;3:1,bbox:48,
9c06f9430ed0f024b91c56f653b84c5fc0ce9c863feb7728de59f45a81b9325c,train/images/04dc922fb27f_frame_000277.jpg,train/labels/04dc922fb27f_frame_000277.txt,04dc922fb27f,277,138.5,train,labeled,53,1:12;2:41,bbox:53,
083db38e04ab1b8bb1e71adbe32a632f6d3ba6091c71ce4b7e5e2d62e182560f,train/images/04dc922fb27f_frame_000278.jpg,train/labels/04dc922fb27f_frame_000278.txt,04dc922fb27f,278,139.0,train,labeled,54,1:11;2:40;3:3,bbox:54,
7219d9f1f1ce61fe350ea3301e87f637d599d4acab7f07329192e87293e17725,train/images/04dc922fb27f_frame_000279.jpg,train/labels/04dc922fb27f_frame_000279.txt,04dc922fb27f,279,139.5,train,labeled,54,1:10;2:42;3:1;4:1,bbox:54,
675749a5b36156afbab54570e9064a58bf422960f1b3858ca67c5a4eba9313e3,train/images/04dc922fb27f_frame_000280.jpg,train/labels/04dc922fb27f_frame_000280.txt,04dc922fb27f,280,140.0,train,labeled,50,1:10;2:38;4:2,bbox:50,
db39d00b129ac60079bb0652a6043c631ea2adfceb0a429a922c8d92945c6226,train/images/04dc922fb27f_frame_000281.jpg,train/labels/04dc922fb27f_frame_000281.txt,04dc922fb27f,281,140.5,train,labeled,51,1:9;2:37;3:4;4:1,bbox:51,
d31f43ea5dda6bf301da134c20b75b0e879ec61881b5dd84ca6f93b10b424b7f,train/images/04dc922fb27f_frame_000282.jpg,train/labels/04dc922fb27f_frame_000282.txt,04dc922fb27f,282,141.0,train,labeled,55,1:10;2:40;3:3;4:2,bbox:55,
0c27ec926ed8371d6cae6bc316f8a542c493592e6ec02e66e126609b9b37f5a3,train/images/04dc922fb27f_frame_000283.jpg,train/labels/04dc922fb27f_frame_000283.txt,04dc922fb27f,283,141.5,train,labeled,51,1:12;2:39,bbox:51,
038dcfc403346d191a477680e56dc2dd107aa68f458a8a600127afb45ab8c31b,train/images/04dc922fb27f_frame_000284.jpg,train/labels/04dc922fb27f_frame_000284.txt,04dc922fb27f,284,142.0,train,labeled,60,1:14;2:43;3:1;4:2,bbox:60,
32577c8b1f61f1649ff096b34856ca87ea4552689388fab2db77aa90e097a8a5,train/images/04dc922fb27f_frame_000285.jpg,train/labels/04dc922fb27f_frame_000285.txt,04dc922fb27f,285,142.5,train,labeled,55,1:12;2:43,bbox:55,
5f8e67aa576ed92a16f4b7bf3005245e1f5e09c31f37d93c76b90a949abee3a5,train/images/04dc922fb27f_frame_000286.jpg,train/labels/04dc922fb27f_frame_000286.txt,04dc922fb27f,286,143.0,train,labeled,56,1:10;2:43;3:3,bbox:56,
fb113af8fc2fd36ded32846f98a43761ecce8fe95608fabbc1c78ed7989aefe1,train/images/04dc922fb27f_frame_000287.jpg,train/labels/04dc922fb27f_frame_000287.txt,04dc922fb27f,287,143.5,train,labeled,52,1:8;2:43;3:1,bbox:52,
851ff70ca8c0fb8486c3a9a66ae769b29986705a136ff1cdebcf2f510dedf5a7,train/images/04dc922fb27f_frame_000288.jpg,train/labels/04dc922fb27f_frame_000288.txt,04dc922fb27f,288,144.0,train,labeled,59,1:10;2:42;3:7,bbox:59,
99a10e5d13ce77afbb20064f5c902351a682fb40b427209d26012437a27da73a,train/images/04dc922fb27f_frame_000289.jpg,train/labels/04dc922fb27f_frame_000289.txt,04dc922fb27f,289,144.5,train,labeled,51,1:7;2:43;3:1,bbox:51,
ceccedb58f8766a51111c051843822f2170a788f6076b2f756b0c99c11d1c59f,train/images/04dc922fb27f_frame_000290.jpg,train/labels/04dc922fb27f_frame_000290.txt,04dc922fb27f,290,145.0,train,labeled,56,1:10;2:45;3:1,bbox:56,
bacbe4ad61e6144ca53d09287a8b1ebb461e85fe8855880b79791af9c068720e,train/images/04dc922fb27f_frame_000291.jpg,train/labels/04dc922fb27f_frame_000291.txt,04dc922fb27f,291,145.5,train,labeled,56,1:10;2:46,bbox:56,
f4983f039d1351918a034f0e3b44c2512594f59981abed2f97d72cd5f7de9b50,train/images/04dc922fb27f_frame_000292.jpg,train/labels/04dc922fb27f_frame_000292.txt,04dc922fb27f,292,146.0,train,labeled,48,1:11;2:36;3:1,bbox:48,
3bccef1e7c9e2687e30365d194c9a2f954ce51d720745d33ce4cf66d7f4c4b92,train/images/04dc922fb27f_frame_000293.jpg,train/labels/04dc922fb27f_frame_000293.txt,04dc922fb27f,293,146.5,train,labeled,53,1:11;2:42,bbox:53,
df7ee4841f120cd3764d1cfaf38a836296a37d2f61767bb892967951d3980ee5,train/images/370928dba2f0_frame_000000.jpg,train/labels/370928dba2f0_frame_000000.txt,370928dba2f0,0,0.0,train,labeled,85,0:2;1:28;2:49;3:6,bbox:85,
77876e96b5cda2e693e3cdcb2ebc25869530267bcde7d97bc040780d9b1d22cf,train/images/370928dba2f0_frame_000001.jpg,train/labels/370928dba2f0_frame_000001.txt,370928dba2f0,1,0.5,train,labeled,80,0:2;1:27;2:47;3:4,bbox:80,
483f92b096e13c4df053e10c25e8f83f7199a525372c89c8e8b0c1f6c250693a,train/images/370928dba2f0_frame_000002.jpg,train/labels/370928dba2f0_frame_000002.txt,370928dba2f0,2,1.0,train,labeled,79,0:2;1:28;2:45;3:4,bbox:79,
1a3364949d770d9307ae7cbbf07f176edd64bc6c77ac2000c251ace12f04efa8,train/images/370928dba2f0_frame_000003.jpg,train/labels/370928dba2f0_frame_000003.txt,370928dba2f0,3,1.5,train,labeled,89,0:3;1:27;2:55;3:4,bbox:89,
d921f21d519dec6ae4532f9053243060dbd6ef5c6b17fb71e0054bf49f1df38f,train/images/370928dba2f0_frame_000004.jpg,train/labels/370928dba2f0_frame_000004.txt,370928dba2f0,4,2.0,train,labeled,91,0:2;1:29;2:56;3:4,bbox:91,
e5cd752692eb864c3a8f594fffb21c6d2c3a8dde369c04d48fecaf65f6648520,train/images/370928dba2f0_frame_000005.jpg,train/labels/370928dba2f0_frame_000005.txt,370928dba2f0,5,2.5,train,labeled,90,0:2;1:33;2:52;3:3,bbox:90,
6efd3ea1ddd52d40ed8af79bc38b213f71b2306c9a82fba7f3274ba5f4218916,train/images/370928dba2f0_frame_000006.jpg,train/labels/370928dba2f0_frame_000006.txt,370928dba2f0,6,3.0,train,labeled,91,0:2;1:33;2:53;3:3,bbox:91,
c125be309ab428e12ace67c34f6b0c9f00867c08a5057bff1390206616417686,train/images/370928dba2f0_frame_000007.jpg,train/labels/370928dba2f0_frame_000007.txt,370928dba2f0,7,3.5,train,labeled,86,0:1;1:34;2:47;3:4,bbox:86,
52d968939a46a62c51899cd25ab8eec1fcddc477d6896353bc31af852d6e0abe,train/images/370928dba2f0_frame_000008.jpg,train/labels/370928dba2f0_frame_000008.txt,370928dba2f0,8,4.0,train,labeled,87,0:2;1:32;2:48;3:5,bbox:87,
4f28e3d799c738b1645240af31750df444b3fa7be63b0b8808a260a7669a4ccb,train/images/370928dba2f0_frame_000009.jpg,train/labels/370928dba2f0_frame_000009.txt,370928dba2f0,9,4.5,train,labeled,90,0:3;1:34;2:49;3:4,bbox:90,
56665938e3ebfb36190f355edeffd520ce2a2917359c8df073498c3cf483a658,train/images/370928dba2f0_frame_000010.jpg,train/labels/370928dba2f0_frame_000010.txt,370928dba2f0,10,5.0,train,labeled,89,0:3;1:34;2:48;3:4,bbox:89,
fc5cf16060253e62d004fd6a19083d6469797c4d351237b33dacc74820941a99,train/images/370928dba2f0_frame_000011.jpg,train/labels/370928dba2f0_frame_000011.txt,370928dba2f0,11,5.5,train,labeled,84,0:2;1:36;2:41;3:5,bbox:84,
88302c78ae5180167275dbc05b75258de6ad766cf37a0969dfb3e28b8fa03bc9,train/images/370928dba2f0_frame_000012.jpg,train/labels/370928dba2f0_frame_000012.txt,370928dba2f0,12,6.0,train,labeled,82,0:4;1:32;2:40;3:6,bbox:82,
2a202b4ec827bae34906da1a08aab0f533ec9e79935f5471ca5a4517983bd144,train/images/370928dba2f0_frame_000013.jpg,train/labels/370928dba2f0_frame_000013.txt,370928dba2f0,13,6.5,train,labeled,83,0:4;1:32;2:41;3:6,bbox:83,
8a8dc4abf367df23ee90cc90597a1851ee749f896335e3d2f470226481e41190,train/images/370928dba2f0_frame_000014.jpg,train/labels/370928dba2f0_frame_000014.txt,370928dba2f0,14,7.0,train,labeled,85,0:4;1:30;2:45;3:6,bbox:85,
6c9faa74b12747ca5080233e0ea722e78485c1f0cb25860b29f46a29c39b1590,train/images/370928dba2f0_frame_000015.jpg,train/labels/370928dba2f0_frame_000015.txt,370928dba2f0,15,7.5,train,labeled,83,0:3;1:31;2:44;3:5,bbox:83,
135ce737f1a0f5d8a810478ee81ba1f8f7fd3d82dc40ea2009ad9fd2bd218b7d,train/images/370928dba2f0_frame_000016.jpg,train/labels/370928dba2f0_frame_000016.txt,370928dba2f0,16,8.0,train,labeled,86,0:2;1:32;2:46;3:6,bbox:86,
15b400ef52b709c2b93eb764dc0c71841cde598c6f95eaa2a96d93d8f789c8e4,train/images/370928dba2f0_frame_000017.jpg,train/labels/370928dba2f0_frame_000017.txt,370928dba2f0,17,8.5,train,labeled,86,0:2;1:37;2:43;3:4,bbox:86,
fc9e8d2776ae54efd5dd70fa8094b22f049dc1b415ac366d5af4ac59defad255,train/images/370928dba2f0_frame_000018.jpg,train/labels/370928dba2f0_frame_000018.txt,370928dba2f0,18,9.0,train,labeled,87,0:2;1:35;2:46;3:4,bbox:87,
ecee562fe2dc0a42b917295afa7dce58698d1df2d9ccc829621647ae1b5af5d4,train/images/370928dba2f0_frame_000019.jpg,train/labels/370928dba2f0_frame_000019.txt,370928dba2f0,19,9.5,train,labeled,85,0:2;1:36;2:44;3:3,bbox:85,
b2bfd91cee1650aba9093b21efe72eb3fd612ec0d90671b65aac79727c635507,train/images/370928dba2f0_frame_000020.jpg,train/labels/370928dba2f0_frame_000020.txt,370928dba2f0,20,10.0,train,labeled,83,0:2;1:29;2:48;3:4,bbox:83,
45fb75d3ba93e5288082c9cd880b19a2495d806b58a9e8942b2a6f393356bf79,train/images/370928dba2f0_frame_000021.jpg,train/labels/370928dba2f0_frame_000021.txt,370928dba2f0,21,10.5,train,labeled,78,0:2;1:31;2:43;3:2,bbox:78,
da83891bdb1e6cf3e71efd86a94ce7e3dcf0c1b3c558aa2ec3b703b427b07f68,train/images/370928dba2f0_frame_000022.jpg,train/labels/370928dba2f0_frame_000022.txt,370928dba2f0,22,11.0,train,labeled,84,0:2;1:33;2:46;3:3,bbox:84,
cc0cf130ef96222eb0f24cb6bcb3cdee26b08b6c1de4173f62d42e662995c81d,train/images/370928dba2f0_frame_000023.jpg,train/labels/370928dba2f0_frame_000023.txt,370928dba2f0,23,11.5,train,labeled,81,0:2;1:34;2:43;3:2,bbox:81,
18083c6d62c9b05ceb595e2e26edd9934061a85549e4a22849e587f9de391c9b,train/images/370928dba2f0_frame_000024.jpg,train/labels/370928dba2f0_frame_000024.txt,370928dba2f0,24,12.0,train,labeled,77,0:2;1:33;2:39;3:3,bbox:77,
12a1e446277c32eefbaaa76ceba567b199ac3470400a29f4689adc82b447e214,train/images/370928dba2f0_frame_000025.jpg,train/labels/370928dba2f0_frame_000025.txt,370928dba2f0,25,12.5,train,labeled,77,0:2;1:30;2:41;3:4,bbox:77,
134cac5b5a9d037c92676f1df6f6338ce9226d064dfe2b5bc0b1be7c9d72304b,train/images/370928dba2f0_frame_000026.jpg,train/labels/370928dba2f0_frame_000026.txt,370928dba2f0,26,13.0,train,labeled,83,0:2;1:33;2:43;3:5,bbox:83,
a82aff4509b84598d9f361b43eca704db0a5f310a8da831ecd5ab0228e1384c1,train/images/370928dba2f0_frame_000027.jpg,train/labels/370928dba2f0_frame_000027.txt,370928dba2f0,27,13.5,train,labeled,82,0:3;1:32;2:44;3:3,bbox:82,
548b5129a1ea88a08697b5a9dfb6297aed7a8f374d9cd95231ce7dd3424395a2,train/images/370928dba2f0_frame_000028.jpg,train/labels/370928dba2f0_frame_000028.txt,370928dba2f0,28,14.0,train,labeled,73,0:2;1:31;2:37;3:3,bbox:73,
b1f624b643315af8788a2fdb18f7c847e3e86aab44a9a929172962bccd5bcdde,train/images/370928dba2f0_frame_000029.jpg,train/labels/370928dba2f0_frame_000029.txt,370928dba2f0,29,14.5,train,labeled,72,0:2;1:31;2:38;3:1,bbox:72,
599dabfe4bdebfc01941248af85b25b3a50fecc9b61a42638e694cf75763504d,train/images/370928dba2f0_frame_000030.jpg,train/labels/370928dba2f0_frame_000030.txt,370928dba2f0,30,15.0,train,labeled,79,0:3;1:30;2:43;3:3,bbox:79,
7cfc588b7e388ede7f8bb4bb81d53b250b42d6998811f15d3d7deb71fda9fdf9,train/images/370928dba2f0_frame_000031.jpg,train/labels/370928dba2f0_frame_000031.txt,370928dba2f0,31,15.5,train,labeled,84,0:4;1:30;2:47;3:3,bbox:84,
a437520548195f43e4745b7931c559be7d34688e65f0f6eeb5c0f548cd1bb351,train/images/370928dba2f0_frame_000032.jpg,train/labels/370928dba2f0_frame_000032.txt,370928dba2f0,32,16.0,train,labeled,79,0:3;1:29;2:43;3:4,bbox:79,
bcede6bf7855d6d7ac7aef06a904fd9c028cbfee0f8c342ac581cadecc0e2d1c,train/images/370928dba2f0_frame_000033.jpg,train/labels/370928dba2f0_frame_000033.txt,370928dba2f0,33,16.5,train,labeled,75,0:1;1:26;2:46;3:2,bbox:75,
6ea92c83d24a810595b8b5866ed430cca589894ea3529a23b71b191efec18430,train/images/370928dba2f0_frame_000034.jpg,train/labels/370928dba2f0_frame_000034.txt,370928dba2f0,34,17.0,train,labeled,83,0:2;1:28;2:49;3:4,bbox:83,
01f27d1b6ac22137f10e4c3ebd8a4f0ec39574eb3a50e3a904e9a062e6eb4c66,train/images/370928dba2f0_frame_000035.jpg,train/labels/370928dba2f0_frame_000035.txt,370928dba2f0,35,17.5,train,labeled,80,0:3;1:30;2:43;3:4,bbox:80,
cd5206449bd43b63fc89dd442b9b7f209474b837451c386fa302a5dd08b589c0,train/images/370928dba2f0_frame_000036.jpg,train/labels/370928dba2f0_frame_000036.txt,370928dba2f0,36,18.0,train,labeled,82,0:2;1:30;2:46;3:4,bbox:82,
cc902a917dc1be8baed63718c86a5498a68dad48c1b434fcf8a226036044663f,train/images/370928dba2f0_frame_000037.jpg,train/labels/370928dba2f0_frame_000037.txt,370928dba2f0,37,18.5,train,labeled,87,0:4;1:28;2:51;3:4,bbox:87,
71e553b7c644ef933f3d089e2032facf00a094387dd4dd7aa41c821af20e61da,train/images/370928dba2f0_frame_000038.jpg,train/labels/370928dba2f0_frame_000038.txt,370928dba2f0,38,19.0,train,labeled,86,0:2;1:29;2:51;3:4,bbox:86,
609d046f3f239f2e5f805383e2aa257320e6052348cfd9adef048891f5bb99e8,train/images/370928dba2f0_frame_000039.jpg,train/labels/370928dba2f0_frame_000039.txt,370928dba2f0,39,19.5,train,labeled,85,0:2;1:31;2:50;3:2,bbox:85,
fa36529d641d0c7d22caf561c266315a5b944b1e6b48ea577207aa35d525331b,train/images/370928dba2f0_frame_000040.jpg,train/labels/370928dba2f0_frame_000040.txt,370928dba2f0,40,20.0,train,labeled,94,0:2;1:31;2:59;3:2,bbox:94,
13ba2e1cc46d47052f8447870c460e408516d2c50851012abb71eb9f35acee72,train/images/370928dba2f0_frame_000041.jpg,train/labels/370928dba2f0_frame_000041.txt,370928dba2f0,41,20.5,train,labeled,97,0:2;1:34;2:57;3:4,bbox:97,
90df8a36a2578a964ac910365d36cd2b9fce2c44737e33a71c186b55a62e8f53,train/images/370928dba2f0_frame_000042.jpg,train/labels/370928dba2f0_frame_000042.txt,370928dba2f0,42,21.0,train,labeled,92,0:2;1:32;2:56;3:2,bbox:92,
04d69742047afb5c0c85de16caa18335ccdb8ea30ad468a1fbcb09c2beb1a819,train/images/370928dba2f0_frame_000043.jpg,train/labels/370928dba2f0_frame_000043.txt,370928dba2f0,43,21.5,train,labeled,88,0:2;1:29;2:55;3:2,bbox:88,
76760f3c6919338c0b4302ca1bef19838882d29b0f21f56de65c6f70fc53621a,train/images/370928dba2f0_frame_000044.jpg,train/labels/370928dba2f0_frame_000044.txt,370928dba2f0,44,22.0,train,labeled,90,0:2;1:31;2:55;3:2,bbox:90,
b824ef32cd24837c3215c1cdfebc2b3420a5f734836d67d5e38fafe7e4847764,train/images/370928dba2f0_frame_000045.jpg,train/labels/370928dba2f0_frame_000045.txt,370928dba2f0,45,22.5,train,labeled,80,0:1;1:28;2:49;3:2,bbox:80,
015e44b60955a1e091b8d930ef2e6568d05ff4412cd71bd4d4d12f3997a81d9e,train/images/370928dba2f0_frame_000046.jpg,train/labels/370928dba2f0_frame_000046.txt,370928dba2f0,46,23.0,train,labeled,77,0:3;1:27;2:45;3:2,bbox:77,
7baa78324b5032ca027e734fcd74884cecc897d153e9ef4431e693814cd1ac1e,train/images/370928dba2f0_frame_000047.jpg,train/labels/370928dba2f0_frame_000047.txt,370928dba2f0,47,23.5,train,labeled,79,0:3;1:29;2:45;3:2,bbox:79,
b855b95c011ddd6cf148dea507c1f2493275962dabb48e6b9b52eb779e08a9d3,train/images/370928dba2f0_frame_000048.jpg,train/labels/370928dba2f0_frame_000048.txt,370928dba2f0,48,24.0,train,labeled,71,0:3;1:27;2:40;3:1,bbox:71,
3da1e6d11a1d61373e484371dff158ab67e388ff2d3cd55d08fc4241d8979f60,train/images/370928dba2f0_frame_000049.jpg,train/labels/370928dba2f0_frame_000049.txt,370928dba2f0,49,24.5,train,labeled,81,0:3;1:27;2:49;3:2,bbox:81,
13a113e6cd9ca78219f2ddd60f6bcb34e463af8b8934858d68985111cf181e62,train/images/370928dba2f0_frame_000050.jpg,train/labels/370928dba2f0_frame_000050.txt,370928dba2f0,50,25.0,train,labeled,76,0:2;1:27;2:44;3:3,bbox:76,
faa60315b59f9be76a36b721f5877c35c32bb6fe2b67b7252166179332ac755f,train/images/370928dba2f0_frame_000051.jpg,train/labels/370928dba2f0_frame_000051.txt,370928dba2f0,51,25.5,train,labeled,82,0:3;1:26;2:50;3:3,bbox:82,
e8075720d3356404d36864e5ba5488858b6b763d03e87b60c4cf1d2cebc2769e,train/images/370928dba2f0_frame_000052.jpg,train/labels/370928dba2f0_frame_000052.txt,370928dba2f0,52,26.0,train,labeled,74,0:3;1:26;2:42;3:3,bbox:74,
315c69cb213182cd3325a46f5da3173da9154f5c0047fdfdffb84b53425d85da,train/images/370928dba2f0_frame_000053.jpg,train/labels/370928dba2f0_frame_000053.txt,370928dba2f0,53,26.5,train,labeled,72,0:3;1:26;2:41;3:2,bbox:72,
c7c55481caaccd85a899429b7cb24deab0500e5b3c81548c043c887c802ae970,train/images/370928dba2f0_frame_000054.jpg,train/labels/370928dba2f0_frame_000054.txt,370928dba2f0,54,27.0,train,labeled,70,0:3;1:26;2:41,bbox:70,
8519a34265d0414e29c200f8b7a87fdbaa7decd120934ce39db2007597fef1c7,train/images/370928dba2f0_frame_000055.jpg,train/labels/370928dba2f0_frame_000055.txt,370928dba2f0,55,27.5,train,labeled,73,0:3;1:25;2:43;3:2,bbox:73,
b3cfe4a89660b360b1b78d7475d2cf32207327c91bd1ca38adbd5ebce922f577,train/images/370928dba2f0_frame_000056.jpg,train/labels/370928dba2f0_frame_000056.txt,370928dba2f0,56,28.0,train,labeled,77,0:4;1:25;2:47;3:1,bbox:77,
b2f3d9da3a3c80239a017c6730973b418615c4fdf574e89bce25145d38270fbb,train/images/370928dba2f0_frame_000057.jpg,train/labels/370928dba2f0_frame_000057.txt,370928dba2f0,57,28.5,train,labeled,66,0:3;1:24;2:37;3:2,bbox:66,
fa5a2f6dda8bae60cb666682ae78aaf6fea0d8ae07f57cb861b0ffa5f37a95c2,train/images/370928dba2f0_frame_000058.jpg,train/labels/370928dba2f0_frame_000058.txt,370928dba2f0,58,29.0,train,labeled,71,0:3;1:23;2:44;3:1,bbox:71,
a987237624bca9b23c894c4a3853dc4138b69b5e8debdbd259b0b5c5bba842fd,train/images/370928dba2f0_frame_000059.jpg,train/labels/370928dba2f0_frame_000059.txt,370928dba2f0,59,29.5,train,labeled,67,0:2;1:23;2:42,bbox:67,
605d1441d753a0f184ad1f5010b94a690dcbaca9736d5fa831088599ae8ecb9e,train/images/370928dba2f0_frame_000060.jpg,train/labels/370928dba2f0_frame_000060.txt,370928dba2f0,60,30.0,train,labeled,63,0:2;1:22;2:39,bbox:63,
9fbb969b5ef96179f783e77c8da584b5e16f85056f16e30ac39599919a2073fa,train/images/370928dba2f0_frame_000061.jpg,train/labels/370928dba2f0_frame_000061.txt,370928dba2f0,61,30.5,train,labeled,68,0:2;1:22;2:44,bbox:68,
e2cc6da1670262c1403ed9ab4b76409a3ccab974176ea45de093f9c8050b1961,train/images/370928dba2f0_frame_000062.jpg,train/labels/370928dba2f0_frame_000062.txt,370928dba2f0,62,31.0,train,labeled,67,0:2;1:22;2:42;3:1,bbox:67,
b3e4431942f6c0c5a7f746e96e5b227b2566f042ff256547bf90272d6de1fb56,train/images/370928dba2f0_frame_000063.jpg,train/labels/370928dba2f0_frame_000063.txt,370928dba2f0,63,31.5,train,labeled,64,0:2;1:22;2:39;3:1,bbox:64,
dbba079a114a10716df6ec1c91a685c1dceec9b6f3e7ccf69869eca3f0a691b8,train/images/370928dba2f0_frame_000064.jpg,train/labels/370928dba2f0_frame_000064.txt,370928dba2f0,64,32.0,train,labeled,68,0:2;1:21;2:42;3:3,bbox:68,
2fa7be70f37b80fa77ee3a25bde7b2f338f579aaa17cb42a8bf8fda3b01decd6,train/images/370928dba2f0_frame_000065.jpg,train/labels/370928dba2f0_frame_000065.txt,370928dba2f0,65,32.5,train,labeled,66,0:2;1:22;2:40;3:2,bbox:66,
ac9768edb32f295a369393edbd235d268d42087890df6401ecd9e310a4b2645b,train/images/370928dba2f0_frame_000066.jpg,train/labels/370928dba2f0_frame_000066.txt,370928dba2f0,66,33.0,train,labeled,73,0:3;1:19;2:49;3:2,bbox:73,
d23adfbed5ab100ea183df372fda67e9bbcb1346b2704901bfb3280532ba32c5,train/images/370928dba2f0_frame_000067.jpg,train/labels/370928dba2f0_frame_000067.txt,370928dba2f0,67,33.5,train,labeled,73,0:2;1:21;2:48;3:2,bbox:73,
c8981f507cecb960382195428e902c8f3632034dbf5ec5cb0b50b1bc6dbba537,train/images/370928dba2f0_frame_000068.jpg,train/labels/370928dba2f0_frame_000068.txt,370928dba2f0,68,34.0,train,labeled,67,0:2;1:21;2:43;3:1,bbox:67,
3b588b0c7d5917e7118dd11ce18c6e68403bd58634efc2c17462c46d0aa7e73d,train/images/370928dba2f0_frame_000069.jpg,train/labels/370928dba2f0_frame_000069.txt,370928dba2f0,69,34.5,train,labeled,72,0:3;1:20;2:48;3:1,bbox:72,
bf81f0104e39482061752f6b9966e7db4dc2a8cd9b5545d4b6ce24a8cba9d5b9,train/images/370928dba2f0_frame_000070.jpg,train/labels/370928dba2f0_frame_000070.txt,370928dba2f0,70,35.0,train,labeled,66,0:4;1:18;2:42;3:2,bbox:66,
d013e8d064e4bc96a00aff2fed61e905db768b6b4e9ec0e905bd9b24fea2cc58,train/images/370928dba2f0_frame_000071.jpg,train/labels/370928dba2f0_frame_000071.txt,370928dba2f0,71,35.5,train,labeled,77,0:4;1:19;2:53;3:1,bbox:77,
b1b0040a6117ae7473d4d3e30bbcc5db92365d311dc39fb314c42c31bd076940,train/images/370928dba2f0_frame_000072.jpg,train/labels/370928dba2f0_frame_000072.txt,370928dba2f0,72,36.0,train,labeled,68,0:5;1:17;2:44;3:2,bbox:68,
8b2edd6a74503f4586a2c76df2d02945aed735f9f5414509185a33ec6001943e,train/images/370928dba2f0_frame_000073.jpg,train/labels/370928dba2f0_frame_000073.txt,370928dba2f0,73,36.5,train,labeled,60,0:3;1:20;2:36;3:1,bbox:60,
e286f9cc6fea5744d85db442ba3eb75d082cd3ca6163ff328df316708bdfc405,train/images/370928dba2f0_frame_000074.jpg,train/labels/370928dba2f0_frame_000074.txt,370928dba2f0,74,37.0,train,labeled,60,0:3;1:20;2:36;3:1,bbox:60,
155e79da53aaa2889d85e9f7c5efe1e4cb87c6258415f53996d0db4d83d8f7ef,train/images/370928dba2f0_frame_000075.jpg,train/labels/370928dba2f0_frame_000075.txt,370928dba2f0,75,37.5,train,labeled,56,0:4;1:18;2:33;3:1,bbox:56,
0e8f7b878493ab1f12b1be70388bb1626592d3baff1775b8e0b834b8af338de1,train/images/370928dba2f0_frame_000076.jpg,train/labels/370928dba2f0_frame_000076.txt,370928dba2f0,76,38.0,train,labeled,56,0:4;1:19;2:32;3:1,bbox:56,
aefbe25ac13366e6100084d70b54f4fd5cd033443ebb0085d354881aa8d86332,train/images/370928dba2f0_frame_000077.jpg,train/labels/370928dba2f0_frame_000077.txt,370928dba2f0,77,38.5,train,labeled,61,0:3;1:18;2:38;3:2,bbox:61,
0321d9a78201dcdd8694946a755de7884394e37c260347c3c8dac9a0d60d7ea4,train/images/370928dba2f0_frame_000078.jpg,train/labels/370928dba2f0_frame_000078.txt,370928dba2f0,78,39.0,train,labeled,62,0:3;1:17;2:41;3:1,bbox:62,
20af4e0afc80d8be1b939b5d7c519d9a93c6bfbe1ae5e5c73a28ee22ed1f0ac5,train/images/370928dba2f0_frame_000079.jpg,train/labels/370928dba2f0_frame_000079.txt,370928dba2f0,79,39.5,train,labeled,63,0:3;1:18;2:40;3:2,bbox:63,
649f6cf03432431fe8d0107ce45c68f180e44b49decde6f28083da999e640d50,train/images/370928dba2f0_frame_000080.jpg,train/labels/370928dba2f0_frame_000080.txt,370928dba2f0,80,40.0,train,labeled,53,0:2;1:15;2:34;3:2,bbox:53,
42695862a72e3301b603a5a8e486fef33e5eb98b928e0055241ffeecde2a0188,train/images/370928dba2f0_frame_000081.jpg,train/labels/370928dba2f0_frame_000081.txt,370928dba2f0,81,40.5,train,labeled,56,0:3;1:15;2:36;3:2,bbox:56,
1135c5337f0ad0bce3ab4acaa39df96a13bf594ee96fdf91684df4261913ac61,train/images/370928dba2f0_frame_000082.jpg,train/labels/370928dba2f0_frame_000082.txt,370928dba2f0,82,41.0,train,labeled,61,0:5;1:16;2:38;3:2,bbox:61,
0f6792840c90c57e72177c62ea7a95d398fb28adf599067aced8cc1fbb9e958e,train/images/370928dba2f0_frame_000083.jpg,train/labels/370928dba2f0_frame_000083.txt,370928dba2f0,83,41.5,train,labeled,56,0:3;1:16;2:36;3:1,bbox:56,
f6da1659117b35ba42f4ce0062c85ae7ddcf0321c49ba2c11a3e343296bc3d00,train/images/370928dba2f0_frame_000084.jpg,train/labels/370928dba2f0_frame_000084.txt,370928dba2f0,84,42.0,train,labeled,54,0:3;1:16;2:34;3:1,bbox:54,
24fcbc7f2c04732f38e798fac14edf7d87a6cdfa7d43e9c7f9af5e15188484b3,train/images/370928dba2f0_frame_000085.jpg,train/labels/370928dba2f0_frame_000085.txt,370928dba2f0,85,42.5,train,labeled,60,0:4;1:17;2:38;3:1,bbox:60,
9b9a124c41ecfce10a25dd19f1663b5fca1c6b0c5e8a97a0f4bb8ef7ada7a1c7,train/images/370928dba2f0_frame_000086.jpg,train/labels/370928dba2f0_frame_000086.txt,370928dba2f0,86,43.0,train,labeled,60,0:3;1:18;2:37;3:2,bbox:60,
9a6c21d2f34a7940aa50894c43a728bbf29ba9c1f3c2e1d614fdd88f4b6de02c,train/images/370928dba2f0_frame_000087.jpg,train/labels/370928dba2f0_frame_000087.txt,370928dba2f0,87,43.5,train,labeled,63,0:4;1:18;2:39;3:2,bbox:63,
b9050bdc17e7ae4e9b87b82fa6ea0f7ef95fcf1bcea08a6d382343615bcbbee3,train/images/370928dba2f0_frame_000088.jpg,train/labels/370928dba2f0_frame_000088.txt,370928dba2f0,88,44.0,train,labeled,57,0:3;1:13;2:38;3:2;4:1,bbox:57,
708448fb8c300a73afaeaf6b555c4ebeba349cad74931aace3db9fe73eea10aa,train/images/370928dba2f0_frame_000089.jpg,train/labels/370928dba2f0_frame_000089.txt,370928dba2f0,89,44.5,train,labeled,56,0:3;1:14;2:38;4:1,bbox:56,
90b883b971fdcbe4b05c823ad21a7732e2dcdd496ad86b870daaba3c3984e112,train/images/370928dba2f0_frame_000090.jpg,train/labels/370928dba2f0_frame_000090.txt,370928dba2f0,90,45.0,train,labeled,59,0:3;1:16;2:38;3:1;4:1,bbox:59,
14c0b3d931d28cb31b40b88e7821cb7938307fd84ce15e652dfbf6901915e410,train/images/370928dba2f0_frame_000091.jpg,train/labels/370928dba2f0_frame_000091.txt,370928dba2f0,91,45.5,train,labeled,58,0:4;1:16;2:35;3:2;4:1,bbox:58,
65fc7f4f4ca7f7f072efdbda41b69558bbb5bb15230dd08f8a98c04c087e2c1a,train/images/370928dba2f0_frame_000092.jpg,train/labels/370928dba2f0_frame_000092.txt,370928dba2f0,92,46.0,train,labeled,57,0:4;1:14;2:38;4:1,bbox:57,
02810f2d9ef7d3ff870593d746a3e2074be9d3e2f19ef1cd1e9d59660ef35505,train/images/370928dba2f0_frame_000093.jpg,train/labels/370928dba2f0_frame_000093.txt,370928dba2f0,93,46.5,train,labeled,58,0:3;1:13;2:40;3:1;4:1,bbox:58,
bbf6703827c571dcf63c23d422852791367b352e37fd2fbd11e7f262e51bb8e7,train/images/370928dba2f0_frame_000094.jpg,train/labels/370928dba2f0_frame_000094.txt,370928dba2f0,94,47.0,train,labeled,57,0:3;1:13;2:39;3:1;4:1,bbox:57,
fdf0e8efb8f6c27441327259578b650692055cac443a401540d5f00b765ef1d2,train/images/370928dba2f0_frame_000095.jpg,train/labels/370928dba2f0_frame_000095.txt,370928dba2f0,95,47.5,train,labeled,52,0:2;1:13;2:33;3:3;4:1,bbox:52,
1054b298674be0a789e566799c2763a3c60c7af252187c52e6bf0945a6906f70,train/images/370928dba2f0_frame_000096.jpg,train/labels/370928dba2f0_frame_000096.txt,370928dba2f0,96,48.0,train,labeled,48,0:3;1:14;2:30;4:1,bbox:48,
b3d6c74c58a2934325206ea8d5a1e37b8ff88281531762b0aefd22489cf91f3b,train/images/370928dba2f0_frame_000097.jpg,train/labels/370928dba2f0_frame_000097.txt,370928dba2f0,97,48.5,train,labeled,42,0:2;1:12;2:27;4:1,bbox:42,
eb4ecae8e45560667b3a9aaa0a93a5564ed9bb562aebda601256e5bd96cff7bd,train/images/370928dba2f0_frame_000098.jpg,train/labels/370928dba2f0_frame_000098.txt,370928dba2f0,98,49.0,train,labeled,43,0:2;1:12;2:28;4:1,bbox:43,
bc15de19093b52777c58ec7b82c0b9f1966e4c21840b38c21810ad53ce73d4a7,train/images/370928dba2f0_frame_000099.jpg,train/labels/370928dba2f0_frame_000099.txt,370928dba2f0,99,49.5,train,labeled,47,0:3;1:11;2:29;3:3;4:1,bbox:47,
2e7a1b12e63a875d8f268d57a0d93a226310b32de10de6cd563b968013a78eb2,train/images/370928dba2f0_frame_000100.jpg,train/labels/370928dba2f0_frame_000100.txt,370928dba2f0,100,50.0,train,labeled,49,0:2;1:10;2:33;3:3;4:1,bbox:49,
048cee79145d527af81a1df0141fbc63c73780913f7443bc5a28f897895920d5,train/images/370928dba2f0_frame_000101.jpg,train/labels/370928dba2f0_frame_000101.txt,370928dba2f0,101,50.5,train,labeled,44,0:2;1:9;2:28;3:4;4:1,bbox:44,
4c2d81ed745ba106cca6b768b4713617a7981db627b4d0251e21fd7594236c6e,train/images/370928dba2f0_frame_000102.jpg,train/labels/370928dba2f0_frame_000102.txt,370928dba2f0,102,51.0,train,labeled,43,0:2;1:9;2:26;3:5;4:1,bbox:43,
ef32cef6577045df02edc859e81d547c8318b6f8cc8e7e1856c1754b324964ea,train/images/370928dba2f0_frame_000103.jpg,train/labels/370928dba2f0_frame_000103.txt,370928dba2f0,103,51.5,train,labeled,43,0:2;1:9;2:28;3:3;4:1,bbox:43,
ce381e90cc26fe52c57b2bb13fa79957136b1cf3e37376f2a752b8a6b7bab527,train/images/370928dba2f0_frame_000104.jpg,train/labels/370928dba2f0_frame_000104.txt,370928dba2f0,104,52.0,train,labeled,51,0:2;1:9;2:36;3:3;4:1,bbox:51,
2572d559c47192974fbe081817a5df58852ad12b68efc07586eca082a0f83fbd,train/images/370928dba2f0_frame_000105.jpg,train/labels/370928dba2f0_frame_000105.txt,370928dba2f0,105,52.5,train,labeled,44,0:2;1:6;2:32;3:3;4:1,bbox:44,
590dd6e2c5e14d8fe0d8c1e40a9ba36c17e905e808620d62050e2ada72d4bb3a,train/images/370928dba2f0_frame_000106.jpg,train/labels/370928dba2f0_frame_000106.txt,370928dba2f0,106,53.0,train,labeled,42,0:2;1:7;2:29;3:3;4:1,bbox:42,
93d8e2ec86469776f37a2a9874e8d863dfbfa6d712fd366c9dcdc404806af9be,train/images/370928dba2f0_frame_000107.jpg,train/labels/370928dba2f0_frame_000107.txt,370928dba2f0,107,53.5,train,labeled,41,0:2;1:7;2:28;3:3;4:1,bbox:41,
cb5a570091d381281819253e278dd0f955c657e7e6f7fde2e5fb8034c7097adc,train/images/370928dba2f0_frame_000108.jpg,train/labels/370928dba2f0_frame_000108.txt,370928dba2f0,108,54.0,train,labeled,43,0:2;1:7;2:31;3:2;4:1,bbox:43,
baa47406fc40a3d3d159f9c31eb22722a9099b32787514db6c948b5de237e01b,train/images/370928dba2f0_frame_000109.jpg,train/labels/370928dba2f0_frame_000109.txt,370928dba2f0,109,54.5,train,labeled,51,0:1;1:7;2:39;3:3;4:1,bbox:51,
95220abb8ecaeea999855878a11d7f75030a5c246b8b8357326aff2f10980a8e,train/images/370928dba2f0_frame_000110.jpg,train/labels/370928dba2f0_frame_000110.txt,370928dba2f0,110,55.0,train,labeled,53,0:1;1:7;2:38;3:6;4:1,bbox:53,
a4b7698d41e9abc61fd8f2fc70bcc7cf2367355b6a56b6f1682d8b00bf8d87f3,train/images/370928dba2f0_frame_000111.jpg,train/labels/370928dba2f0_frame_000111.txt,370928dba2f0,111,55.5,train,labeled,51,0:4;1:6;2:35;3:5;4:1,bbox:51,
c06b2169bdde573d21fa73397d68faadc01a3db4e4c61c4a919393300fdc4daf,train/images/370928dba2f0_frame_000112.jpg,train/labels/370928dba2f0_frame_000112.txt,370928dba2f0,112,56.0,train,labeled,58,0:2;1:8;2:41;3:6;4:1,bbox:58,
2ae64b705cb0ad0be0f9011fdda13bf8b14031d85d753d6124b68dc88b861e39,train/images/370928dba2f0_frame_000113.jpg,train/labels/370928dba2f0_frame_000113.txt,370928dba2f0,113,56.5,train,labeled,55,0:2;1:8;2:40;3:4;4:1,bbox:55,
c0dcb7e4cd82a42ae0aa6d63a49a036405ed9f24d7437ac7c504358fb07ad64d,train/images/370928dba2f0_frame_000114.jpg,train/labels/370928dba2f0_frame_000114.txt,370928dba2f0,114,57.0,train,labeled,51,0:2;1:7;2:39;3:2;4:1,bbox:51,
f9964fd166b9e2f2cd330702c3e56496194afe7bacc247979c10760a4ee6596f,train/images/370928dba2f0_frame_000115.jpg,train/labels/370928dba2f0_frame_000115.txt,370928dba2f0,115,57.5,train,labeled,52,0:2;1:7;2:38;3:4;4:1,bbox:52,
1a2ae131b412ebfe968d85a19786c9403aa0d81f0bfe512f5165406b249af5fb,train/images/370928dba2f0_frame_000116.jpg,train/labels/370928dba2f0_frame_000116.txt,370928dba2f0,116,58.0,train,labeled,45,0:2;1:8;2:32;3:2;4:1,bbox:45,
1a7afe4fbea9a08bcfc03853ae0dfa024368cc8c0658d8b6a9af3ca1410e5299,train/images/370928dba2f0_frame_000117.jpg,train/labels/370928dba2f0_frame_000117.txt,370928dba2f0,117,58.5,train,labeled,57,0:2;1:10;2:44;4:1,bbox:57,
929ffff0b5f5233d73bcf65c1fa1c64722bb9900d95232589d2fd725a9b7eb75,train/images/370928dba2f0_frame_000118.jpg,train/labels/370928dba2f0_frame_000118.txt,370928dba2f0,118,59.0,train,labeled,58,0:2;1:9;2:44;3:2;4:1,bbox:58,
d2956309a012703e6fa53062550d1f981d7bd38c3841276afcf2ff8cc3e960da,train/images/370928dba2f0_frame_000119.jpg,train/labels/370928dba2f0_frame_000119.txt,370928dba2f0,119,59.5,train,labeled,54,0:1;1:8;2:41;3:3;4:1,bbox:54,
fc1d5aaf4964f7c8776260f0c52b620cd200bb01b3e27cff5a930b3ccf42ab00,train/images/370928dba2f0_frame_000120.jpg,train/labels/370928dba2f0_frame_000120.txt,370928dba2f0,120,60.0,train,labeled,56,0:1;1:8;2:43;3:3;4:1,bbox:56,
e63dcb96d8f2ef1eb4332b837eae49c91997222e421d06dac2a529b3c391d015,train/images/370928dba2f0_frame_000121.jpg,train/labels/370928dba2f0_frame_000121.txt,370928dba2f0,121,60.5,train,labeled,57,0:1;1:8;2:45;3:2;4:1,bbox:57,
76cd0db9b03b5d8a73409c895bbb408a72f304ea84d2f60c8b839b2249b7a376,train/images/370928dba2f0_frame_000122.jpg,train/labels/370928dba2f0_frame_000122.txt,370928dba2f0,122,61.0,train,labeled,56,0:2;1:8;2:44;3:1;4:1,bbox:56,
4394dc45c15d3ab972b45eea002f064bc1bc0254ea35c58afb4d36e5d82d10d1,train/images/370928dba2f0_frame_000123.jpg,train/labels/370928dba2f0_frame_000123.txt,370928dba2f0,123,61.5,train,labeled,53,0:2;1:8;2:40;3:2;4:1,bbox:53,
65b84a01725fb50dd12c6ba012f0de5845192daacc714f40c6685166a4ce248d,train/images/370928dba2f0_frame_000124.jpg,train/labels/370928dba2f0_frame_000124.txt,370928dba2f0,124,62.0,train,labeled,55,0:2;1:8;2:42;3:2;4:1,bbox:55,
73679d7f88a5e1cacb33cbcc59567e3abb1d0c40e1c90c95729daa1df1bd2147,train/images/370928dba2f0_frame_000125.jpg,train/labels/370928dba2f0_frame_000125.txt,370928dba2f0,125,62.5,train,labeled,54,0:1;1:8;2:42;3:2;4:1,bbox:54,
08fe95f063853267073f8c754e65e8c58ea392d5ad29b1bcc5f750298904eb39,train/images/370928dba2f0_frame_000126.jpg,train/labels/370928dba2f0_frame_000126.txt,370928dba2f0,126,63.0,train,labeled,52,0:1;1:8;2:40;3:2;4:1,bbox:52,
c606552db1e138a3ae1c8db09d83b20189d7c4d23abf2feb9efe4b4837a9eba8,train/images/370928dba2f0_frame_000127.jpg,train/labels/370928dba2f0_frame_000127.txt,370928dba2f0,127,63.5,train,labeled,48,0:2;1:8;2:34;3:3;4:1,bbox:48,
0ee39e2b013af0685224f08efc9c9ecbfd59f96a983cb5f486362422ba12fc5e,train/images/370928dba2f0_frame_000128.jpg,train/labels/370928dba2f0_frame_000128.txt,370928dba2f0,128,64.0,train,labeled,49,0:1;1:8;2:37;3:2;4:1,bbox:49,
a34ac04f8d4c213d41ce707bed84c625b930772a4ad353d333b29c5da1a933e0,train/images/370928dba2f0_frame_000129.jpg,train/labels/370928dba2f0_frame_000129.txt,370928dba2f0,129,64.5,train,labeled,51,0:2;1:9;2:38;3:1;4:1,bbox:51,
8ed3275832016d318a5feac6fd1c668a0175a21daf9d0b87461d304a66c7062d,train/images/370928dba2f0_frame_000130.jpg,train/labels/370928dba2f0_frame_000130.txt,370928dba2f0,130,65.0,train,labeled,50,0:2;1:9;2:35;3:3;4:1,bbox:50,
8587447d511674ee80fc52c4d2d3b3c69af6501a95d1c982d64e753bd9f30d5c,train/images/370928dba2f0_frame_000131.jpg,train/labels/370928dba2f0_frame_000131.txt,370928dba2f0,131,65.5,train,labeled,50,0:2;1:9;2:35;3:3;4:1,bbox:50,
e62dbdbc0718062b81287c4ab450da167a3c14d2bcae8801402eb96e6a4800c0,train/images/370928dba2f0_frame_000132.jpg,train/labels/370928dba2f0_frame_000132.txt,370928dba2f0,132,66.0,train,labeled,51,0:2;1:9;2:37;3:2;4:1,bbox:51,
97d7fa98ffed588d43ca484cb74a51bfa58404066091c5cefba580826f47af69,train/images/370928dba2f0_frame_000133.jpg,train/labels/370928dba2f0_frame_000133.txt,370928dba2f0,133,66.5,train,labeled,53,0:2;1:9;2:39;3:2;4:1,bbox:53,
f03b2733f1280e61cce45f654f6568c48462e5bd7cfed0302fccc3bc7d003c37,train/images/370928dba2f0_frame_000134.jpg,train/labels/370928dba2f0_frame_000134.txt,370928dba2f0,134,67.0,train,labeled,47,0:2;1:9;2:34;3:1;4:1,bbox:47,
fc2d3c772a60594cefeb4e16a06c4a70cd6a0a09110afdd5c56f2d989d304c19,train/images/370928dba2f0_frame_000135.jpg,train/labels/370928dba2f0_frame_000135.txt,370928dba2f0,135,67.5,train,labeled,49,0:2;1:9;2:36;3:1;4:1,bbox:49,
28f3eb3617e61c8d2b6a372e3f626a20641032e6ed2396a2963d0548c0c19ab6,train/images/370928dba2f0_frame_000136.jpg,train/labels/370928dba2f0_frame_000136.txt,370928dba2f0,136,68.0,train,labeled,57,0:2;1:9;2:43;3:2;4:1,bbox:57,
857f92a75416f16d75068008e534c220c8ba5d24929534f5ff9384874ad518a6,train/images/370928dba2f0_frame_000137.jpg,train/labels/370928dba2f0_frame_000137.txt,370928dba2f0,137,68.5,train,labeled,51,0:2;1:9;2:38;3:1;4:1,bbox:51,
862dcca0f248c30209a840c36dfd3f3392ebbaaa87f73c96d9788a2cf60f5c2b,train/images/370928dba2f0_frame_000138.jpg,train/labels/370928dba2f0_frame_000138.txt,370928dba2f0,138,69.0,train,labeled,53,0:2;1:9;2:40;3:1;4:1,bbox:53,
bbd6b3855b3de3e06fe017d0161aade13456aa715673a8081ec0eee1f4457204,train/images/370928dba2f0_frame_000139.jpg,train/labels/370928dba2f0_frame_000139.txt,370928dba2f0,139,69.5,train,labeled,54,0:2;1:9;2:42;4:1,bbox:54,
5dd02e0b93a637a577e20b9b0908f439257f49f1b8eedd0e0e49f0645862779d,train/images/370928dba2f0_frame_000140.jpg,train/labels/370928dba2f0_frame_000140.txt,370928dba2f0,140,70.0,train,labeled,51,0:2;1:10;2:37;3:1;4:1,bbox:51,
de69e9f9dab00fa8833952ec78593c4a1ed000afa42fad7287c169e35b288811,train/images/370928dba2f0_frame_000141.jpg,train/labels/370928dba2f0_frame_000141.txt,370928dba2f0,141,70.5,train,labeled,51,0:1;1:10;2:39;4:1,bbox:51,
dbe491be019a3b59774f0be43d7e1041157139ef60b2368de4c05b5bf211e47c,train/images/370928dba2f0_frame_000142.jpg,train/labels/370928dba2f0_frame_000142.txt,370928dba2f0,142,71.0,train,labeled,50,0:1;1:10;2:38;4:1,bbox:50,
73041536a14c427d69ff0b4f620509d94907bc975bb78dd20d60e1edc37a06f3,train/images/370928dba2f0_frame_000143.jpg,train/labels/370928dba2f0_frame_000143.txt,370928dba2f0,143,71.5,train,labeled,51,0:1;1:9;2:39;3:1;4:1,bbox:51,
58fd97c3d8fa5511ee0a2745570361bdc8450e005532b81fedefb52056fabc2d,train/images/370928dba2f0_frame_000144.jpg,train/labels/370928dba2f0_frame_000144.txt,370928dba2f0,144,72.0,train,labeled,55,0:1;1:9;2:43;3:1;4:1,bbox:55,
7e4a47d4ef133ceb2a610d3fd49a64f481e485fc972e3b1201dc7f1a2cfe5643,train/images/370928dba2f0_frame_000145.jpg,train/labels/370928dba2f0_frame_000145.txt,370928dba2f0,145,72.5,train,labeled,51,0:1;1:9;2:39;3:1;4:1,bbox:51,
8d6366cfbc582b1ad8846a175d0de379f1d16b8af126c15f5f8d63f14d4c7ad7,train/images/370928dba2f0_frame_000146.jpg,train/labels/370928dba2f0_frame_000146.txt,370928dba2f0,146,73.0,train,labeled,53,0:1;1:9;2:41;3:1;4:1,bbox:53,
3a3b4678de4b6d7ef6851e091a95354d5ccca30d20ef7b06f1376ac1f88385ee,train/images/370928dba2f0_frame_000147.jpg,train/labels/370928dba2f0_frame_000147.txt,370928dba2f0,147,73.5,train,labeled,48,0:1;1:9;2:36;3:1;4:1,bbox:48,
339a40edaeb26948c6f118a1904a15d4ebcfd3d368b1ed91d09f01790018395b,train/images/370928dba2f0_frame_000148.jpg,train/labels/370928dba2f0_frame_000148.txt,370928dba2f0,148,74.0,train,labeled,91,0:5;1:24;2:55;3:6;4:1,bbox:91,
9b71390f3b40c4ca4048ad31782d2474ed4ce26c90bdaa2c35265abc55950ed5,train/images/370928dba2f0_frame_000149.jpg,train/labels/370928dba2f0_frame_000149.txt,370928dba2f0,149,74.5,train,labeled,92,0:6;1:24;2:56;3:5;4:1,bbox:92,
2acff47ef9428d239fa581f8028cf57870c852b121fe458aaae600c3e85c29ae,train/images/370928dba2f0_frame_000150.jpg,train/labels/370928dba2f0_frame_000150.txt,370928dba2f0,150,75.0,train,labeled,88,0:5;1:22;2:57;3:3;4:1,bbox:88,
3cd74a26ddec184f8d93b8e5d9e67b4bc5434af4abc6f8cba85ce3ecc671ba7f,train/images/370928dba2f0_frame_000151.jpg,train/labels/370928dba2f0_frame_000151.txt,370928dba2f0,151,75.5,train,labeled,92,0:6;1:23;2:57;3:5;4:1,bbox:92,
fc2f37b5b7db48b2008ac72852eb59b19b449f680064c3f31583089d2e909d48,train/images/370928dba2f0_frame_000152.jpg,train/labels/370928dba2f0_frame_000152.txt,370928dba2f0,152,76.0,train,labeled,95,0:5;1:27;2:54;3:8;4:1,bbox:95,
d1980b39fb3c41917dae8e377d7a66e326386f3a91493b8638410dca6f530aad,train/images/370928dba2f0_frame_000153.jpg,train/labels/370928dba2f0_frame_000153.txt,370928dba2f0,153,76.5,train,labeled,100,0:7;1:24;2:62;3:6;4:1,bbox:100,
5f1973a5dd7abbc8f9d5eec99b05f5e922506c5e08133e97fcd4cd4910c7eaf3,train/images/370928dba2f0_frame_000154.jpg,train/labels/370928dba2f0_frame_000154.txt,370928dba2f0,154,77.0,train,labeled,92,0:4;1:20;2:62;3:5;4:1,bbox:92,
14798fcaee623c2e3837fba165d750f40bf14e67038202f7ce55a5c80d68e1c4,train/images/370928dba2f0_frame_000155.jpg,train/labels/370928dba2f0_frame_000155.txt,370928dba2f0,155,77.5,train,labeled,91,0:4;1:20;2:61;3:5;4:1,bbox:91,
d75db8bd8dc0735899c7abe4737e69e11fb7129fdd5ca2d517bb5154d0c28a1c,train/images/370928dba2f0_frame_000156.jpg,train/labels/370928dba2f0_frame_000156.txt,370928dba2f0,156,78.0,train,labeled,93,0:4;1:24;2:59;3:5;4:1,bbox:93,
887d9a3a0d43b0a7bc6baaad606995788dc083bf57eabee3397160484e835320,train/images/370928dba2f0_frame_000157.jpg,train/labels/370928dba2f0_frame_000157.txt,370928dba2f0,157,78.5,train,labeled,97,0:4;1:24;2:62;3:6;4:1,bbox:97,
b921f9cf6faa954eae615377cc26c10657ea69310a1c0d2b238a5adaa4ebbae4,train/images/370928dba2f0_frame_000158.jpg,train/labels/370928dba2f0_frame_000158.txt,370928dba2f0,158,79.0,train,labeled,99,0:3;1:26;2:64;3:5;4:1,bbox:99,
e7110753d446a5e0ac0b8699b33cc4be0280a71dc42cbfcc4df37b8a86b47b3d,train/images/370928dba2f0_frame_000159.jpg,train/labels/370928dba2f0_frame_000159.txt,370928dba2f0,159,79.5,train,labeled,96,0:4;1:25;2:61;3:5;4:1,bbox:96,
8b0d0217a41a935bed3dd61e2a506fc9a0a416da6eb5b1aefbf8a3a531ee2724,train/images/370928dba2f0_frame_000160.jpg,train/labels/370928dba2f0_frame_000160.txt,370928dba2f0,160,80.0,train,labeled,97,0:3;1:23;2:66;3:4;4:1,bbox:97,
b09c4327b85b0e81c6f53d123d7ac06fa7c1a66094a63b895283318c330d8a66,train/images/370928dba2f0_frame_000161.jpg,train/labels/370928dba2f0_frame_000161.txt,370928dba2f0,161,80.5,train,labeled,93,0:4;1:21;2:64;3:3;4:1,bbox:93,
41bc55f5b022660a83789ff293e99a96aa0a446e1c0801ecf2acca3545546022,train/images/370928dba2f0_frame_000162.jpg,train/labels/370928dba2f0_frame_000162.txt,370928dba2f0,162,81.0,train,labeled,94,0:3;1:21;2:66;3:3;4:1,bbox:94,
821a0801b878df95fd2f923f9c8ec38c6c1fa1e5f45dd35c98d85a40da429565,train/images/370928dba2f0_frame_000163.jpg,train/labels/370928dba2f0_frame_000163.txt,370928dba2f0,163,81.5,train,labeled,97,0:4;1:21;2:68;3:3;4:1,bbox:97,
f681b7037467483358d6609b7243a68df38d3a1f7ad66c0ff40b660bdafcadac,train/images/370928dba2f0_frame_000164.jpg,train/labels/370928dba2f0_frame_000164.txt,370928dba2f0,164,82.0,train,labeled,89,0:2;1:21;2:62;3:3;4:1,bbox:89,
da2ed3b3e776aa667690489e3b06618c5d65a4bd24583e52caeae1415f1b0a0f,train/images/370928dba2f0_frame_000165.jpg,train/labels/370928dba2f0_frame_000165.txt,370928dba2f0,165,82.5,train,labeled,96,0:3;1:25;2:63;3:4;4:1,bbox:96,
cbf31e225b4bb86fbb292fb67b62bd73d1ebab77b14f0f08535556d0c1ca973f,train/images/370928dba2f0_frame_000166.jpg,train/labels/370928dba2f0_frame_000166.txt,370928dba2f0,166,83.0,train,labeled,101,0:5;1:24;2:67;3:4;4:1,bbox:101,
561d108878cf0e67830d8927d859628b057e9e501b54af7c42ed141300b4fd71,train/images/370928dba2f0_frame_000167.jpg,train/labels/370928dba2f0_frame_000167.txt,370928dba2f0,167,83.5,train,labeled,98,0:3;1:23;2:68;3:3;4:1,bbox:98,
bb6217cede27c738397ad1fc63dbe0fbc3af434ea12e638c3d65b395056592b2,train/images/370928dba2f0_frame_000168.jpg,train/labels/370928dba2f0_frame_000168.txt,370928dba2f0,168,84.0,train,labeled,98,0:3;1:23;2:68;3:3;4:1,bbox:98,
3be0e246f71521e5d1116099b269dfd957798e09b54eb6809bab4dce7deaeb58,train/images/370928dba2f0_frame_000169.jpg,train/labels/370928dba2f0_frame_000169.txt,370928dba2f0,169,84.5,train,labeled,96,0:3;1:23;2:65;3:4;4:1,bbox:96,
5ae01a1c25fea0d7578da8ce51e98113ef3cad5508de92ef7fe9461ff9e95739,train/images/370928dba2f0_frame_000170.jpg,train/labels/370928dba2f0_frame_000170.txt,370928dba2f0,170,85.0,train,labeled,101,0:3;1:26;2:66;3:5;4:1,bbox:101,
ed60c68bb48da05d0cd5ce88cecc79c1d91ebd051140c7d375a4c65e1682dad6,train/images/370928dba2f0_frame_000171.jpg,train/labels/370928dba2f0_frame_000171.txt,370928dba2f0,171,85.5,train,labeled,95,0:4;1:25;2:61;3:4;4:1,bbox:95,
6ea5d018d555b741e719755ee11a88ac670070b7416ce961b84b6b960d995938,train/images/370928dba2f0_frame_000172.jpg,train/labels/370928dba2f0_frame_000172.txt,370928dba2f0,172,86.0,train,labeled,91,0:3;1:24;2:58;3:5;4:1,bbox:91,
2cfb390ae07bff974289a152df9f3e31759524eee48ec985888730cb2cb17650,train/images/370928dba2f0_frame_000173.jpg,train/labels/370928dba2f0_frame_000173.txt,370928dba2f0,173,86.5,train,labeled,92,0:3;1:24;2:60;3:4;4:1,bbox:92,
6c55a91faff44d4d55677e23e3ae3d4cde38a5ed505aabd578b528a392239872,train/images/370928dba2f0_frame_000174.jpg,train/labels/370928dba2f0_frame_000174.txt,370928dba2f0,174,87.0,train,labeled,91,0:4;1:25;2:57;3:4;4:1,bbox:91,
ec999aa6e728e68c8121c5243f4fe38cc9cedc52aa2baa21d14c62cc3e4d5f96,train/images/370928dba2f0_frame_000175.jpg,train/labels/370928dba2f0_frame_000175.txt,370928dba2f0,175,87.5,train,labeled,95,0:4;1:24;2:62;3:4;4:1,bbox:95,
2e146ff06808b5f58677ea2331c45c15a44ff536a29f78fe14ce06771a21f1ff,train/images/370928dba2f0_frame_000176.jpg,train/labels/370928dba2f0_frame_000176.txt,370928dba2f0,176,88.0,train,labeled,85,0:2;1:23;2:56;3:3;4:1,bbox:85,
66366a62b648001b2f99cbb13266a9d1bb761588e5fde7a3ad5d2df12baa8474,train/images/370928dba2f0_frame_000177.jpg,train/labels/370928dba2f0_frame_000177.txt,370928dba2f0,177,88.5,train,labeled,94,0:2;1:24;2:64;3:3;4:1,bbox:94,
a7513fa951f1dcd6c7b77919ec257dab0202c7e9befe8b5501dbd2a5ccc03af5,train/images/370928dba2f0_frame_000178.jpg,train/labels/370928dba2f0_frame_000178.txt,370928dba2f0,178,89.0,train,labeled,95,0:3;1:26;2:61;3:3;4:2,bbox:95,
9d692993893e52943c6e8ee40a195b8344aca65d8af9a86487228d04350feeec,train/images/370928dba2f0_frame_000179.jpg,train/labels/370928dba2f0_frame_000179.txt,370928dba2f0,179,89.5,train,labeled,96,0:2;1:25;2:63;3:5;4:1,bbox:96,
c2670753aaa9fa37dfa21e5dbdd52fca222dc0199b07ceed3a32670ea3116b05,train/images/370928dba2f0_frame_000180.jpg,train/labels/370928dba2f0_frame_000180.txt,370928dba2f0,180,90.0,train,labeled,91,0:2;1:25;2:59;3:4;4:1,bbox:91,
e19eda886dad84db82c7312c19b9ecebf17490fed85740e1d42d642cd144f234,train/images/370928dba2f0_frame_000181.jpg,train/labels/370928dba2f0_frame_000181.txt,370928dba2f0,181,90.5,train,labeled,101,0:2;1:26;2:69;3:3;4:1,bbox:101,
ec5f4fde8e7ff170326805c5921cc124d655edee192a266da2678b71f45bdbff,train/images/370928dba2f0_frame_000182.jpg,train/labels/370928dba2f0_frame_000182.txt,370928dba2f0,182,91.0,train,labeled,99,0:2;1:25;2:69;3:2;4:1,bbox:99,
f063ea9798de19357f8745244cae299746b516e5437f2b9dbd9824c32d051ad9,train/images/370928dba2f0_frame_000183.jpg,train/labels/370928dba2f0_frame_000183.txt,370928dba2f0,183,91.5,train,labeled,92,0:4;1:24;2:60;3:3;4:1,bbox:92,
a6a1851b1506bd464c542ec51ee9e8219a4a85255cf5f2976c6bb62faa63e0d1,train/images/370928dba2f0_frame_000184.jpg,train/labels/370928dba2f0_frame_000184.txt,370928dba2f0,184,92.0,train,labeled,98,0:2;1:24;2:67;3:4;4:1,bbox:98,
35a32aafff0830dd72b2645ac58569b3c609ef76e2c0db9e7de4cb7384c3f201,train/images/370928dba2f0_frame_000185.jpg,train/labels/370928dba2f0_frame_000185.txt,370928dba2f0,185,92.5,train,labeled,98,0:4;1:23;2:66;3:4;4:1,bbox:98,
f377caeacca8f0ff972a9c6f73ea7203ec17935f3613744898c881f1f4899d1d,train/images/370928dba2f0_frame_000186.jpg,train/labels/370928dba2f0_frame_000186.txt,370928dba2f0,186,93.0,train,labeled,99,0:2;1:24;2:70;3:2;4:1,bbox:99,
73ea29e6b71872098da903a92621b6d52358df7bee938d41bf220f8a6933070d,train/images/370928dba2f0_frame_000187.jpg,train/labels/370928dba2f0_frame_000187.txt,370928dba2f0,187,93.5,train,labeled,98,0:3;1:23;2:69;3:2;4:1,bbox:98,
cfea805deb94f4c3a38ec25dfbb3c19a06564a9b718ca739ab4aea91bcb8efdc,train/images/370928dba2f0_frame_000188.jpg,train/labels/370928dba2f0_frame_000188.txt,370928dba2f0,188,94.0,train,labeled,97,0:4;1:23;2:68;3:1;4:1,bbox:97,
2743ca36b8d4a274a6099f74760592f7cc69c256337f941587f5bd374b4cd809,train/images/370928dba2f0_frame_000189.jpg,train/labels/370928dba2f0_frame_000189.txt,370928dba2f0,189,94.5,train,labeled,95,0:3;1:23;2:66;3:2;4:1,bbox:95,
e7f927c8e06a9e9f4c7146bd7680ca6065287db92a77e75e2bf4fa4db0c5e8bd,train/images/370928dba2f0_frame_000190.jpg,train/labels/370928dba2f0_frame_000190.txt,370928dba2f0,190,95.0,train,labeled,93,0:5;1:24;2:62;3:1;4:1,bbox:93,
c3c677b9e17e2b7e11b46167a54da95c5f40f2cbb2aaa1e5c6ab488d9d8bc62f,train/images/370928dba2f0_frame_000191.jpg,train/labels/370928dba2f0_frame_000191.txt,370928dba2f0,191,95.5,train,labeled,91,0:3;1:22;2:64;3:1;4:1,bbox:91,
e053710b5bb952125b85c00afaaea23f88faaeb6e89ad99ad99e56883f37310a,train/images/370928dba2f0_frame_000192.jpg,train/labels/370928dba2f0_frame_000192.txt,370928dba2f0,192,96.0,train,labeled,87,0:3;1:21;2:60;3:2;4:1,bbox:87,
56b065864949afb647a4dfb9decfbef6316a491a3bbf1313a4a46e9d0254fe2b,train/images/370928dba2f0_frame_000193.jpg,train/labels/370928dba2f0_frame_000193.txt,370928dba2f0,193,96.5,train,labeled,96,0:6;1:22;2:64;3:3;4:1,bbox:96,
7286a8ef96c798bde9839c5c5e317b33ccd367f4a981de0e828a9ebe221d6f64,train/images/370928dba2f0_frame_000194.jpg,train/labels/370928dba2f0_frame_000194.txt,370928dba2f0,194,97.0,train,labeled,87,0:4;1:22;2:60;4:1,bbox:87,
fac8a3b06d380289dba470b93316214c05617ccf09f804dcd8563bf31f75c998,train/images/370928dba2f0_frame_000195.jpg,train/labels/370928dba2f0_frame_000195.txt,370928dba2f0,195,97.5,train,labeled,89,0:4;1:21;2:63;4:1,bbox:89,
daa431c2eae1d46be099e99aa7fd820c1e447aea8fe316be659810cfb0915aba,train/images/370928dba2f0_frame_000196.jpg,train/labels/370928dba2f0_frame_000196.txt,370928dba2f0,196,98.0,train,labeled,87,0:3;1:20;2:62;3:1;4:1,bbox:87,
606e369f80163dd12b1a9041e0c700e06c86cdaaa3e4b13280337563937c5c78,train/images/370928dba2f0_frame_000197.jpg,train/labels/370928dba2f0_frame_000197.txt,370928dba2f0,197,98.5,train,labeled,87,0:2;1:20;2:63;3:1;4:1,bbox:87,
d818acd0041428ed0523b8145baede38e40638ef214d05878bab26f03de096f9,train/images/370928dba2f0_frame_000198.jpg,train/labels/370928dba2f0_frame_000198.txt,370928dba2f0,198,99.0,train,labeled,89,0:4;1:20;2:62;3:2;4:1,bbox:89,
28325d0512fa6ac4817d28c32956a606f015faeb0e1afddc5052319daf6f44e3,train/images/370928dba2f0_frame_000199.jpg,train/labels/370928dba2f0_frame_000199.txt,370928dba2f0,199,99.5,train,labeled,95,0:5;1:23;2:65;3:1;4:1,bbox:95,
2119774adef44b467e24f65d3bacf117c461afa8a40356dd80e64e79f7fbdbb9,train/images/370928dba2f0_frame_000200.jpg,train/labels/370928dba2f0_frame_000200.txt,370928dba2f0,200,100.0,train,labeled,89,0:3;1:22;2:61;3:2;4:1,bbox:89,
f5da9cf26501651a18ccf53a4647f7fa61628be687903fc78385239f2295b3c0,train/images/370928dba2f0_frame_000201.jpg,train/labels/370928dba2f0_frame_000201.txt,370928dba2f0,201,100.5,train,labeled,84,0:4;1:19;2:59;3:1;4:1,bbox:84,
22439b0625564f032ec90e055acb458f1dd5700e3e726a2732b425028a4f336e,train/images/370928dba2f0_frame_000202.jpg,train/labels/370928dba2f0_frame_000202.txt,370928dba2f0,202,101.0,train,labeled,83,0:3;1:18;2:60;3:1;4:1,bbox:83,
3d8371d5bc74bcf99103c300e1486a41b0b8e74b0d04b5653887f006dc8eb141,train/images/370928dba2f0_frame_000203.jpg,train/labels/370928dba2f0_frame_000203.txt,370928dba2f0,203,101.5,train,labeled,86,0:4;1:20;2:60;3:1;4:1,bbox:86,
29e22d44d23f98db34fd2db188bb136bb724a0093252d85fd792cee288d0df50,train/images/370928dba2f0_frame_000204.jpg,train/labels/370928dba2f0_frame_000204.txt,370928dba2f0,204,102.0,train,labeled,86,0:4;1:21;2:57;3:3;4:1,bbox:86,
7f5b34c386bd2730ca5070bb7f8e0f1538a0a0b5f2641173705f251cf585fcea,train/images/370928dba2f0_frame_000205.jpg,train/labels/370928dba2f0_frame_000205.txt,370928dba2f0,205,102.5,train,labeled,82,0:4;1:18;2:57;3:2;4:1,bbox:82,
7636dcbe39fa61707d043272df5e7a38c540009b6469dc8ca66228e5608cdfb7,train/images/370928dba2f0_frame_000206.jpg,train/labels/370928dba2f0_frame_000206.txt,370928dba2f0,206,103.0,train,labeled,85,0:4;1:20;2:59;3:1;4:1,bbox:85,
3017c86b41de47a2e1cd4fc83a3105bc076f2589f8b5739b8b0bec2865012946,train/images/370928dba2f0_frame_000207.jpg,train/labels/370928dba2f0_frame_000207.txt,370928dba2f0,207,103.5,train,labeled,86,0:4;1:20;2:59;3:2;4:1,bbox:86,
51e48fa05c24563ad6cb14e25f460b278d71a702d3be46b74c7991ec6e6337af,train/images/370928dba2f0_frame_000208.jpg,train/labels/370928dba2f0_frame_000208.txt,370928dba2f0,208,104.0,train,labeled,81,0:3;1:18;2:58;3:1;4:1,bbox:81,
d66edeedbd9fe85244c6715f533c0c7d90eb3e61e6f12f5606f8712872e8e365,train/images/370928dba2f0_frame_000209.jpg,train/labels/370928dba2f0_frame_000209.txt,370928dba2f0,209,104.5,train,labeled,89,0:5;1:18;2:64;3:1;4:1,bbox:89,
b363dfbbc7c3a821609f8942d4213458ad42ce7bbae7f668be782a25013d08cc,train/images/370928dba2f0_frame_000210.jpg,train/labels/370928dba2f0_frame_000210.txt,370928dba2f0,210,105.0,train,labeled,90,0:4;1:21;2:63;3:1;4:1,bbox:90,
94d7f114e5d41333f29992dfc8f9bbb788ec7cb25868a476c1f2ab82655a0c85,train/images/370928dba2f0_frame_000211.jpg,train/labels/370928dba2f0_frame_000211.txt,370928dba2f0,211,105.5,train,labeled,82,0:3;1:19;2:58;3:1;4:1,bbox:82,
391473cf2a92f66b9828efddb2b98da159020f0867d3179f476998440e8802d4,train/images/370928dba2f0_frame_000212.jpg,train/labels/370928dba2f0_frame_000212.txt,370928dba2f0,212,106.0,train,labeled,78,0:3;1:17;2:56;3:1;4:1,bbox:78,
d14745e3a42fe6aa9e4cba2454251a558af56fdb19002df63f389007fe1d5060,train/images/370928dba2f0_frame_000213.jpg,train/labels/370928dba2f0_frame_000213.txt,370928dba2f0,213,106.5,train,labeled,78,0:3;1:16;2:57;3:1;4:1,bbox:78,
31664904b16bc86ffae9ec7af3f0fecac23d5f0e2e70e18d5cb6345c72e5354f,train/images/370928dba2f0_frame_000214.jpg,train/labels/370928dba2f0_frame_000214.txt,370928dba2f0,214,107.0,train,labeled,83,0:5;1:15;2:61;3:1;4:1,bbox:83,
44a3717dad33f330264f12dd68de3c15673678dc42fbeb401f06573a1809c19f,train/images/370928dba2f0_frame_000215.jpg,train/labels/370928dba2f0_frame_000215.txt,370928dba2f0,215,107.5,train,labeled,79,0:4;1:15;2:58;3:1;4:1,bbox:79,
85bdd92b9aeff3ee8a51744d76a8a13a0a1b2891350f1bf2c4a419c5c72f5549,train/images/370928dba2f0_frame_000216.jpg,train/labels/370928dba2f0_frame_000216.txt,370928dba2f0,216,108.0,train,labeled,78,0:3;1:16;2:58;4:1,bbox:78,
6690125eca435e85816d4c13b827d931b10af131851919b005702e5cd8489612,train/images/370928dba2f0_frame_000217.jpg,train/labels/370928dba2f0_frame_000217.txt,370928dba2f0,217,108.5,train,labeled,77,0:3;1:15;2:58;4:1,bbox:77,
8b2c39dfcf0a7a52c76f87c069bfd6404fa5de50d15c391be32e55a57fffd2d5,train/images/370928dba2f0_frame_000218.jpg,train/labels/370928dba2f0_frame_000218.txt,370928dba2f0,218,109.0,train,labeled,79,0:3;1:12;2:63;4:1,bbox:79,
0127a88ad17181a41f6d22183b1dabd3b44da320ab59116e906a8915218a0a6c,train/images/370928dba2f0_frame_000219.jpg,train/labels/370928dba2f0_frame_000219.txt,370928dba2f0,219,109.5,train,labeled,80,0:5;1:12;2:61;4:2,bbox:80,
5c208fc2cf82f6bc1eb26fd40ef8118753a15e619c959e9abb5d74315dc1226d,train/images/370928dba2f0_frame_000220.jpg,train/labels/370928dba2f0_frame_000220.txt,370928dba2f0,220,110.0,train,labeled,75,0:3;1:12;2:58;4:2,bbox:75,
2c2bd3703bb5a84bef164d1f329917d8b62a111229364ac534abe199cea271be,train/images/370928dba2f0_frame_000221.jpg,train/labels/370928dba2f0_frame_000221.txt,370928dba2f0,221,110.5,train,labeled,77,0:5;1:11;2:60;4:1,bbox:77,
759787665a2d95055217ea6048292020ab3bca3a7cafcc2870111d1e5a9cd5e8,train/images/370928dba2f0_frame_000222.jpg,train/labels/370928dba2f0_frame_000222.txt,370928dba2f0,222,111.0,train,labeled,76,0:5;1:13;2:57;4:1,bbox:76,
d8a4b6006f87bf6764af78b546680c270d9309be321255eda087bbfa008745e0,train/images/370928dba2f0_frame_000223.jpg,train/labels/370928dba2f0_frame_000223.txt,370928dba2f0,223,111.5,train,labeled,74,0:5;1:13;2:55;4:1,bbox:74,
c94dbeee29cf79f7824a4029626d012e44fc918dfdbbca19fc3e3adb0960a640,train/images/370928dba2f0_frame_000224.jpg,train/labels/370928dba2f0_frame_000224.txt,370928dba2f0,224,112.0,train,labeled,72,0:4;1:11;2:56;4:1,bbox:72,
748c062cdc4d57f1c3cfbac86fb5759fbb5500a3af3438de266c91bfd862fe06,train/images/370928dba2f0_frame_000225.jpg,train/labels/370928dba2f0_frame_000225.txt,370928dba2f0,225,112.5,train,labeled,70,0:5;1:12;2:51;3:1;4:1,bbox:70,
e74228a01d8a6ae60af12cd049132385036b7497102047478464ac84b92b448d,train/images/370928dba2f0_frame_000226.jpg,train/labels/370928dba2f0_frame_000226.txt,370928dba2f0,226,113.0,train,labeled,70,0:5;1:13;2:51;4:1,bbox:70,
bca843512fd9625fc11d65e6bfe0c5e8117b94e5a7af13262cf1d555ce0aaaf1,train/images/370928dba2f0_frame_000227.jpg,train/labels/370928dba2f0_frame_000227.txt,370928dba2f0,227,113.5,train,labeled,77,0:5;1:13;2:58;4:1,bbox:77,
446e9870fa063e54896ae3d6825dd1e814af77c9b2011b43f81e5c75e7d35ee2,train/images/370928dba2f0_frame_000228.jpg,train/labels/370928dba2f0_frame_000228.txt,370928dba2f0,228,114.0,train,labeled,79,0:6;1:11;2:61;4:1,bbox:79,
40807a1479cd1de2872ef816d115798c491148da3e6ab23c2d82dd850ab3f2f5,train/images/370928dba2f0_frame_000229.jpg,train/labels/370928dba2f0_frame_000229.txt,370928dba2f0,229,114.5,train,labeled,78,0:6;1:11;2:59;3:1;4:1,bbox:78,
4fc8bd199fd33acfcd97e8aa7ad9cb14b7c15a0595ebf45821d8aa19054887cd,train/images/370928dba2f0_frame_000230.jpg,train/labels/370928dba2f0_frame_000230.txt,370928dba2f0,230,115.0,train,labeled,80,0:6;1:10;2:62;3:1;4:1,bbox:80,
5269e17faf09926348561b14ed4689fad87590ab3c12f1d08c938b8cf45fab3d,train/images/370928dba2f0_frame_000231.jpg,train/labels/370928dba2f0_frame_000231.txt,370928dba2f0,231,115.5,train,labeled,75,0:3;1:11;2:59;3:1;4:1,bbox:75,
fff6050878d9f073d55477e43a5dde8f8e43745e805dd2df3320aa86f142a949,train/images/370928dba2f0_frame_000232.jpg,train/labels/370928dba2f0_frame_000232.txt,370928dba2f0,232,116.0,train,labeled,71,0:3;1:11;2:56;4:1,bbox:71,
671b937c16f1068a3d803292891afca410a4da145d786a97acb1eccd5276e660,train/images/370928dba2f0_frame_000233.jpg,train/labels/370928dba2f0_frame_000233.txt,370928dba2f0,233,116.5,train,labeled,74,0:3;1:13;2:56;3:1;4:1,bbox:74,
a1e318b27aef8e2fab94d9bd43b89aef91b7fecf86835a39bdbebd4acbd6ac20,train/images/370928dba2f0_frame_000234.jpg,train/labels/370928dba2f0_frame_000234.txt,370928dba2f0,234,117.0,train,labeled,77,0:3;1:15;2:57;3:1;4:1,bbox:77,
643f8f198ef6bc0830b9c48e23c735f2fffa3d655178ff7949db2d82b3d5f4f6,train/images/370928dba2f0_frame_000235.jpg,train/labels/370928dba2f0_frame_000235.txt,370928dba2f0,235,117.5,train,labeled,78,0:3;1:11;2:63;4:1,bbox:78,
c1dde3a7419ade510f1d3fd4ca91dc228e7111536c7d4088a9eee5a8160c0640,train/images/370928dba2f0_frame_000236.jpg,train/labels/370928dba2f0_frame_000236.txt,370928dba2f0,236,118.0,train,labeled,75,0:3;1:12;2:59;4:1,bbox:75,
9c596f87d401105e8730b8e1c3139f46482552d2a21456d74a0009fa85eaf0e6,train/images/370928dba2f0_frame_000237.jpg,train/labels/370928dba2f0_frame_000237.txt,370928dba2f0,237,118.5,train,labeled,75,0:3;1:12;2:59;4:1,bbox:75,
9ee01372711d758eb498946438eeb3fa965f6c2b9c82926195703f2b71f5fc2e,train/images/370928dba2f0_frame_000238.jpg,train/labels/370928dba2f0_frame_000238.txt,370928dba2f0,238,119.0,train,labeled,72,0:2;1:11;2:58;4:1,bbox:72,
8256465b251ff980cf453a7a9126225f231b103e273cfdccea4755df990a66ac,train/images/370928dba2f0_frame_000239.jpg,train/labels/370928dba2f0_frame_000239.txt,370928dba2f0,239,119.5,train,labeled,74,0:2;1:12;2:59;4:1,bbox:74,
09a4b3a1d6eaa00e1bf43cf8341d04eb4e0ffad6580d731df4e195bf72345b31,train/images/370928dba2f0_frame_000240.jpg,train/labels/370928dba2f0_frame_000240.txt,370928dba2f0,240,120.0,train,labeled,74,0:2;1:11;2:58;3:2;4:1,bbox:74,
123965907167e79535b85866d1a1dee7984c46310bb8acf4bf735f1fa20433b3,train/images/370928dba2f0_frame_000241.jpg,train/labels/370928dba2f0_frame_000241.txt,370928dba2f0,241,120.5,train,labeled,75,0:2;1:11;2:60;3:1;4:1,bbox:75,
729ceb9505e548c5e6287e34aff5ed9f2bb625453091dc29cfb859ed9bf270d2,train/images/370928dba2f0_frame_000242.jpg,train/labels/370928dba2f0_frame_000242.txt,370928dba2f0,242,121.0,train,labeled,75,0:2;1:11;2:58;3:3;4:1,bbox:75,
c219fad33c1e8ad45e40b57a5cf55cf3a1b8e2aa4d7f07f9e18eaf6e51fd9d3f,train/images/370928dba2f0_frame_000243.jpg,train/labels/370928dba2f0_frame_000243.txt,370928dba2f0,243,121.5,train,labeled,72,0:1;1:11;2:56;3:3;4:1,bbox:72,
1f8bf028d80958bf11a3ecfdddff02fd2d512712e851ca66b2c4105c333b33f2,train/images/370928dba2f0_frame_000244.jpg,train/labels/370928dba2f0_frame_000244.txt,370928dba2f0,244,122.0,train,labeled,72,0:1;1:10;2:58;3:2;4:1,bbox:72,
b76f1c78ca274f948008ae65f9f269f7f6ae4757c41e5d0b71a729a748fa6ccf,train/images/370928dba2f0_frame_000245.jpg,train/labels/370928dba2f0_frame_000245.txt,370928dba2f0,245,122.5,train,labeled,70,0:1;1:10;2:56;3:2;4:1,bbox:70,
7815fcc16eeb94821afc2dd115a413214f5443fba2c3428ec43f6fbb92d58373,train/images/370928dba2f0_frame_000246.jpg,train/labels/370928dba2f0_frame_000246.txt,370928dba2f0,246,123.0,train,labeled,70,0:1;1:10;2:56;3:2;4:1,bbox:70,
04bd0fd0081bb89d9f74fe3d2fe2a5003a6bc474ebd9d86d7a6e5defeb2d585f,train/images/370928dba2f0_frame_000247.jpg,train/labels/370928dba2f0_frame_000247.txt,370928dba2f0,247,123.5,train,labeled,72,0:1;1:12;2:53;3:5;4:1,bbox:72,
052caf10f4647ec950638eeb4007ba3c247c6cb64296702e8a35a8158842b843,train/images/370928dba2f0_frame_000248.jpg,train/labels/370928dba2f0_frame_000248.txt,370928dba2f0,248,124.0,train,labeled,58,0:1;1:10;2:45;3:1;4:1,bbox:58,
ab2cc7052e0626348521b533e03e9cfff808116dd5f9cd14bc2529eff67853d0,train/images/370928dba2f0_frame_000249.jpg,train/labels/370928dba2f0_frame_000249.txt,370928dba2f0,249,124.5,train,labeled,59,0:1;1:10;2:47;4:1,bbox:59,
a044dcbc0f043f324bd1d27315703a6deb0e84d4f5c97a261a6e5e75591e6c37,train/images/370928dba2f0_frame_000250.jpg,train/labels/370928dba2f0_frame_000250.txt,370928dba2f0,250,125.0,train,labeled,58,0:1;1:10;2:45;3:1;4:1,bbox:58,
d55dad915297f2fad4487a269cdd9a80ffd3d4c9cb840364cf724e4bbf796c99,train/images/370928dba2f0_frame_000251.jpg,train/labels/370928dba2f0_frame_000251.txt,370928dba2f0,251,125.5,train,labeled,57,0:1;1:10;2:44;3:1;4:1,bbox:57,
e99741fc592a0bb89f96ac26dbe00ac88275f9b45a3e723c54959c54441a4ea7,train/images/370928dba2f0_frame_000252.jpg,train/labels/370928dba2f0_frame_000252.txt,370928dba2f0,252,126.0,train,labeled,51,0:1;1:10;2:39;4:1,bbox:51,
a50dd8746384b00c6e9f1ce29888c28cc760b96decc874c2d9583d633c7a38d5,train/images/370928dba2f0_frame_000253.jpg,train/labels/370928dba2f0_frame_000253.txt,370928dba2f0,253,126.5,train,labeled,55,0:1;1:10;2:42;3:1;4:1,bbox:55,
065b1cc5c3d282018a90a0dab431ba06d0bcdc95b72a5e17f980935d7c8a56a6,train/images/370928dba2f0_frame_000254.jpg,train/labels/370928dba2f0_frame_000254.txt,370928dba2f0,254,127.0,train,labeled,53,0:1;1:11;2:39;3:1;4:1,bbox:53,
6b303f97c5da4bea966b32a63b297950e1f1352a81928b19d5fa973a346b8338,train/images/370928dba2f0_frame_000255.jpg,train/labels/370928dba2f0_frame_000255.txt,370928dba2f0,255,127.5,train,labeled,54,0:1;1:10;2:41;3:1;4:1,bbox:54,
9b6b729f17d8e579f3d02839c9c8983d016deb1dab78640e0248abea203f0e97,train/images/370928dba2f0_frame_000256.jpg,train/labels/370928dba2f0_frame_000256.txt,370928dba2f0,256,128.0,train,labeled,56,0:1;1:11;2:42;3:1;4:1,bbox:56,
188afa1d4680ffa925c4eacdbbd3db3af426537289167254e8daa7d778ebab3e,train/images/370928dba2f0_frame_000257.jpg,train/labels/370928dba2f0_frame_000257.txt,370928dba2f0,257,128.5,train,labeled,54,0:1;1:12;2:40;4:1,bbox:54,
2967455adaf22f578f43b9961020da8ce137f1d129cc005afad264d63cc5d191,train/images/370928dba2f0_frame_000258.jpg,train/labels/370928dba2f0_frame_000258.txt,370928dba2f0,258,129.0,train,labeled,56,0:1;1:11;2:42;3:1;4:1,bbox:56,
5a000ea4453bc2d2f00a103d7a884d1edd0ef4654dc8c7a1bacf15f9d62131a9,train/images/370928dba2f0_frame_000259.jpg,train/labels/370928dba2f0_frame_000259.txt,370928dba2f0,259,129.5,train,labeled,53,0:1;1:11;2:38;3:2;4:1,bbox:53,
e5a5b5e1a2ca84ccaf350964c98880ce955e5e50fddf7dfb28f31b606bc01793,train/images/370928dba2f0_frame_000260.jpg,train/labels/370928dba2f0_frame_000260.txt,370928dba2f0,260,130.0,train,labeled,55,0:1;1:10;2:41;3:1;4:2,bbox:55,
2534e4a4b8d4e5c0b7cf38fd9a826939e7ffa306dfd254cb71eb731968c2055b,train/images/370928dba2f0_frame_000261.jpg,train/labels/370928dba2f0_frame_000261.txt,370928dba2f0,261,130.5,train,labeled,49,0:1;1:9;2:37;3:1;4:1,bbox:49,
cfdcb01d53b100d37a134436ca4746cbdaf7af4fd0da529f0bc7bae08ef8b5ff,train/images/370928dba2f0_frame_000262.jpg,train/labels/370928dba2f0_frame_000262.txt,370928dba2f0,262,131.0,train,labeled,50,0:1;1:9;2:38;3:1;4:1,bbox:50,
e171701dc765b3f6eaf999f1528672f95fc14ff006ca03081a7b1f52ddbd1549,train/images/370928dba2f0_frame_000263.jpg,train/labels/370928dba2f0_frame_000263.txt,370928dba2f0,263,131.5,train,labeled,44,0:1;1:10;2:30;3:2;4:1,bbox:44,
8565eecdcfded10cbd2003ab727cb052ae13224127c474688f4900cc5b551da1,train/images/370928dba2f0_frame_000264.jpg,train/labels/370928dba2f0_frame_000264.txt,370928dba2f0,264,132.0,train,labeled,43,0:2;1:11;2:28;3:1;4:1,bbox:43,
1bc17de6bab9f90a1cf0b08b7e67496482e416a7a2eabfb9537711433950eb1e,train/images/370928dba2f0_frame_000265.jpg,train/labels/370928dba2f0_frame_000265.txt,370928dba2f0,265,132.5,train,labeled,44,0:1;1:10;2:32;4:1,bbox:44,
2b66495b04039af9540522fd39fed3225ce8de58c8ffa5979e6464be3026a743,train/images/370928dba2f0_frame_000266.jpg,train/labels/370928dba2f0_frame_000266.txt,370928dba2f0,266,133.0,train,labeled,43,0:1;1:11;2:29;3:1;4:1,bbox:43,
de2fe12a182e49d785983cbf9ab3531f8793929881d475159ce3f04d26948594,train/images/370928dba2f0_frame_000267.jpg,train/labels/370928dba2f0_frame_000267.txt,370928dba2f0,267,133.5,train,labeled,38,0:1;1:11;2:25;4:1,bbox:38,
63f12513ded90f810d70c4d0a558256c5e3227b73f0748cd7c3a7ec877686ebd,train/images/370928dba2f0_frame_000268.jpg,train/labels/370928dba2f0_frame_000268.txt,370928dba2f0,268,134.0,train,labeled,39,0:1;1:11;2:25;3:1;4:1,bbox:39,
f9a7afea843e8808f5450828a0ab20f87fe65bf369df2206bea71c9249a50702,train/images/370928dba2f0_frame_000269.jpg,train/labels/370928dba2f0_frame_000269.txt,370928dba2f0,269,134.5,train,labeled,34,0:1;1:10;2:22;4:1,bbox:34,
722bb627f15ba1ef9a35dd6b57ac4b7c4674bec9f20ca040911e57d1d3163f50,train/images/370928dba2f0_frame_000270.jpg,train/labels/370928dba2f0_frame_000270.txt,370928dba2f0,270,135.0,train,labeled,32,0:1;1:9;2:21;4:1,bbox:32,
35089cee9b3dcba95780cb096439bea4124721a32f1a626687ecd38273cd7328,train/images/370928dba2f0_frame_000271.jpg,train/labels/370928dba2f0_frame_000271.txt,370928dba2f0,271,135.5,train,labeled,35,0:1;1:9;2:23;3:1;4:1,bbox:35,
916c90d9c9afd1ec90666cacd6d7cd4a6f87e915664515b83b89bd93f705e048,train/images/370928dba2f0_frame_000272.jpg,train/labels/370928dba2f0_frame_000272.txt,370928dba2f0,272,136.0,train,labeled,40,0:1;1:8;2:28;3:2;4:1,bbox:40,
1e177f9b4003e0d6baf2ded5d6d78b5366fbf5c8c7265802350e80167fc790b5,train/images/370928dba2f0_frame_000273.jpg,train/labels/370928dba2f0_frame_000273.txt,370928dba2f0,273,136.5,train,labeled,35,0:1;1:9;2:23;3:1;4:1,bbox:35,
7317dc0b462a7f9f023f89a93c6fa5550f066ff7f3f26c02ed3f532339eb8b79,train/images/370928dba2f0_frame_000274.jpg,train/labels/370928dba2f0_frame_000274.txt,370928dba2f0,274,137.0,train,labeled,36,0:1;1:9;2:24;3:1;4:1,bbox:36,
1c2fe869a33c74d139e5a1147dacb1943a46317831be9325fe8dedf790a5d71b,train/images/370928dba2f0_frame_000275.jpg,train/labels/370928dba2f0_frame_000275.txt,370928dba2f0,275,137.5,train,labeled,45,0:1;1:8;2:32;3:3;4:1,bbox:45,
586dd70baa320a6aed01360c15186524537beaf86592625802e824c71f408a7b,train/images/370928dba2f0_frame_000276.jpg,train/labels/370928dba2f0_frame_000276.txt,370928dba2f0,276,138.0,train,labeled,44,1:8;2:33;3:2;4:1,bbox:44,
1ab43bb37b1faa21cde4c7562b856ba66e2f6e47509aabfbc3e8a3c3b489b60c,train/images/370928dba2f0_frame_000277.jpg,train/labels/370928dba2f0_frame_000277.txt,370928dba2f0,277,138.5,train,labeled,43,1:9;2:30;3:3;4:1,bbox:43,
e51678f267faebf96f7475ab60ca9fd7228bb33a616a59788ecdc9d0dc8509fb,train/images/370928dba2f0_frame_000278.jpg,train/labels/370928dba2f0_frame_000278.txt,370928dba2f0,278,139.0,train,labeled,47,1:8;2:36;3:2;4:1,bbox:47,
ba5a94b11b1f9de67d923c60c8ff2f6e3b9c72464ceaf6d95ad195512405d764,train/images/370928dba2f0_frame_000279.jpg,train/labels/370928dba2f0_frame_000279.txt,370928dba2f0,279,139.5,train,labeled,53,1:6;2:42;3:4;4:1,bbox:53,
2f380d95263396d9ce75fb8c0228efa96a5b6cb7c07285b04f0dff17eee59a0d,train/images/370928dba2f0_frame_000280.jpg,train/labels/370928dba2f0_frame_000280.txt,370928dba2f0,280,140.0,train,labeled,54,1:7;2:42;3:4;4:1,bbox:54,
22226f3dee8bdc3b9d11a8a255698d0c1547ecc8b03469dfaf646fffb2a99b24,train/images/370928dba2f0_frame_000281.jpg,train/labels/370928dba2f0_frame_000281.txt,370928dba2f0,281,140.5,train,labeled,52,1:6;2:43;3:2;4:1,bbox:52,
32af6f58e8bfcf9de1fa110b28913bc85d32d9734d620b542ab8a51914530118,train/images/370928dba2f0_frame_000282.jpg,train/labels/370928dba2f0_frame_000282.txt,370928dba2f0,282,141.0,train,labeled,53,1:6;2:44;3:2;4:1,bbox:53,
c0b42d26c84dd5c9718461f011a02be6023cf872ea1665f571606d64efef180e,train/images/370928dba2f0_frame_000283.jpg,train/labels/370928dba2f0_frame_000283.txt,370928dba2f0,283,141.5,train,labeled,55,1:6;2:45;3:3;4:1,bbox:55,
6e3af2d3a8b773cb3fba902084c6070cdedbf6b74859932c8eb465eea2dab2f0,train/images/370928dba2f0_frame_000284.jpg,train/labels/370928dba2f0_frame_000284.txt,370928dba2f0,284,142.0,train,labeled,56,1:6;2:46;3:3;4:1,bbox:56,
f6f14a5980b6a828dfaeac96c2498a3df2cd2e0861de900e5e7abfe0c74cc638,train/images/370928dba2f0_frame_000285.jpg,train/labels/370928dba2f0_frame_000285.txt,370928dba2f0,285,142.5,train,labeled,55,1:7;2:47;3:1,bbox:55,
34fb1865567874bfa6cce2ca0a7f2a096959b342f155ba735aab622b3d834491,train/images/370928dba2f0_frame_000286.jpg,train/labels/370928dba2f0_frame_000286.txt,370928dba2f0,286,143.0,train,labeled,48,1:7;2:40;4:1,bbox:48,
bb72bceafaffec1959c35595176a3bf95b819b2c13bdde905f8cdc28d21eb4a0,train/images/370928dba2f0_frame_000287.jpg,train/labels/370928dba2f0_frame_000287.txt,370928dba2f0,287,143.5,train,labeled,51,1:8;2:39;3:3;4:1,bbox:51,
da0630422c6b49e887da37a2c9d84e9859f9e5942605edfaff307c744877ec0b,train/images/370928dba2f0_frame_000288.jpg,train/labels/370928dba2f0_frame_000288.txt,370928dba2f0,288,144.0,train,labeled,50,0:1;1:7;2:40;3:1;4:1,bbox:50,
96936227c60221c68439c13456157c85afd71b5563a73c0857e5a02f753f8363,train/images/370928dba2f0_frame_000289.jpg,train/labels/370928dba2f0_frame_000289.txt,370928dba2f0,289,144.5,train,labeled,46,0:1;1:7;2:34;3:3;4:1,bbox:46,
c3ded199e850cb5cf5e5107048e396bfe9966b00148166729da751a57fa9d6fe,train/images/370928dba2f0_frame_000290.jpg,train/labels/370928dba2f0_frame_000290.txt,370928dba2f0,290,145.0,train,labeled,57,0:1;1:7;2:45;3:3;4:1,bbox:57,
9360ed35d234846394bc56237a4a9c8375ed719107b4f79a91de0dde4974e299,train/images/370928dba2f0_frame_000291.jpg,train/labels/370928dba2f0_frame_000291.txt,370928dba2f0,291,145.5,train,labeled,52,0:1;1:7;2:41;3:2;4:1,bbox:52,
e4f992a947a342d6cf5315cd752d9631363fbf64232708d127e8f6bb22619fef,train/images/370928dba2f0_frame_000292.jpg,train/labels/370928dba2f0_frame_000292.txt,370928dba2f0,292,146.0,train,labeled,50,0:1;1:7;2:41;3:1,bbox:50,
2ffe7cb5a5883e2e5dcd7ed762c5bd11b76ddd1cbed3eb947a130229fcc8a533,train/images/370928dba2f0_frame_000293.jpg,train/labels/370928dba2f0_frame_000293.txt,370928dba2f0,293,146.5,train,labeled,57,0:1;1:8;2:43;3:5,bbox:57,
2bb8d184fc6d7e90512b2e04a13d510035b748ef4be303fc1b3928b5bfbc4123,train/images/370928dba2f0_frame_000294.jpg,train/labels/370928dba2f0_frame_000294.txt,370928dba2f0,294,147.0,train,labeled,51,0:1;1:8;2:40;3:2,bbox:51,
d1bd06663efff82806c49d065913bc660e0b71de2b47be7ed649c5a9c8c01fc8,train/images/370928dba2f0_frame_000295.jpg,train/labels/370928dba2f0_frame_000295.txt,370928dba2f0,295,147.5,train,labeled,57,0:1;1:10;2:41;3:5,bbox:57,
e7f8b28d918bad346907268ad5b6ca5242f9bb4c7c29b8760044fe65e39355e7,train/images/370928dba2f0_frame_000296.jpg,train/labels/370928dba2f0_frame_000296.txt,370928dba2f0,296,148.0,train,labeled,57,0:1;1:8;2:46;3:2,bbox:57,
4b057ee1f1669a9c22d14d3a66b5f345753cc29e96d648361bab1607bc939042,train/images/370928dba2f0_frame_000297.jpg,train/labels/370928dba2f0_frame_000297.txt,370928dba2f0,297,148.5,train,labeled,68,0:1;1:10;2:54;3:3,bbox:68,
b07062f5e2792ad8659ae10753b710c00cc1e917a9175b71f0454e43bad0e92b,train/images/370928dba2f0_frame_000298.jpg,train/labels/370928dba2f0_frame_000298.txt,370928dba2f0,298,149.0,train,labeled,58,0:1;1:8;2:45;3:4,bbox:58,
82143d2193e1b877dbead51eb0c2d35b55281a0a4013ec6868515bb4b67676f6,train/images/370928dba2f0_frame_000299.jpg,train/labels/370928dba2f0_frame_000299.txt,370928dba2f0,299,149.5,train,labeled,59,0:1;1:6;2:48;3:4,bbox:59,
fca54eb4b24db2f96520ab93b601df145852c88d79442dd962273cda8c8b3a15,train/images/370928dba2f0_frame_000300.jpg,train/labels/370928dba2f0_frame_000300.txt,370928dba2f0,300,150.0,train,labeled,53,0:1;1:5;2:45;3:2,bbox:53,
be64106b8794deeaec42cda9d3f604e2d351031485dfd0211264ed08dca82975,train/images/370928dba2f0_frame_000301.jpg,train/labels/370928dba2f0_frame_000301.txt,370928dba2f0,301,150.5,train,labeled,52,0:1;1:5;2:44;3:2,bbox:52,
9296acad761bb98497f5b23c2f2b3861ac1ecaf1639280ea5fca7740e3f20c04,train/images/370928dba2f0_frame_000302.jpg,train/labels/370928dba2f0_frame_000302.txt,370928dba2f0,302,151.0,train,labeled,58,0:1;1:9;2:48,bbox:58,
fa31d6e4b82d361603e2e5dab8ea3e0446774d7fba73f5c59131db92685a8a8d,train/images/370928dba2f0_frame_000303.jpg,train/labels/370928dba2f0_frame_000303.txt,370928dba2f0,303,151.5,train,labeled,59,0:1;1:9;2:46;3:3,bbox:59,
cd24a61603a6c76c36c9ef2aa0096382fab4e8b1c9a84a4f4f0355d2c8f861c1,train/images/370928dba2f0_frame_000304.jpg,train/labels/370928dba2f0_frame_000304.txt,370928dba2f0,304,152.0,train,labeled,59,0:1;1:9;2:48;3:1,bbox:59,
6b6b729cedf6e54d7918471182a6a8d78e5a8d8463ea1a0dff4851f9a7ca7e83,train/images/370928dba2f0_frame_000305.jpg,train/labels/370928dba2f0_frame_000305.txt,370928dba2f0,305,152.5,train,labeled,53,0:1;1:6;2:46,bbox:53,
786277ff9ea8aaf59550216c33f82b15f9e9ab8ae8d1758c966f59bbabb8f161,train/images/370928dba2f0_frame_000306.jpg,train/labels/370928dba2f0_frame_000306.txt,370928dba2f0,306,153.0,train,labeled,53,0:1;1:7;2:45,bbox:53,
ada075263fd5a8c4d2278f319994364a2200443966a6ee7fbe26444ae8483af1,train/images/370928dba2f0_frame_000307.jpg,train/labels/370928dba2f0_frame_000307.txt,370928dba2f0,307,153.5,train,labeled,60,0:1;1:8;2:50;3:1,bbox:60,
1d771f385896e3f2323b79b14a3e8a51f3697b1c83ca8ff94d6ac3ec44717eeb,train/images/370928dba2f0_frame_000308.jpg,train/labels/370928dba2f0_frame_000308.txt,370928dba2f0,308,154.0,train,labeled,54,0:1;1:8;2:45,bbox:54,
b666555d31d7e5b65e07d3ffd8291d33101a57823289cdd258c6d0d1da4e871d,train/images/370928dba2f0_frame_000309.jpg,train/labels/370928dba2f0_frame_000309.txt,370928dba2f0,309,154.5,train,labeled,58,0:1;1:9;2:47;3:1,bbox:58,
71d328c7298edd2fdb3cf10cba7dcf302e582e14ac0ef52c6f9f85f2dc11cff7,train/images/370928dba2f0_frame_000310.jpg,train/labels/370928dba2f0_frame_000310.txt,370928dba2f0,310,155.0,train,labeled,51,0:1;1:7;2:42;3:1,bbox:51,
60147d36ae2f158e38b3a422cb66559207540f024234e9f8bd38a9acb369f183,train/images/370928dba2f0_frame_000311.jpg,train/labels/370928dba2f0_frame_000311.txt,370928dba2f0,311,155.5,train,labeled,49,0:1;1:5;2:42;3:1,bbox:49,
e569a1f26b46f4505f7fc805a21e708f710bdb709f6d76cc67475086b054918e,train/images/370928dba2f0_frame_000312.jpg,train/labels/370928dba2f0_frame_000312.txt,370928dba2f0,312,156.0,train,labeled,51,0:1;1:8;2:41;3:1,bbox:51,
478fbba0e41041c09826f50fa8688f33d7769fdfc8ec778d8ccf19c3e714c75c,train/images/370928dba2f0_frame_000313.jpg,train/labels/370928dba2f0_frame_000313.txt,370928dba2f0,313,156.5,train,labeled,41,1:4;2:36;3:1,bbox:41,
90aeaebc711fd44e1a00e2cee6ea48ce7a23d28eb3ee7aa9dead769e08e54341,train/images/370928dba2f0_frame_000314.jpg,train/labels/370928dba2f0_frame_000314.txt,370928dba2f0,314,157.0,train,labeled,41,0:1;1:6;2:33;3:1,bbox:41,
5de40186bd9f22ca4dda0b10b69e2a24d60cc7292676250a8a115d839922c13a,train/images/370928dba2f0_frame_000315.jpg,train/labels/370928dba2f0_frame_000315.txt,370928dba2f0,315,157.5,train,labeled,41,0:1;1:4;2:35;3:1,bbox:41,
d5f7b1e570932687d5eb6836716a990f467e6afb6b3c7f63ea233b0f947b7d35,train/images/370928dba2f0_frame_000316.jpg,train/labels/370928dba2f0_frame_000316.txt,370928dba2f0,316,158.0,train,labeled,41,0:1;1:4;2:35;3:1,bbox:41,
4da4da5971f258323b3b3065cda8b9005853a779da84dae36c99b8db92279a8b,train/images/370928dba2f0_frame_000317.jpg,train/labels/370928dba2f0_frame_000317.txt,370928dba2f0,317,158.5,train,labeled,38,0:1;1:5;2:31;3:1,bbox:38,
65d55619d80b575123281801bc1eb8161fc5f8faca52dbd4a97386f56ac8b950,train/images/370928dba2f0_frame_000318.jpg,train/labels/370928dba2f0_frame_000318.txt,370928dba2f0,318,159.0,train,labeled,40,0:1;1:5;2:33;3:1,bbox:40,
4d6af03c20e4a8484b36b363203d8b1db55a64b328273f274fd7e7695df0ad8d,train/images/370928dba2f0_frame_000319.jpg,train/labels/370928dba2f0_frame_000319.txt,370928dba2f0,319,159.5,train,labeled,46,0:1;1:7;2:38,bbox:46,
ddb0797687e926053141ebed268b922ef33edb11b9c5ce138600844fb334436d,train/images/370928dba2f0_frame_000320.jpg,train/labels/370928dba2f0_frame_000320.txt,370928dba2f0,320,160.0,train,labeled,46,0:1;1:7;2:37;3:1,bbox:46,
ffd524f82099f695447ed46598cc4595576f9ddf25a98d42862bc87f01e0aefe,train/images/370928dba2f0_frame_000321.jpg,train/labels/370928dba2f0_frame_000321.txt,370928dba2f0,321,160.5,train,labeled,45,0:3;1:6;2:36,bbox:45,
8730f2ea03346860fbc898b676f1b4817ea946bb30b6622209200725d30eab90,train/images/370928dba2f0_frame_000322.jpg,train/labels/370928dba2f0_frame_000322.txt,370928dba2f0,322,161.0,train,labeled,47,0:2;1:6;2:38;3:1,bbox:47,
298fcb6a7165a6e985821ee1edd4396920668e538e0c987e58ac97e0b652d049,train/images/370928dba2f0_frame_000323.jpg,train/labels/370928dba2f0_frame_000323.txt,370928dba2f0,323,161.5,train,labeled,47,0:1;1:7;2:37;3:2,bbox:47,
4b4b73db79b8fa1086c93d1048503219fe1a420317d38d01e229dc14215ed84a,train/images/370928dba2f0_frame_000324.jpg,train/labels/370928dba2f0_frame_000324.txt,370928dba2f0,324,162.0,train,labeled,47,0:3;1:4;2:37;3:3,bbox:47,
320e8506daf3732ba0f9900f7d78e90ee1ad9b2c8809d0e52f119914067d7698,train/images/370928dba2f0_frame_000325.jpg,train/labels/370928dba2f0_frame_000325.txt,370928dba2f0,325,162.5,train,labeled,42,0:4;1:4;2:32;3:2,bbox:42,
64afbe6a3e6f2eb0bb16633a79038e2671a03a0db0052e066684ceb5759bc091,train/images/370928dba2f0_frame_000326.jpg,train/labels/370928dba2f0_frame_000326.txt,370928dba2f0,326,163.0,train,labeled,7,0:1;1:4;2:1;3:1,bbox:7,
f9d2a171eabb4497bcbfd83e76024281ba35746f4df151ca2c5b3bc0b89cc8f2,train/images/64038f6f687f_frame_000000.jpg,train/labels/64038f6f687f_frame_000000.txt,64038f6f687f,0,0.0,train,labeled,91,0:2;1:23;2:37;4:29,bbox:91,
51c972801cba48d8997ab6d618c0230db5eea2ac95c5c3b2887c756d922dc3e8,train/images/64038f6f687f_frame_000003.jpg,train/labels/64038f6f687f_frame_000003.txt,64038f6f687f,3,1.5,train,labeled,116,1:27;2:50;4:39,bbox:116,
9ceee8bd4b717af1e180855f2cc6b0ba13df765678c00bca813b37cb7bf20932,train/images/64038f6f687f_frame_000004.jpg,train/labels/64038f6f687f_frame_000004.txt,64038f6f687f,4,2.0,train,labeled,105,0:2;1:24;2:44;4:35,bbox:105,
cbcfdb91876f13bc312e1204cd64cf610d1ec257764540dd0940544ea84219d5,train/images/64038f6f687f_frame_000005.jpg,train/labels/64038f6f687f_frame_000005.txt,64038f6f687f,5,2.5,train,labeled,106,0:5;1:26;2:42;4:33,bbox:106,
4694c7c96e47359bba8af815bdacf63c17459b364373466322a38a66dfacb9d6,train/images/64038f6f687f_frame_000007.jpg,train/labels/64038f6f687f_frame_000007.txt,64038f6f687f,7,3.5,train,labeled,110,1:29;2:43;4:38,bbox:110,
c57e52b732fba872b12b1de8ed834f4c776327d9985b6a8e28f06757afdfcf47,train/images/64038f6f687f_frame_000008.jpg,train/labels/64038f6f687f_frame_000008.txt,64038f6f687f,8,4.0,train,labeled,124,0:3;1:28;2:56;4:37,bbox:124,
4367509cd79415b6d67add1a18e0a8561dc7e0c69cc68dba44a32f473ff06ce9,train/images/64038f6f687f_frame_000010.jpg,train/labels/64038f6f687f_frame_000010.txt,64038f6f687f,10,5.0,train,labeled,118,1:27;2:52;4:39,bbox:118,
bf6b91bb9f762c2d816748287475b44205fb947d0dff0b9f8c33888d3de765b5,train/images/64038f6f687f_frame_000013.jpg,train/labels/64038f6f687f_frame_000013.txt,64038f6f687f,13,6.5,train,labeled,120,0:3;1:28;2:48;4:41,bbox:120,
d5a0b2d5bb80f79fe633e824308a291037a10f2995f99dede79cac59e8dc71cb,train/images/64038f6f687f_frame_000014.jpg,train/labels/64038f6f687f_frame_000014.txt,64038f6f687f,14,7.0,train,labeled,119,1:31;2:51;4:37,bbox:119,
adc24022efa753facc4e15ea94f63bc586b44291fb63990d6fbd212099ba2a4c,train/images/64038f6f687f_frame_000016.jpg,train/labels/64038f6f687f_frame_000016.txt,64038f6f687f,16,8.0,train,labeled,124,0:1;1:28;2:50;4:45,bbox:124,
b23957145dc1d9458c34fff5b3b3220057a873bd13f746cdeca9da2354076c33,train/images/64038f6f687f_frame_000017.jpg,train/labels/64038f6f687f_frame_000017.txt,64038f6f687f,17,8.5,train,labeled,126,0:2;1:31;2:50;4:43,bbox:126,
02db21eca31566dcbecc34f05a65c2266804f8daaccb4fb05e0c25ee32fc501b,train/images/64038f6f687f_frame_000019.jpg,train/labels/64038f6f687f_frame_000019.txt,64038f6f687f,19,9.5,train,labeled,125,0:5;1:34;2:45;4:41,bbox:125,
660ce61b179c940bead7fbd08efdb727959d5f788f80ee9f34ba683ad77685c0,train/images/64038f6f687f_frame_000020.jpg,train/labels/64038f6f687f_frame_000020.txt,64038f6f687f,20,10.0,train,labeled,124,1:30;2:49;4:45,bbox:124,
b2a6539b4c4c09aa3b8fc32b9171cf119749bb0e9c18d20fcc0594b84ef04351,train/images/64038f6f687f_frame_000022.jpg,train/labels/64038f6f687f_frame_000022.txt,64038f6f687f,22,11.0,train,labeled,115,1:32;2:37;4:46,bbox:115,
2cf4f8801f7742426a42057676bc274060b01a2b292c26f23c123ee38d81cfe9,train/images/64038f6f687f_frame_000023.jpg,train/labels/64038f6f687f_frame_000023.txt,64038f6f687f,23,11.5,train,labeled,112,0:1;1:30;2:37;3:1;4:43,bbox:112,
3d7dbd6b577283b90a929566828f84e1fe98c2263716c413037f4b93f4e34351,train/images/64038f6f687f_frame_000025.jpg,train/labels/64038f6f687f_frame_000025.txt,64038f6f687f,25,12.5,train,labeled,109,1:28;2:36;4:45,bbox:109,
8c1762de59e48da9aa003d50e9dda65ba05990f79af7e691f876264e908b14fb,train/images/64038f6f687f_frame_000028.jpg,train/labels/64038f6f687f_frame_000028.txt,64038f6f687f,28,14.0,train,labeled,104,0:1;1:25;2:30;3:1;4:47,bbox:104,
116bb63d9d554a12d180bd231201cba3f659c7a1d14a7de947d3538461a23a79,train/images/64038f6f687f_frame_000029.jpg,train/labels/64038f6f687f_frame_000029.txt,64038f6f687f,29,14.5,train,labeled,99,1:23;2:30;3:1;4:45,bbox:99,
a6c9748a69c04b2dec7c3fd24d6c1870ab21931460504db366231861b8ecebd3,train/images/64038f6f687f_frame_000031.jpg,train/labels/64038f6f687f_frame_000031.txt,64038f6f687f,31,15.5,train,labeled,106,0:4;1:25;2:28;3:1;4:48,bbox:106,
ede70d18db217db4a8204e04f6b1c355fd390bcf91ae05cbea621c2d1f625680,train/images/64038f6f687f_frame_000032.jpg,train/labels/64038f6f687f_frame_000032.txt,64038f6f687f,32,16.0,train,labeled,95,1:29;2:24;4:42,bbox:95,
b39099662709b89b7acae88992ab54d7fe025a04d655aaed9bb83a21a0629a13,train/images/64038f6f687f_frame_000034.jpg,train/labels/64038f6f687f_frame_000034.txt,64038f6f687f,34,17.0,train,labeled,79,0:6;1:22;2:13;4:38,bbox:79,
ca290d4773e29cb9d48f03d03a8af94dabb3068403d2cb3b35f38afb3cc0da8b,train/images/64038f6f687f_frame_000035.jpg,train/labels/64038f6f687f_frame_000035.txt,64038f6f687f,35,17.5,train,labeled,74,1:19;2:10;3:1;4:44,bbox:74,
65056d94282e5d2ae0a7917bc8230f848dd4e2113095d296333b3cff4c39c9a1,train/images/64038f6f687f_frame_000037.jpg,train/labels/64038f6f687f_frame_000037.txt,64038f6f687f,37,18.5,train,labeled,69,1:21;2:9;4:39,bbox:69,
09942957ed125c9f05ae55ec2bb5391a3492b0ef33538f647f384fb91534658f,train/images/64038f6f687f_frame_000038.jpg,train/labels/64038f6f687f_frame_000038.txt,64038f6f687f,38,19.0,train,labeled,64,0:1;1:21;2:6;4:36,bbox:64,
c3a95f36e8653080e0a4b6cd75daae82b60cfb8f32c482857193184186cc970a,train/images/64038f6f687f_frame_000040.jpg,train/labels/64038f6f687f_frame_000040.txt,64038f6f687f,40,20.0,train,labeled,61,0:1;1:19;2:5;4:36,bbox:61,
359fd8fdc66b8862511c07dca343052ae857d85ea6fd7dc8122f184f968af672,train/images/64038f6f687f_frame_000041.jpg,train/labels/64038f6f687f_frame_000041.txt,64038f6f687f,41,20.5,train,labeled,64,1:21;2:7;4:36,bbox:64,
3bdcff61c4e88f97bc0cd4774d1d1157ad35b7a128a31964aab4b6ede3160a98,train/images/64038f6f687f_frame_000043.jpg,train/labels/64038f6f687f_frame_000043.txt,64038f6f687f,43,21.5,train,labeled,63,1:19;2:3;4:41,bbox:63,
f85973ffc496635471b2ac524ae5676079e5ba8c1d1c85eb43da8f9f89de9252,train/images/64038f6f687f_frame_000044.jpg,train/labels/64038f6f687f_frame_000044.txt,64038f6f687f,44,22.0,train,labeled,60,0:1;1:17;2:4;3:1;4:37,bbox:60,
e70bb5b228b45ef7aedf95d4aa61126204650380c62b489328363e96a927d249,train/images/64038f6f687f_frame_000046.jpg,train/labels/64038f6f687f_frame_000046.txt,64038f6f687f,46,23.0,train,labeled,63,0:2;1:23;2:3;3:1;4:34,bbox:63,
02e56a27f733babafacf78ba2a5c5984a7dfc56f17ade58b69624719d43c1a9d,train/images/64038f6f687f_frame_000047.jpg,train/labels/64038f6f687f_frame_000047.txt,64038f6f687f,47,23.5,train,labeled,64,0:2;1:23;2:4;4:35,bbox:64,
606626736439f10a50e230dc24d9c067734b55f15f6e540a3f313424ba52f0d8,train/images/64038f6f687f_frame_000049.jpg,train/labels/64038f6f687f_frame_000049.txt,64038f6f687f,49,24.5,train,labeled,67,1:22;2:5;4:40,bbox:67,
ef696729e4d766b6536a733b71e65f679ae25423132e2c6d539b0ca01c34b215,train/images/64038f6f687f_frame_000050.jpg,train/labels/64038f6f687f_frame_000050.txt,64038f6f687f,50,25.0,train,labeled,63,1:16;2:5;4:42,bbox:63,
ba591bfbf73c7dd95c86606a44b525a86524019642d1f3acb049d39cba5ac75c,train/images/64038f6f687f_frame_000052.jpg,train/labels/64038f6f687f_frame_000052.txt,64038f6f687f,52,26.0,train,labeled,75,1:22;2:8;4:45,bbox:75,
7dce94795475a199a4e5bf7f1e726c3febddc61be5443719a33084a1285c9b1f,train/images/64038f6f687f_frame_000053.jpg,train/labels/64038f6f687f_frame_000053.txt,64038f6f687f,53,26.5,train,labeled,70,0:1;1:21;2:8;4:40,bbox:70,
f3bf3b62de4ae95700b98ba32fdca932e9096ea628ef27365a5d3fdb188eb768,train/images/64038f6f687f_frame_000055.jpg,train/labels/64038f6f687f_frame_000055.txt,64038f6f687f,55,27.5,train,labeled,73,0:1;1:17;2:8;4:47,bbox:73,
08eebca53d773c57d949325328972b99d01b344956026f4e2b2584f653ba6cc0,train/images/64038f6f687f_frame_000056.jpg,train/labels/64038f6f687f_frame_000056.txt,64038f6f687f,56,28.0,train,labeled,73,0:2;1:20;2:9;4:42,bbox:73,
7231540f9720f82e833ed7c2c8f5ee1ae204d6f456c2b7f800e1efe0bfd0e0a2,train/images/64038f6f687f_frame_000058.jpg,train/labels/64038f6f687f_frame_000058.txt,64038f6f687f,58,29.0,train,labeled,80,1:29;2:9;4:42,bbox:80,
945ea63e7b5617706dfc7fcb3ccf8f93cf9133af1d2802ff22aacc183652d32f,train/images/64038f6f687f_frame_000059.jpg,train/labels/64038f6f687f_frame_000059.txt,64038f6f687f,59,29.5,train,labeled,79,1:25;2:9;4:45,bbox:79,
2f6c7d1e9c4b315a796f1dd0af2896300e3aa3e93e2f29953344ef0d52e4fccd,train/images/64038f6f687f_frame_000061.jpg,train/labels/64038f6f687f_frame_000061.txt,64038f6f687f,61,30.5,train,labeled,76,1:21;2:9;4:46,bbox:76,
bf0643e865f70e78aa09847f1d2e3222111d790aa43f4e53a5550eb250f09c2d,train/images/64038f6f687f_frame_000062.jpg,train/labels/64038f6f687f_frame_000062.txt,64038f6f687f,62,31.0,train,labeled,69,1:19;2:9;4:41,bbox:69,
e4722ef9974012d3c70837fc44282d964a58c425a6ed5d2b6351baf7df036942,train/images/64038f6f687f_frame_000064.jpg,train/labels/64038f6f687f_frame_000064.txt,64038f6f687f,64,32.0,train,labeled,64,1:16;2:8;4:40,bbox:64,
05ea2581d933f6e725371a1cc9c2e06485fb76bcc8e28233dbc18bf1babe20d7,train/images/64038f6f687f_frame_000065.jpg,train/labels/64038f6f687f_frame_000065.txt,64038f6f687f,65,32.5,train,labeled,67,0:5;1:14;2:7;4:41,bbox:67,
21afe8e2accc98f44c361d397f3a2dc1477216e24b4d0a83713b1d8b713eb71e,train/images/64038f6f687f_frame_000067.jpg,train/labels/64038f6f687f_frame_000067.txt,64038f6f687f,67,33.5,train,labeled,55,1:11;2:5;4:39,bbox:55,
8e839aa7a69679c4f9067778125b5821ba23b2f68660ff8edafa32c6b6276d0d,train/images/64038f6f687f_frame_000068.jpg,train/labels/64038f6f687f_frame_000068.txt,64038f6f687f,68,34.0,train,labeled,57,1:12;2:4;4:41,bbox:57,
2c0f37a36eaa76e25926665721253001b3f8cae4389bb2d858e819127a176ea4,train/images/64038f6f687f_frame_000070.jpg,train/labels/64038f6f687f_frame_000070.txt,64038f6f687f,70,35.0,train,labeled,55,0:3;1:14;2:2;4:36,bbox:55,
17b16154b2964d267d1d2a78c333c7ea36c9bf435bb3412da285bdc174d32434,train/images/64038f6f687f_frame_000071.jpg,train/labels/64038f6f687f_frame_000071.txt,64038f6f687f,71,35.5,train,labeled,58,1:19;2:3;4:36,bbox:58,
37329c63e9f4369f0d55c4df3c75e1bea49c6e0dc5a6c2da30f40566dbb14bbd,train/images/64038f6f687f_frame_000073.jpg,train/labels/64038f6f687f_frame_000073.txt,64038f6f687f,73,36.5,train,labeled,57,1:18;2:2;4:37,bbox:57,
8f04dce5f4e8edfa044853a648b3652bdf1323f7ac8be4eef4fd7c0d99e897e7,train/images/64038f6f687f_frame_000074.jpg,train/labels/64038f6f687f_frame_000074.txt,64038f6f687f,74,37.0,train,labeled,60,1:21;2:4;4:35,bbox:60,
b08043b4b441be94f6fb696ea6e6f9b86cab3c3d981c56e6216538da1551f25e,train/images/64038f6f687f_frame_000076.jpg,train/labels/64038f6f687f_frame_000076.txt,64038f6f687f,76,38.0,train,labeled,59,1:13;2:6;4:40,bbox:59,
700f12bbf3c62468802043f3a519a92ac3eb01a77fc095652ada27ec88df4f6e,train/images/64038f6f687f_frame_000077.jpg,train/labels/64038f6f687f_frame_000077.txt,64038f6f687f,77,38.5,train,labeled,55,1:12;2:8;4:35,bbox:55,
d86ad899b373daa634433842088be0d32ba40ce54842d151126b4e527e55fd85,train/images/64038f6f687f_frame_000079.jpg,train/labels/64038f6f687f_frame_000079.txt,64038f6f687f,79,39.5,train,labeled,52,1:12;2:4;4:36,bbox:52,
f6c97a4cca2435343629072b41ab9edd9d32844a78a6fb627f26fcc681818bc8,train/images/64038f6f687f_frame_000080.jpg,train/labels/64038f6f687f_frame_000080.txt,64038f6f687f,80,40.0,train,labeled,60,1:15;2:9;4:36,bbox:60,
87dca4dcc7d876f46fca009243ba7dfc32447502b81efba4420540495dee9945,train/images/64038f6f687f_frame_000082.jpg,train/labels/64038f6f687f_frame_000082.txt,64038f6f687f,82,41.0,train,labeled,50,1:15;2:2;4:33,bbox:50,
17887ad3c8835a0ec9142057c7e05fdbb2610c6d90c03711efee20c303d89090,train/images/a2ebcd5911e6_frame_000000.jpg,train/labels/a2ebcd5911e6_frame_000000.txt,a2ebcd5911e6,0,0.0,train,labeled,135,0:12;1:74;2:47;4:2,bbox:135,
1de653562430133b894d83062630d0f4d1cf7267d42abd8f89d23addf511e502,train/images/a2ebcd5911e6_frame_000008.jpg,train/labels/a2ebcd5911e6_frame_000008.txt,a2ebcd5911e6,8,4.0,train,labeled,125,0:11;1:69;2:43;4:2,bbox:125,
6b0c46b28f18555cf5663678bb8d317ae85e5ca60948cce35df4fc2d08a3457d,train/images/a2ebcd5911e6_frame_000009.jpg,train/labels/a2ebcd5911e6_frame_000009.txt,a2ebcd5911e6,9,4.5,train,labeled,124,0:12;1:69;2:42;4:1,bbox:124,
07867051dfdd1cc4129de37f43992b2077f63da6289e8acdbf412de7e52d0517,train/images/a2ebcd5911e6_frame_000010.jpg,train/labels/a2ebcd5911e6_frame_000010.txt,a2ebcd5911e6,10,5.0,train,labeled,115,0:11;1:68;2:35;4:1,bbox:115,
4506a981a34aa381a80b8f1fb659514679abb67cc31967d167c7885eb4b31b75,train/images/a2ebcd5911e6_frame_000011.jpg,train/labels/a2ebcd5911e6_frame_000011.txt,a2ebcd5911e6,11,5.5,train,labeled,113,0:10;1:67;2:35;4:1,bbox:113,
8afd7b634bce14c0768a278fe96157d8d643d5b3cebe640b7ce9757ebcbc03ab,train/images/a2ebcd5911e6_frame_000012.jpg,train/labels/a2ebcd5911e6_frame_000012.txt,a2ebcd5911e6,12,6.0,train,labeled,111,0:12;1:65;2:32;4:2,bbox:111,
ed03a750f6e972e29cfc24bb4fa7d7b76e2a510ec5f1ccd8ef452da88e4cff80,train/images/a2ebcd5911e6_frame_000013.jpg,train/labels/a2ebcd5911e6_frame_000013.txt,a2ebcd5911e6,13,6.5,train,labeled,117,0:11;1:70;2:35;4:1,bbox:117,
eb070b67dca1eabd9f2352008accf88cde94055bdcc5279979cf00a4b2d228be,train/images/a2ebcd5911e6_frame_000014.jpg,train/labels/a2ebcd5911e6_frame_000014.txt,a2ebcd5911e6,14,7.0,train,labeled,127,0:12;1:72;2:41;4:2,bbox:127,
3e7bfc4e1c494460ae42464fcc7c68eefec93cacd79d9cbe63b0b2b1f5a2c9b3,train/images/a2ebcd5911e6_frame_000015.jpg,train/labels/a2ebcd5911e6_frame_000015.txt,a2ebcd5911e6,15,7.5,train,labeled,120,0:10;1:72;2:36;4:2,bbox:120,
f40b8a5bd578ecc6b7f254ee2caba6f49d1d77284461fb54a41579964fca9ade,train/images/a2ebcd5911e6_frame_000016.jpg,train/labels/a2ebcd5911e6_frame_000016.txt,a2ebcd5911e6,16,8.0,train,labeled,115,0:9;1:68;2:36;4:2,bbox:115,
2107f046b11182d669bd55fdd1e524e4f7a6d204f6e4ca277466027a423a6f12,train/images/a2ebcd5911e6_frame_000017.jpg,train/labels/a2ebcd5911e6_frame_000017.txt,a2ebcd5911e6,17,8.5,train,labeled,125,0:11;1:73;2:38;4:3,bbox:125,
06b6e1687a46e0dad322f3cc034e60da5513a019c26eb15ada9b2466b23e9aa4,train/images/a2ebcd5911e6_frame_000018.jpg,train/labels/a2ebcd5911e6_frame_000018.txt,a2ebcd5911e6,18,9.0,train,labeled,121,0:9;1:70;2:39;4:3,bbox:121,
83a2e261d3abfd593e3f33f3fdb785c4d34e6bb95bb135df731b90567552b22f,train/images/a2ebcd5911e6_frame_000019.jpg,train/labels/a2ebcd5911e6_frame_000019.txt,a2ebcd5911e6,19,9.5,train,labeled,128,0:12;1:73;2:40;4:3,bbox:128,
e082cfc706fb357688758f89423dab5a265be4cd3b95ff034c4687f6a2029a9b,train/images/a2ebcd5911e6_frame_000020.jpg,train/labels/a2ebcd5911e6_frame_000020.txt,a2ebcd5911e6,20,10.0,train,labeled,125,0:12;1:69;2:41;4:3,bbox:125,
1cfde64448fedc0c335ff595d81d3d401bad050ec6af5e00411d9d7dff9a5443,train/images/a2ebcd5911e6_frame_000021.jpg,train/labels/a2ebcd5911e6_frame_000021.txt,a2ebcd5911e6,21,10.5,train,labeled,114,0:10;1:68;2:32;4:4,bbox:114,
7417ba1e54dfe3582236c70e4f7f3e5fac65a10bd0df6f1d55273a76386ba003,train/images/a2ebcd5911e6_frame_000022.jpg,train/labels/a2ebcd5911e6_frame_000022.txt,a2ebcd5911e6,22,11.0,train,labeled,109,0:9;1:68;2:29;4:3,bbox:109,
aca8d951b45306701396a98432119e26e6453acca181e2caab1b1046f04935d9,train/images/a2ebcd5911e6_frame_000023.jpg,train/labels/a2ebcd5911e6_frame_000023.txt,a2ebcd5911e6,23,11.5,train,labeled,113,0:9;1:73;2:29;4:2,bbox:113,
930c4678277ec8b0330c53ae13435dfa0cc62d3895f5c8050205604848a4b6ed,train/images/ba0cc572a4ab_frame_000000.jpg,train/labels/ba0cc572a4ab_frame_000000.txt,ba0cc572a4ab,0,0.0,train,labeled,72,1:4;2:13;3:55,bbox:72,
e0ba04b616cc7c3e5437031d9adb96797a27d16e7a88f371d2f765bdb78dd2e9,train/images/ba0cc572a4ab_frame_000001.jpg,train/labels/ba0cc572a4ab_frame_000001.txt,ba0cc572a4ab,1,0.5,train,labeled,35,1:4;2:12;3:18;4:1,bbox:35,
4b45b770ac32128ab23350559721ffccc5f7495dd6c2d7ce4a66e5254c7d49fa,train/images/ba0cc572a4ab_frame_000002.jpg,train/labels/ba0cc572a4ab_frame_000002.txt,ba0cc572a4ab,2,1.0,train,labeled,35,1:5;2:11;3:18;4:1,bbox:35,
29754a1754061fe0acc4c934aa947ee96aa499df5c0585dcef21ed13c6a5ebca,train/images/ba0cc572a4ab_frame_000003.jpg,train/labels/ba0cc572a4ab_frame_000003.txt,ba0cc572a4ab,3,1.5,train,labeled,34,1:6;2:12;3:15;4:1,bbox:34,
1723e322f80bfa551213a0204cd3379e52a8213f22080eb4bc40e3ada9ec658a,train/images/ba0cc572a4ab_frame_000005.jpg,train/labels/ba0cc572a4ab_frame_000005.txt,ba0cc572a4ab,5,2.5,train,labeled,30,1:4;2:10;3:15;4:1,bbox:30,
eb6762284464426d2f0b7d47a22ea221a1381ec48270239a963a29f0a75bc4c7,train/images/ba0cc572a4ab_frame_000006.jpg,train/labels/ba0cc572a4ab_frame_000006.txt,ba0cc572a4ab,6,3.0,train,labeled,31,1:4;2:10;3:16;4:1,bbox:31,
67cbbe3d897af8209cae8afc7b0804949d905e703d6e8d50ff619074ff34cfd5,train/images/ba0cc572a4ab_frame_000007.jpg,train/labels/ba0cc572a4ab_frame_000007.txt,ba0cc572a4ab,7,3.5,train,labeled,31,1:4;2:10;3:16;4:1,bbox:31,
4f6cf3f64ff0bb116b9b36627a0b1f111d4f268fc77f6b842ce1916339244385,train/images/ba0cc572a4ab_frame_000009.jpg,train/labels/ba0cc572a4ab_frame_000009.txt,ba0cc572a4ab,9,4.5,train,labeled,33,1:5;2:10;3:17;4:1,bbox:33,
ea1c828c0e50603966239ea2000a4cb2ba259d5e5c5b8c3cead8663ee32c549a,train/images/ba0cc572a4ab_frame_000010.jpg,train/labels/ba0cc572a4ab_frame_000010.txt,ba0cc572a4ab,10,5.0,train,labeled,38,1:6;2:13;3:19,bbox:38,
63289511d2d00b5b819b87abeaac3f1df791ed9fb93492e39efd4f92d6a9f48b,train/images/ba0cc572a4ab_frame_000011.jpg,train/labels/ba0cc572a4ab_frame_000011.txt,ba0cc572a4ab,11,5.5,train,labeled,33,1:4;2:10;3:19,bbox:33,
284644541b625437c0a0266c8a6a15b8d936979c7f896e56e912cd5198902f90,train/images/ba0cc572a4ab_frame_000013.jpg,train/labels/ba0cc572a4ab_frame_000013.txt,ba0cc572a4ab,13,6.5,train,labeled,45,1:5;2:14;3:26,bbox:45,
b3fbcbec0a7777cb1e8acd3558ed412b21d4b033451ac682dc0d7e699cbe9bb3,train/images/ba0cc572a4ab_frame_000014.jpg,train/labels/ba0cc572a4ab_frame_000014.txt,ba0cc572a4ab,14,7.0,train,labeled,40,1:4;2:10;3:26,bbox:40,
d09f5f7877703139a441b79cbb2dfd2abd7a74e11d9f2573d822aa268ac87c33,train/images/ba0cc572a4ab_frame_000015.jpg,train/labels/ba0cc572a4ab_frame_000015.txt,ba0cc572a4ab,15,7.5,train,labeled,40,1:3;2:12;3:25,bbox:40,
965e56fa4829ae69f9a6da5bdbcdaf97e50d02510e5c436f1aa874070222e44b,train/images/ba0cc572a4ab_frame_000020.jpg,train/labels/ba0cc572a4ab_frame_000020.txt,ba0cc572a4ab,20,10.0,train,labeled,43,1:4;2:9;3:30,bbox:43,
ef8e9388bd2a03afb3f528ff30c8046b5d605b43eadd828ea4dcc0b02adbc239,train/images/ba0cc572a4ab_frame_000023.jpg,train/labels/ba0cc572a4ab_frame_000023.txt,ba0cc572a4ab,23,11.5,train,labeled,39,0:1;1:5;2:5;3:28,bbox:39,
f41b3671c86ed408cd20a0fbff392c714cd3151e00998086a521f07d6fabec1e,train/images/ba0cc572a4ab_frame_000026.jpg,train/labels/ba0cc572a4ab_frame_000026.txt,ba0cc572a4ab,26,13.0,train,labeled,42,1:10;2:7;3:25,bbox:42,
29c98985f47632c2bc6c4f206e3bbde97326f07255fd002d79a9d888293023a6,train/images/ba0cc572a4ab_frame_000027.jpg,train/labels/ba0cc572a4ab_frame_000027.txt,ba0cc572a4ab,27,13.5,train,labeled,47,0:2;1:7;2:5;3:33,bbox:47,
9848921ddae4c8f9460a6026208473064b6c512282ce2926fffc4a7c131a128c,train/images/ba0cc572a4ab_frame_000028.jpg,train/labels/ba0cc572a4ab_frame_000028.txt,ba0cc572a4ab,28,14.0,train,labeled,46,1:10;2:4;3:32,bbox:46,
66031161cc53f0e3c8e759335da89d60fb7ac6b443651cc337850a36c5b9e72c,train/images/ba0cc572a4ab_frame_000029.jpg,train/labels/ba0cc572a4ab_frame_000029.txt,ba0cc572a4ab,29,14.5,train,labeled,54,1:8;2:6;3:40,bbox:54,
f6187e6e0fec18bd8edd32b89bcbc14d20dfe32be0b84c84fb9d2826dde0215c,train/images/ba0cc572a4ab_frame_000030.jpg,train/labels/ba0cc572a4ab_frame_000030.txt,ba0cc572a4ab,30,15.0,train,labeled,51,1:7;2:8;3:36,bbox:51,
b334e9f628a657f5fdca0a4793df306e51603f9eec86831ef95c6e0bfc1873d0,train/images/ba0cc572a4ab_frame_000031.jpg,train/labels/ba0cc572a4ab_frame_000031.txt,ba0cc572a4ab,31,15.5,train,labeled,57,0:2;1:7;2:5;3:43,bbox:57,
112ef657981f8e92034c5293a13df66a5bcad93aeab7b4bd36ad68a95625e871,train/images/ba0cc572a4ab_frame_000032.jpg,train/labels/ba0cc572a4ab_frame_000032.txt,ba0cc572a4ab,32,16.0,train,labeled,50,1:7;2:5;3:37;4:1,bbox:50,
3fc33a258057fe1cac911dd317247651655e9c494f1cd80faa5575b3b77fd347,train/images/ba0cc572a4ab_frame_000033.jpg,train/labels/ba0cc572a4ab_frame_000033.txt,ba0cc572a4ab,33,16.5,train,labeled,53,1:8;2:6;3:39,bbox:53,
f60218992fecd59f9e6211e2654882e9440c3aba80b044df70567e47d7b53d00,train/images/ba0cc572a4ab_frame_000034.jpg,train/labels/ba0cc572a4ab_frame_000034.txt,ba0cc572a4ab,34,17.0,train,labeled,57,1:6;2:7;3:42;4:2,bbox:57,
744312df68d36e8acc19421c1b66031e00ae6af6c288e2315506c456b969ea99,train/images/ba0cc572a4ab_frame_000035.jpg,train/labels/ba0cc572a4ab_frame_000035.txt,ba0cc572a4ab,35,17.5,train,labeled,57,0:1;1:8;2:12;3:36,bbox:57,
7882a8f271265c0149e7f32cdac2d97e01de00650e9e3b9e08835b17b680e716,train/images/ba0cc572a4ab_frame_000036.jpg,train/labels/ba0cc572a4ab_frame_000036.txt,ba0cc572a4ab,36,18.0,train,labeled,56,1:7;2:10;3:37;4:2,bbox:56,
e7140b90e91dedbc452a0d94512de177b28793c6841e270c3ed25da252148964,train/images/ba0cc572a4ab_frame_000037.jpg,train/labels/ba0cc572a4ab_frame_000037.txt,ba0cc572a4ab,37,18.5,train,labeled,55,1:8;2:7;3:38;4:2,bbox:55,
37b504da87b78884e7e6d0c25287130563e7964d0ea13a6f0497dc95e18749ad,train/images/ba0cc572a4ab_frame_000038.jpg,train/labels/ba0cc572a4ab_frame_000038.txt,ba0cc572a4ab,38,19.0,train,labeled,59,1:8;2:7;3:41;4:3,bbox:59,
f9f40ca2645063c35cc916801c2bec82d57d9899310838d6542a207b21159f39,train/images/ba0cc572a4ab_frame_000039.jpg,train/labels/ba0cc572a4ab_frame_000039.txt,ba0cc572a4ab,39,19.5,train,labeled,52,1:8;2:6;3:33;4:5,bbox:52,
5a299cf9ca63deaf4485e3cd153b0e7e574854cb8c0acba6f422343a60ca4d63,train/images/ba0cc572a4ab_frame_000040.jpg,train/labels/ba0cc572a4ab_frame_000040.txt,ba0cc572a4ab,40,20.0,train,labeled,55,1:10;2:7;3:34;4:4,bbox:55,
8e7c2033076b49fe6bbbf290e78baf2173c91ab7e524a8d124da54816f1f71f4,train/images/ba0cc572a4ab_frame_000041.jpg,train/labels/ba0cc572a4ab_frame_000041.txt,ba0cc572a4ab,41,20.5,train,labeled,59,1:12;2:7;3:36;4:4,bbox:59,
213bd26558bc5e7bae92ad0422a0022ba5e4a5d8148bd5197601a41c1a1adad8,train/images/ba0cc572a4ab_frame_000042.jpg,train/labels/ba0cc572a4ab_frame_000042.txt,ba0cc572a4ab,42,21.0,train,labeled,56,0:1;1:10;2:6;3:36;4:3,bbox:56,
220e0a94c85190da819bf6c0fe1a4e69e6201b6cf01491002d4c11e0e13de047,train/images/ba0cc572a4ab_frame_000043.jpg,train/labels/ba0cc572a4ab_frame_000043.txt,ba0cc572a4ab,43,21.5,train,labeled,64,0:1;1:12;2:7;3:42;4:2,bbox:64,
353c4a4b504c617f48b9550ad625af50aaf86986cab22d107eb7de1e44f01e66,train/images/ba0cc572a4ab_frame_000044.jpg,train/labels/ba0cc572a4ab_frame_000044.txt,ba0cc572a4ab,44,22.0,train,labeled,66,1:10;2:8;3:45;4:3,bbox:66,
87d575ca9067b6bd5be5efd222ff0c89848ad29beeabf2369ec0d358dc131818,train/images/ba0cc572a4ab_frame_000045.jpg,train/labels/ba0cc572a4ab_frame_000045.txt,ba0cc572a4ab,45,22.5,train,labeled,64,1:12;2:9;3:40;4:3,bbox:64,
492fdabfc81f6ee13f4d939083eb1fac834f7fd11e65103d07cb627b9f3c64b5,train/images/ba0cc572a4ab_frame_000046.jpg,train/labels/ba0cc572a4ab_frame_000046.txt,ba0cc572a4ab,46,23.0,train,labeled,60,1:12;2:8;3:38;4:2,bbox:60,
f238f3dac640af67492ce4f4114edf61dc25450bcc3d02e7592de32e9736660a,train/images/ba0cc572a4ab_frame_000047.jpg,train/labels/ba0cc572a4ab_frame_000047.txt,ba0cc572a4ab,47,23.5,train,labeled,65,1:14;2:9;3:40;4:2,bbox:65,
786a66f132e19b889d1ba1da6984ca9d67c6523e4ba04a9a279150f10287bbf6,train/images/ba0cc572a4ab_frame_000048.jpg,train/labels/ba0cc572a4ab_frame_000048.txt,ba0cc572a4ab,48,24.0,train,labeled,62,1:13;2:9;3:38;4:2,bbox:62,
016c0e90955988682b077fd49cbbe49d4e4c021ffe4debe605a8f54bcba24749,train/images/ba0cc572a4ab_frame_000049.jpg,train/labels/ba0cc572a4ab_frame_000049.txt,ba0cc572a4ab,49,24.5,train,labeled,54,1:10;2:9;3:34;4:1,bbox:54,
b3e68f7d10989eed6ba216b29db20d6563ec6cee286248a6bf17c70c61a0dac2,train/images/ba0cc572a4ab_frame_000050.jpg,train/labels/ba0cc572a4ab_frame_000050.txt,ba0cc572a4ab,50,25.0,train,labeled,58,1:10;2:8;3:39;4:1,bbox:58,
94301eb7a06d14abe6aecafcd937ec7243d11f228e682765a3d4987c0491cbe3,train/images/ba0cc572a4ab_frame_000051.jpg,train/labels/ba0cc572a4ab_frame_000051.txt,ba0cc572a4ab,51,25.5,train,labeled,67,1:12;2:7;3:46;4:2,bbox:67,
841b22b03bdb589d42f392b2e9932f320202a6f693324d3644b746ff4b39adb6,train/images/ba0cc572a4ab_frame_000052.jpg,train/labels/ba0cc572a4ab_frame_000052.txt,ba0cc572a4ab,52,26.0,train,labeled,56,1:11;2:5;3:38;4:2,bbox:56,
1491cee3a277e1b26ff4979d99b72fbc08b5313d2843247f09cc3277ff15c941,train/images/ba0cc572a4ab_frame_000053.jpg,train/labels/ba0cc572a4ab_frame_000053.txt,ba0cc572a4ab,53,26.5,train,labeled,55,1:6;2:5;3:41;4:3,bbox:55,
207514e2e55b4fc423d2a1ae95972dde3b1321c9d85910b2ea3f2964c043af12,train/images/ba0cc572a4ab_frame_000054.jpg,train/labels/ba0cc572a4ab_frame_000054.txt,ba0cc572a4ab,54,27.0,train,labeled,59,1:8;2:6;3:41;4:4,bbox:59,
904cc6faaa493d5430d1330952c04d500f904ca6859f5b59d091438695c6ba91,train/images/ba0cc572a4ab_frame_000055.jpg,train/labels/ba0cc572a4ab_frame_000055.txt,ba0cc572a4ab,55,27.5,train,labeled,63,1:12;2:5;3:42;4:4,bbox:63,
eea5f72fc2122ca3045d67d0346bd064d3ecf49f4597dbb2d3a2f3d3a8f7b62f,train/images/ba0cc572a4ab_frame_000056.jpg,train/labels/ba0cc572a4ab_frame_000056.txt,ba0cc572a4ab,56,28.0,train,labeled,54,1:12;2:5;3:34;4:3,bbox:54,
189bbdeadb04b3cc717c084e8d059b46904bc284d62893a2c07fde0ece1b4cee,train/images/ba0cc572a4ab_frame_000057.jpg,train/labels/ba0cc572a4ab_frame_000057.txt,ba0cc572a4ab,57,28.5,train,labeled,62,1:12;2:5;3:40;4:5,bbox:62,
be238c0df5506a5ce837b1762b67cb2608b00703250b10e566e719cb799dac72,train/images/ba0cc572a4ab_frame_000058.jpg,train/labels/ba0cc572a4ab_frame_000058.txt,ba0cc572a4ab,58,29.0,train,labeled,64,1:16;2:5;3:38;4:5,bbox:64,
88a8813d1239ee47b86de556f0e139273bfb819aca5d7d204eb717f3e9328b01,train/images/ba0cc572a4ab_frame_000059.jpg,train/labels/ba0cc572a4ab_frame_000059.txt,ba0cc572a4ab,59,29.5,train,labeled,62,1:15;2:4;3:38;4:5,bbox:62,
7a6f2c790a3356770b103953eae149e5e69770ad73211d6e0fb233a8628021af,train/images/ba0cc572a4ab_frame_000060.jpg,train/labels/ba0cc572a4ab_frame_000060.txt,ba0cc572a4ab,60,30.0,train,labeled,60,1:13;2:4;3:39;4:4,bbox:60,
a1cab76a81768503e87e5599d71bf98516162d7ab68730a698af044ab7540b00,train/images/ba0cc572a4ab_frame_000061.jpg,train/labels/ba0cc572a4ab_frame_000061.txt,ba0cc572a4ab,61,30.5,train,labeled,50,1:12;2:6;3:27;4:5,bbox:50,
55a768ce6c9b3a2066ec62745c093e7a72ad3903880d42f32d8e58363d82f772,train/images/ba0cc572a4ab_frame_000062.jpg,train/labels/ba0cc572a4ab_frame_000062.txt,ba0cc572a4ab,62,31.0,train,labeled,45,1:13;2:3;3:26;4:3,bbox:45,
fd139b577e2bfbda836518fd5d50685e11675711cbe92ed9f5c9be13d6e884ee,train/images/ba0cc572a4ab_frame_000063.jpg,train/labels/ba0cc572a4ab_frame_000063.txt,ba0cc572a4ab,63,31.5,train,labeled,46,1:13;2:3;3:27;4:3,bbox:46,
33bb11a8e672554540562318535eb1e6796be09478941d42cf48b2ce672d8e6f,train/images/ba0cc572a4ab_frame_000064.jpg,train/labels/ba0cc572a4ab_frame_000064.txt,ba0cc572a4ab,64,32.0,train,labeled,38,1:12;2:4;3:19;4:3,bbox:38,
056e00c1d6aceba29a0ad64b47a3d6788e3c6b4729197d7853d2505f8ca9c7cd,train/images/ba0cc572a4ab_frame_000065.jpg,train/labels/ba0cc572a4ab_frame_000065.txt,ba0cc572a4ab,65,32.5,train,labeled,31,1:10;3:17;4:4,bbox:31,
266479612dd9de83ce15b536c3de85746e81efeafb946c6f86eab06a498115b9,train/images/ba0cc572a4ab_frame_000066.jpg,train/labels/ba0cc572a4ab_frame_000066.txt,ba0cc572a4ab,66,33.0,train,labeled,43,1:12;3:24;4:7,bbox:43,
978b7b31870d786be56297aae3ce2a375fe56bbfef64afca3dfa80e4cb37411d,train/images/ba0cc572a4ab_frame_000067.jpg,train/labels/ba0cc572a4ab_frame_000067.txt,ba0cc572a4ab,67,33.5,train,labeled,35,1:12;3:19;4:4,bbox:35,
62bcea808b79192945401fa5f86aa8b18017ac807a26a7e7efbf02c217d57319,train/images/ba0cc572a4ab_frame_000068.jpg,train/labels/ba0cc572a4ab_frame_000068.txt,ba0cc572a4ab,68,34.0,train,labeled,38,1:13;2:2;3:20;4:3,bbox:38,
7436596ce512eb52394f886e1e4ef44df673e27b499bfcdf69809b9b0d730dc0,train/images/ba0cc572a4ab_frame_000069.jpg,train/labels/ba0cc572a4ab_frame_000069.txt,ba0cc572a4ab,69,34.5,train,labeled,41,1:13;2:2;3:20;4:6,bbox:41,
c71dfa4e0e4db3982d0490200402e20a88867a761bfca60d88f9e7a5411ecd7c,train/images/ba0cc572a4ab_frame_000070.jpg,train/labels/ba0cc572a4ab_frame_000070.txt,ba0cc572a4ab,70,35.0,train,labeled,38,1:13;2:2;3:18;4:5,bbox:38,
61d21abff34423e6c387b55799296a1ff59a3bf0fc99dea4b13a5a24629e29fc,train/images/ba0cc572a4ab_frame_000071.jpg,train/labels/ba0cc572a4ab_frame_000071.txt,ba0cc572a4ab,71,35.5,train,labeled,46,1:17;2:2;3:25;4:2,bbox:46,
b179143adb1e35599a2ea160b67ff45dd95bfa6e8526c26e16e499335bb229f6,train/images/ba0cc572a4ab_frame_000072.jpg,train/labels/ba0cc572a4ab_frame_000072.txt,ba0cc572a4ab,72,36.0,train,labeled,39,1:15;3:20;4:4,bbox:39,
cb324392d0157e7080d3bfde7e24dcef0c6b61ead8031334479124d2d6f6724a,train/images/ba0cc572a4ab_frame_000073.jpg,train/labels/ba0cc572a4ab_frame_000073.txt,ba0cc572a4ab,73,36.5,train,labeled,39,1:17;3:19;4:3,bbox:39,
09ff66b2d6b7af2df468d33788b03a67a06e39ebae0bea89b86dd912fed5d7ba,train/images/ba0cc572a4ab_frame_000074.jpg,train/labels/ba0cc572a4ab_frame_000074.txt,ba0cc572a4ab,74,37.0,train,labeled,35,1:16;3:15;4:4,bbox:35,
217cc6394f53fd669e62d953b8b986ed8a7617678d0d4def0f77cd9288d9c5d7,train/images/ba0cc572a4ab_frame_000075.jpg,train/labels/ba0cc572a4ab_frame_000075.txt,ba0cc572a4ab,75,37.5,train,labeled,37,1:16;2:2;3:14;4:5,bbox:37,
162201057dd3932f3bd06bf8f38f2635bf5290b0d96f7698304c89a1de68bc13,train/images/ba0cc572a4ab_frame_000076.jpg,train/labels/ba0cc572a4ab_frame_000076.txt,ba0cc572a4ab,76,38.0,train,labeled,38,0:1;1:13;2:2;3:15;4:7,bbox:38,
52148083352f0ea4a0ad88dab2f058eb8d81f2efcc8066a5138eb9562a96b9e3,train/images/ba0cc572a4ab_frame_000077.jpg,train/labels/ba0cc572a4ab_frame_000077.txt,ba0cc572a4ab,77,38.5,train,labeled,36,1:13;2:1;3:15;4:7,bbox:36,
47df1deb1dbe38bdd5cd9f45629ba85fd16c539136488e7e5cc24a5240c7d52d,train/images/ba0cc572a4ab_frame_000078.jpg,train/labels/ba0cc572a4ab_frame_000078.txt,ba0cc572a4ab,78,39.0,train,labeled,34,1:13;3:16;4:5,bbox:34,
0ae647d9261d537bb94570d2f933bb3b6f2dd71c1c5dc21e900431081ec1847f,train/images/ba0cc572a4ab_frame_000079.jpg,train/labels/ba0cc572a4ab_frame_000079.txt,ba0cc572a4ab,79,39.5,train,labeled,31,1:15;3:10;4:6,bbox:31,
bafcde713edcd7c7cb6408999662e012e38895f98ac03e297c96a39d8e100f11,train/images/ba0cc572a4ab_frame_000080.jpg,train/labels/ba0cc572a4ab_frame_000080.txt,ba0cc572a4ab,80,40.0,train,labeled,34,1:15;2:2;3:9;4:8,bbox:34,
8f4e936a25e9ff17b95d2d1669c0c4d276b237735451d37363c90bc9cfe78509,train/images/ba0cc572a4ab_frame_000081.jpg,train/labels/ba0cc572a4ab_frame_000081.txt,ba0cc572a4ab,81,40.5,train,labeled,35,1:15;2:2;3:11;4:7,bbox:35,
db792b41d707f5310b8eced5920c43c33265f7d81c9d784d9d77854681298892,train/images/ba0cc572a4ab_frame_000082.jpg,train/labels/ba0cc572a4ab_frame_000082.txt,ba0cc572a4ab,82,41.0,train,labeled,37,1:18;2:2;3:10;4:7,bbox:37,
5e373da117cfc2e26ec6676da4e8b81ebed3bdd5fa9963ef97b8d65b9331ebad,train/images/ba0cc572a4ab_frame_000083.jpg,train/labels/ba0cc572a4ab_frame_000083.txt,ba0cc572a4ab,83,41.5,train,labeled,27,1:14;3:6;4:7,bbox:27,
25ec37ec8c4b85e79d92e4247b7cb2b0ae5adc298198fa213ab4ec620260d739,train/images/ba0cc572a4ab_frame_000084.jpg,train/labels/ba0cc572a4ab_frame_000084.txt,ba0cc572a4ab,84,42.0,train,labeled,26,1:14;3:6;4:6,bbox:26,
95793b9806b105a7a64f7253f668de2be2c8fffa57e42eb00db5431580fd1146,train/images/ba0cc572a4ab_frame_000085.jpg,train/labels/ba0cc572a4ab_frame_000085.txt,ba0cc572a4ab,85,42.5,train,labeled,29,1:14;3:8;4:7,bbox:29,
a11490ff3677a3078a97e6c1fa288f050ecf7181a2d1104965114fc338f97c44,train/images/ba0cc572a4ab_frame_000086.jpg,train/labels/ba0cc572a4ab_frame_000086.txt,ba0cc572a4ab,86,43.0,train,labeled,19,1:14;3:2;4:3,bbox:19,
aa48fba6465d7d5140718216beae8f767fca7b0bb995f11db622f569d4a57cf8,train/images/ba0cc572a4ab_frame_000087.jpg,train/labels/ba0cc572a4ab_frame_000087.txt,ba0cc572a4ab,87,43.5,train,labeled,22,1:15;3:2;4:5,bbox:22,
67f5dddfe9e9d9e231fc6708a7e4d5417d0de447f95067efc7d5b86c81cec2e8,train/images/ba0cc572a4ab_frame_000088.jpg,train/labels/ba0cc572a4ab_frame_000088.txt,ba0cc572a4ab,88,44.0,train,labeled,21,1:14;3:2;4:5,bbox:21,
a30eadeeb77cd03740396e93db00d57c47673e48e073a7a5a712959c3ff2be4b,train/images/ba0cc572a4ab_frame_000090.jpg,train/labels/ba0cc572a4ab_frame_000090.txt,ba0cc572a4ab,90,45.0,train,labeled,21,1:17;4:4,bbox:21,
27b85b385b37ac970e16418a020bf6150892aa038aa800e182c92117e2bb748e,train/images/ba0cc572a4ab_frame_000091.jpg,train/labels/ba0cc572a4ab_frame_000091.txt,ba0cc572a4ab,91,45.5,train,labeled,19,1:16;3:1;4:2,bbox:19,
0de8bdb65a8f7c0d9104ae70719c7a2c0f9d1285b5c1c66e21088b717f56fe8a,train/images/ba0cc572a4ab_frame_000092.jpg,train/labels/ba0cc572a4ab_frame_000092.txt,ba0cc572a4ab,92,46.0,train,labeled,19,1:16;4:3,bbox:19,
c5c09c5cf77847c2782f2249f2fbaf2bf43cb4521ee58ecceb872b942cbbb12c,train/images/ba0cc572a4ab_frame_000093.jpg,train/labels/ba0cc572a4ab_frame_000093.txt,ba0cc572a4ab,93,46.5,train,labeled,18,1:15;3:1;4:2,bbox:18,
e14f654a920148ccea6b293b49a5f49ec91ca5a27130d0702d64d63e332f279d,train/images/ba0cc572a4ab_frame_000094.jpg,train/labels/ba0cc572a4ab_frame_000094.txt,ba0cc572a4ab,94,47.0,train,labeled,18,1:13;3:1;4:4,bbox:18,
06f3a492e50016da5eda69d6c5a8727809ff99d9251df7a678f29803b8f45e22,train/images/ba0cc572a4ab_frame_000095.jpg,train/labels/ba0cc572a4ab_frame_000095.txt,ba0cc572a4ab,95,47.5,train,labeled,19,1:16;3:1;4:2,bbox:19,
77b8516c11881acb2a16ef1b6fbfa370bcf2fcd31eb6924dbbbe8803012c35d6,train/images/ba0cc572a4ab_frame_000096.jpg,train/labels/ba0cc572a4ab_frame_000096.txt,ba0cc572a4ab,96,48.0,train,labeled,21,1:16;3:2;4:3,bbox:21,
5219682cc9cfe739d994377ad131ddda95dc4f668b82262f810d9e827433bf8e,train/images/ba0cc572a4ab_frame_000097.jpg,train/labels/ba0cc572a4ab_frame_000097.txt,ba0cc572a4ab,97,48.5,train,labeled,17,1:14;3:1;4:2,bbox:17,
a8c3da97994dec40667c57f94e9e4d16ddbed8c8dd29a2cf09314dbb39b810ee,train/images/ba0cc572a4ab_frame_000098.jpg,train/labels/ba0cc572a4ab_frame_000098.txt,ba0cc572a4ab,98,49.0,train,labeled,16,1:13;4:3,bbox:16,
7ae2c20853401da835f08dfcd2948515681bcc12432c962f1c288acea0c15b30,train/images/ba0cc572a4ab_frame_000099.jpg,train/labels/ba0cc572a4ab_frame_000099.txt,ba0cc572a4ab,99,49.5,train,labeled,17,1:13;3:1;4:3,bbox:17,
3f885a53efe7f6b8ccb4cbd073d0da8f0bdf6178ab95e9a886f96184f2de869e,train/images/ba0cc572a4ab_frame_000100.jpg,train/labels/ba0cc572a4ab_frame_000100.txt,ba0cc572a4ab,100,50.0,train,labeled,13,1:10;4:3,bbox:13,
16f28ebee25abd6f5a4439ccab63b6ffdc1c50addecbfe3f230e55f1c111979e,train/images/ba0cc572a4ab_frame_000101.jpg,train/labels/ba0cc572a4ab_frame_000101.txt,ba0cc572a4ab,101,50.5,train,labeled,13,1:10;4:3,bbox:13,
1cb5bcc48ce965e910bbbfac924ff3aa74c068ec0cee88353a5db64f61543cfc,train/images/ba0cc572a4ab_frame_000102.jpg,train/labels/ba0cc572a4ab_frame_000102.txt,ba0cc572a4ab,102,51.0,train,labeled,16,1:12;4:4,bbox:16,
1dda8b2af547924c77b8b0607c884c4b69575d9f5ca9d53483c1d264f4ff9a3f,train/images/ba0cc572a4ab_frame_000103.jpg,train/labels/ba0cc572a4ab_frame_000103.txt,ba0cc572a4ab,103,51.5,train,labeled,16,1:15;4:1,bbox:16,
56511fdd886d65fd5cd62c4b32287a0d159f882a70e8dd4eac8520e0bccb5db6,train/images/ba0cc572a4ab_frame_000104.jpg,train/labels/ba0cc572a4ab_frame_000104.txt,ba0cc572a4ab,104,52.0,train,labeled,10,1:9;4:1,bbox:10,
441c500a104dd5a5264a82573b5b5dfd5deb3f24c6667ee057ebe9f1c628df44,train/images/ba0cc572a4ab_frame_000105.jpg,train/labels/ba0cc572a4ab_frame_000105.txt,ba0cc572a4ab,105,52.5,train,labeled,14,1:11;4:3,bbox:14,
6e87ec90e9e89389045893a4d03c94c045534b3b0de30d889ac52cd76d844464,train/images/ba0cc572a4ab_frame_000106.jpg,train/labels/ba0cc572a4ab_frame_000106.txt,ba0cc572a4ab,106,53.0,train,labeled,16,1:13;4:3,bbox:16,
96cac5fc7a7dbd1c11fd5a1f81d24885646f32c7f4e666859fa3606103326144,train/images/ba0cc572a4ab_frame_000107.jpg,train/labels/ba0cc572a4ab_frame_000107.txt,ba0cc572a4ab,107,53.5,train,labeled,9,1:8;4:1,bbox:9,
f888beb34d016d60c00c960c6721c2bc0890709ec0c0bdb426d982d1547fd238,train/images/ba0cc572a4ab_frame_000108.jpg,train/labels/ba0cc572a4ab_frame_000108.txt,ba0cc572a4ab,108,54.0,train,labeled,12,1:11;4:1,bbox:12,
3e4bf630fe77b5db1974edaaaf1e5952ca68a4d1bcb3a3db3cde924c6391c0ba,train/images/ba0cc572a4ab_frame_000109.jpg,train/labels/ba0cc572a4ab_frame_000109.txt,ba0cc572a4ab,109,54.5,train,labeled,14,1:13;4:1,bbox:14,
e106e2f2fee2ec64d4c9c7651657425c11d7174671a13986d056815d94e196c5,train/images/ba0cc572a4ab_frame_000110.jpg,train/labels/ba0cc572a4ab_frame_000110.txt,ba0cc572a4ab,110,55.0,train,labeled,9,1:7;4:2,bbox:9,
263b6f4e9e42a9ae7790932b2cc67736b910705648120fa7eb1315a73f4fa34c,train/images/ba0cc572a4ab_frame_000111.jpg,train/labels/ba0cc572a4ab_frame_000111.txt,ba0cc572a4ab,111,55.5,train,labeled,9,1:7;3:1;4:1,bbox:9,
8b7ea5909db79f7d10c37d9cd21741f010ff37529a918f377093a5887f389f95,train/images/ba0cc572a4ab_frame_000112.jpg,train/labels/ba0cc572a4ab_frame_000112.txt,ba0cc572a4ab,112,56.0,train,labeled,7,1:6;4:1,bbox:7,
279516c86c9e823da122e9b57596eb3d3243e64474a0350b0b968bf4b7c8759b,train/images/ba0cc572a4ab_frame_000113.jpg,train/labels/ba0cc572a4ab_frame_000113.txt,ba0cc572a4ab,113,56.5,train,labeled,7,1:6;4:1,bbox:7,
2f25b802722129b35f969f1f1c469d3138bd283f6891db4551be62eebacc7424,train/images/ba0cc572a4ab_frame_000114.jpg,train/labels/ba0cc572a4ab_frame_000114.txt,ba0cc572a4ab,114,57.0,train,labeled,13,1:11;3:2,bbox:13,
0046d4e914781b4e6af519fa7161995003c23ac2685feefec71a97fd6c247015,train/images/ba0cc572a4ab_frame_000115.jpg,train/labels/ba0cc572a4ab_frame_000115.txt,ba0cc572a4ab,115,57.5,train,labeled,8,1:6;3:1;4:1,bbox:8,
0c54753898df658abba5b3f4465cd9a371ecaa27eb6190544be457f7532d30b4,train/images/ba0cc572a4ab_frame_000116.jpg,train/labels/ba0cc572a4ab_frame_000116.txt,ba0cc572a4ab,116,58.0,train,labeled,12,1:9;3:1;4:2,bbox:12,
619f81c8e3b6f5861d4ecbe51001837533e1aa9988a065b7ec76a062ceb51ca9,train/images/ba0cc572a4ab_frame_000117.jpg,train/labels/ba0cc572a4ab_frame_000117.txt,ba0cc572a4ab,117,58.5,train,labeled,14,1:10;3:1;4:3,bbox:14,
98c42c87caec5891fdd1c436380bfaeb193e49ae681fcd3f35c89337b0ec9b05,train/images/ba0cc572a4ab_frame_000118.jpg,train/labels/ba0cc572a4ab_frame_000118.txt,ba0cc572a4ab,118,59.0,train,labeled,10,1:9;4:1,bbox:10,
72d637ddc298fabb4c603c7c3ce9dc83c328376ff3ea608466af653e394e46bf,train/images/ba0cc572a4ab_frame_000119.jpg,train/labels/ba0cc572a4ab_frame_000119.txt,ba0cc572a4ab,119,59.5,train,labeled,10,1:9;4:1,bbox:10,
6b167d55176722659fb118b1f9ec8fb7f079c5e06d1d5f248f64835eb07680de,train/images/ba0cc572a4ab_frame_000120.jpg,train/labels/ba0cc572a4ab_frame_000120.txt,ba0cc572a4ab,120,60.0,train,labeled,11,1:9;4:2,bbox:11,
7f80cd5ea4c5639fab3257cc54f4de4d8fbe91e9d3046f7af49c7410d2296133,train/images/ba0cc572a4ab_frame_000121.jpg,train/labels/ba0cc572a4ab_frame_000121.txt,ba0cc572a4ab,121,60.5,train,labeled,7,1:6;4:1,bbox:7,
bcec1a381f36de325dccaf60770dbe03b76eff6c3d35668329e072c9e4c99987,train/images/ba0cc572a4ab_frame_000122.jpg,train/labels/ba0cc572a4ab_frame_000122.txt,ba0cc572a4ab,122,61.0,train,labeled,5,1:5,bbox:5,
fb433e640e418645dbdad234920bdbb411551fc2e752ff8835b05684cf5513ac,train/images/ba0cc572a4ab_frame_000123.jpg,train/labels/ba0cc572a4ab_frame_000123.txt,ba0cc572a4ab,123,61.5,train,labeled,6,1:5;4:1,bbox:6,
0de075aa64500ef5a6802a5951635ac4e685e3caa6c9b10ce3198829c8b1e353,train/images/ba0cc572a4ab_frame_000124.jpg,train/labels/ba0cc572a4ab_frame_000124.txt,ba0cc572a4ab,124,62.0,train,labeled,3,1:3,bbox:3,
595c052531c5ee342701128fed117f74b2127ad058dddc362cba098026baa81b,train/images/ba0cc572a4ab_frame_000125.jpg,train/labels/ba0cc572a4ab_frame_000125.txt,ba0cc572a4ab,125,62.5,train,labeled,2,1:2,bbox:2,
9cbc7326e8b56eb7250eb919ae1c83732aa46a0fd45e595042afc6e832abf01e,train/images/ba0cc572a4ab_frame_000126.jpg,train/labels/ba0cc572a4ab_frame_000126.txt,ba0cc572a4ab,126,63.0,train,labeled,3,1:2;4:1,bbox:3,
34c06426a0621449e22616a455572cf106909d3448b5cea2a1a7e15fbd4a2482,train/images/ba0cc572a4ab_frame_000127.jpg,train/labels/ba0cc572a4ab_frame_000127.txt,ba0cc572a4ab,127,63.5,train,labeled,4,1:3;4:1,bbox:4,
6d688c2e8146f40c3f5596fdcf900e6b7f90515cc354d6fa312f8add770360dd,train/images/ba0cc572a4ab_frame_000128.jpg,train/labels/ba0cc572a4ab_frame_000128.txt,ba0cc572a4ab,128,64.0,train,labeled,3,1:2;4:1,bbox:3,
0512f841416a6484a2d07cad1397f6752a1699388cdf036b1d479e5240026ceb,train/images/ba0cc572a4ab_frame_000129.jpg,train/labels/ba0cc572a4ab_frame_000129.txt,ba0cc572a4ab,129,64.5,train,labeled,2,1:1;4:1,bbox:2,
e38e748b1ad1592631cd03f779095d88dbfd1f7ec0922ecb35f51c2a4561d209,train/images/ba0cc572a4ab_frame_000130.jpg,train/labels/ba0cc572a4ab_frame_000130.txt,ba0cc572a4ab,130,65.0,train,labeled,3,1:2;4:1,bbox:3,
b86b966e4521e0267671039beeae49f560b7d9b229aa29461bc9effeeccbf1cc,train/images/ba0cc572a4ab_frame_000131.jpg,train/labels/ba0cc572a4ab_frame_000131.txt,ba0cc572a4ab,131,65.5,train,labeled,2,1:1;4:1,bbox:2,
1ff104f5c0cbbea14bc5b0e0b53bc8492f0148fbbcc44c1705195ef974adf6b6,train/images/ba0cc572a4ab_frame_000132.jpg,train/labels/ba0cc572a4ab_frame_000132.txt,ba0cc572a4ab,132,66.0,train,labeled,3,1:3,bbox:3,
f871b58b4bcc89d0bd64d6af251c3f845c7f03c97537fe6d4f0cd0546d76b08a,train/images/ba0cc572a4ab_frame_000133.jpg,train/labels/ba0cc572a4ab_frame_000133.txt,ba0cc572a4ab,133,66.5,train,labeled,4,1:2;4:2,bbox:4,
4ac6caf10d1f4f0f05a88178407d0218aba40888f9daf237e7d1a77b8a5ab4f2,train/images/ba0cc572a4ab_frame_000134.jpg,train/labels/ba0cc572a4ab_frame_000134.txt,ba0cc572a4ab,134,67.0,train,labeled,4,1:4,bbox:4,
3512733c8fe7699e5c3b83f4297bafe975ff90fd7bb8df63f7bd70b8e8536558,train/images/ba0cc572a4ab_frame_000135.jpg,train/labels/ba0cc572a4ab_frame_000135.txt,ba0cc572a4ab,135,67.5,train,labeled,5,1:4;4:1,bbox:5,
575f6a7e7c3f8294521cd12f81387347c11a3941ee91c23dc60f139efe64ac04,train/images/ba0cc572a4ab_frame_000136.jpg,train/labels/ba0cc572a4ab_frame_000136.txt,ba0cc572a4ab,136,68.0,train,labeled,7,1:6;4:1,bbox:7,
ee1b5af78771e2d1face09aaaef10b7e2fe6b7084084ac151fbceddaeccd3659,train/images/ba0cc572a4ab_frame_000137.jpg,train/labels/ba0cc572a4ab_frame_000137.txt,ba0cc572a4ab,137,68.5,train,labeled,10,1:8;4:2,bbox:10,
edd275b5eda8cba91b6b3664a2e15f2f9406a699898bfa43628c7bdcedcfea51,train/images/ba0cc572a4ab_frame_000138.jpg,train/labels/ba0cc572a4ab_frame_000138.txt,ba0cc572a4ab,138,69.0,train,labeled,7,1:5;4:2,bbox:7,
1694a3651885a0149186acf894d9754dd61adecdc9867decab3d996ef72b9525,train/images/ba0cc572a4ab_frame_000139.jpg,train/labels/ba0cc572a4ab_frame_000139.txt,ba0cc572a4ab,139,69.5,train,labeled,8,1:7;4:1,bbox:8,
8ca07643e4db934b55469097ff632d86f6ceee9d327722f5244d7101f5d49afd,calibration/images/56df431311e3_frame_000000.jpg,calibration/labels/56df431311e3_frame_000000.txt,56df431311e3,0,0.0,calibration,labeled,55,0:1;1:5;2:49,bbox:55,
8d4830be30daea313f71717014898e7cae46e4805473fa1210c4942bd1be3248,calibration/images/56df431311e3_frame_000001.jpg,calibration/labels/56df431311e3_frame_000001.txt,56df431311e3,1,0.5,calibration,labeled,60,0:2;1:5;2:51;3:2,bbox:60,
509590ab7eeb2ac0a7c70de649636860a276dabbc39f778b9bab0b878c1a3078,calibration/images/56df431311e3_frame_000002.jpg,calibration/labels/56df431311e3_frame_000002.txt,56df431311e3,2,1.0,calibration,labeled,53,0:1;1:5;2:47,bbox:53,
d85814b08552e51f3047d741e89d10ea0b781a422deba32de45f5437736fac04,calibration/images/56df431311e3_frame_000003.jpg,calibration/labels/56df431311e3_frame_000003.txt,56df431311e3,3,1.5,calibration,labeled,51,0:2;1:5;2:43;3:1,bbox:51,
af33bc19e635e203a24bd0e4392133afa8d2bae2d52c78afeebebe60a60bae46,calibration/images/56df431311e3_frame_000004.jpg,calibration/labels/56df431311e3_frame_000004.txt,56df431311e3,4,2.0,calibration,labeled,47,0:2;1:5;2:37;3:3,bbox:47,
8cb1f80b506ab43d67312e191f38703652f8f230c37d94aa1a1631e786f6379a,calibration/images/56df431311e3_frame_000005.jpg,calibration/labels/56df431311e3_frame_000005.txt,56df431311e3,5,2.5,calibration,labeled,58,0:2;1:5;2:50;3:1,bbox:58,
ca9385a326656083a6e6c903578bf395c9bb0bd28c4e1d64775666d14638583c,calibration/images/56df431311e3_frame_000006.jpg,calibration/labels/56df431311e3_frame_000006.txt,56df431311e3,6,3.0,calibration,labeled,51,0:1;1:4;2:44;3:2,bbox:51,
7d340d8662223e42c18a43d9ece2ca2fd3ba208794bd51f7511ab1fe1ca4a1e0,calibration/images/56df431311e3_frame_000007.jpg,calibration/labels/56df431311e3_frame_000007.txt,56df431311e3,7,3.5,calibration,labeled,55,0:1;1:5;2:47;3:2,bbox:55,
c66149c8fc3d5873e151d97292e5a2ca116d35f5149cc1f546d230f22feb94f9,calibration/images/56df431311e3_frame_000008.jpg,calibration/labels/56df431311e3_frame_000008.txt,56df431311e3,8,4.0,calibration,labeled,52,0:2;1:4;2:46,bbox:52,
09051563d815a559dc1b551f4b8eaece8787a92eb32ffe39364d69ad5eb8745c,calibration/images/56df431311e3_frame_000009.jpg,calibration/labels/56df431311e3_frame_000009.txt,56df431311e3,9,4.5,calibration,labeled,51,0:1;1:4;2:46,bbox:51,
7d4a69b9774edb01925a3a8c20c01b5992e3ea8ffd03d4410844ce55234c52f7,calibration/images/56df431311e3_frame_000010.jpg,calibration/labels/56df431311e3_frame_000010.txt,56df431311e3,10,5.0,calibration,labeled,54,0:2;1:4;2:48,bbox:54,
fe9b90ea6df4d011876495d70aa9f19740667cf683b6904f55b61d0c435c389f,calibration/images/56df431311e3_frame_000011.jpg,calibration/labels/56df431311e3_frame_000011.txt,56df431311e3,11,5.5,calibration,labeled,55,0:1;1:4;2:50,bbox:55,
07075f7c7fdaa95cca6b869a7d6a263d49804336b45d7fde55aba2aa01fd1e87,calibration/images/56df431311e3_frame_000012.jpg,calibration/labels/56df431311e3_frame_000012.txt,56df431311e3,12,6.0,calibration,labeled,46,0:1;1:4;2:41,bbox:46,
9252d8dbda8a3ee04bab72c297140b1e23cd220a27cbdbccead0b5bd01846f14,calibration/images/56df431311e3_frame_000013.jpg,calibration/labels/56df431311e3_frame_000013.txt,56df431311e3,13,6.5,calibration,labeled,40,0:1;1:5;2:34,bbox:40,
6868d93ffe443a43da52a14533870557a8c1803164d788042fc82a0468acf2c9,calibration/images/56df431311e3_frame_000014.jpg,calibration/labels/56df431311e3_frame_000014.txt,56df431311e3,14,7.0,calibration,labeled,44,0:1;1:5;2:38,bbox:44,
3903b598b4e813c391900012e4af1c71063cb3e5eb2de015386fda5428b65293,calibration/images/56df431311e3_frame_000015.jpg,calibration/labels/56df431311e3_frame_000015.txt,56df431311e3,15,7.5,calibration,labeled,45,0:1;1:7;2:36;3:1,bbox:45,
88016795816cac5e76cc5cd0f88e5e3c7f1976f57b18fed7e46e6693a0cc5414,calibration/images/56df431311e3_frame_000016.jpg,calibration/labels/56df431311e3_frame_000016.txt,56df431311e3,16,8.0,calibration,labeled,52,0:1;1:9;2:41;3:1,bbox:52,
4cd292806252f3523e6cf70b125477f95c525ecad0787d31150af741da9e96c3,calibration/images/56df431311e3_frame_000017.jpg,calibration/labels/56df431311e3_frame_000017.txt,56df431311e3,17,8.5,calibration,labeled,48,0:1;1:10;2:33;3:4,bbox:48,
674f783d04897db31ed9c3d54c1bc12162a536e0f77fe2cd290bef805c9d8a72,calibration/images/56df431311e3_frame_000018.jpg,calibration/labels/56df431311e3_frame_000018.txt,56df431311e3,18,9.0,calibration,labeled,46,0:1;1:10;2:33;3:2,bbox:46,
6b6b319f7602703319f89bb6b247f2ac78792d17267d994a19d0f2f41579cfd0,calibration/images/56df431311e3_frame_000019.jpg,calibration/labels/56df431311e3_frame_000019.txt,56df431311e3,19,9.5,calibration,labeled,41,0:1;1:11;2:26;3:3,bbox:41,
8c90a29faab6971560a8e0a1cbdc15edceef6a36f6796082f36ec36099573b0f,calibration/images/56df431311e3_frame_000020.jpg,calibration/labels/56df431311e3_frame_000020.txt,56df431311e3,20,10.0,calibration,labeled,37,0:2;1:7;2:26;3:2,bbox:37,
75d44846b53b71fd9afbcb5273938964e9f41efefe52f374b0a1bc4747cc215c,calibration/images/56df431311e3_frame_000021.jpg,calibration/labels/56df431311e3_frame_000021.txt,56df431311e3,21,10.5,calibration,labeled,38,0:1;1:7;2:27;3:3,bbox:38,
381b6e43cd5ad364b394980abb04ed0ab8615b3c03800b8245f6e3bda6b41074,calibration/images/56df431311e3_frame_000022.jpg,calibration/labels/56df431311e3_frame_000022.txt,56df431311e3,22,11.0,calibration,labeled,39,0:1;1:10;2:25;3:3,bbox:39,
82a595c3e921d1af02f99eee55f4ddcb2279d0d40b791d085e6e6adf135cf9cd,calibration/images/56df431311e3_frame_000023.jpg,calibration/labels/56df431311e3_frame_000023.txt,56df431311e3,23,11.5,calibration,labeled,42,0:1;1:8;2:26;3:7,bbox:42,
71fc86e8b11961c0ca351ba0bb750d635c3c6d0716d04dfd78357dfe6eecf912,calibration/images/56df431311e3_frame_000024.jpg,calibration/labels/56df431311e3_frame_000024.txt,56df431311e3,24,12.0,calibration,labeled,44,0:2;1:7;2:29;3:6,bbox:44,
5debcb30171e8b3b87e223265629d0f77d2fc5d3aa79aa75566dd287e8892288,calibration/images/56df431311e3_frame_000025.jpg,calibration/labels/56df431311e3_frame_000025.txt,56df431311e3,25,12.5,calibration,labeled,47,0:3;1:9;2:32;3:3,bbox:47,
e470a2cb74a9433065510b8fe45f10ed658422c66df7d4ffb86355a0f0f0f884,calibration/images/56df431311e3_frame_000026.jpg,calibration/labels/56df431311e3_frame_000026.txt,56df431311e3,26,13.0,calibration,labeled,48,0:1;1:8;2:37;3:2,bbox:48,
4c4ce17439a2e99f20c35dfc756901aeff4ca6bd31ce578a82f0d9af9848db17,calibration/images/56df431311e3_frame_000027.jpg,calibration/labels/56df431311e3_frame_000027.txt,56df431311e3,27,13.5,calibration,labeled,58,0:1;1:9;2:41;3:7,bbox:58,
5a05b59617f5aa09037ee7c74edc62baf3e866e07622202510a68c8c72411e63,calibration/images/56df431311e3_frame_000028.jpg,calibration/labels/56df431311e3_frame_000028.txt,56df431311e3,28,14.0,calibration,labeled,51,0:1;1:4;2:44;3:2,bbox:51,
b58cd4d7c7d7518bf32e1734541a152cfb1e8207334c5cd3b08d1e7fdc7e30d4,calibration/images/56df431311e3_frame_000029.jpg,calibration/labels/56df431311e3_frame_000029.txt,56df431311e3,29,14.5,calibration,labeled,55,0:1;1:4;2:48;3:2,bbox:55,
3c92e765b83948ec3144f887c023c139a125b564fded60227b540552502f1e48,calibration/images/56df431311e3_frame_000030.jpg,calibration/labels/56df431311e3_frame_000030.txt,56df431311e3,30,15.0,calibration,labeled,53,0:1;1:2;2:48;3:2,bbox:53,
7c038b7424e45d5faca0278e9d3bf38f5e3e53a56fecec5d054a8f2a5d4bc2d7,calibration/images/56df431311e3_frame_000031.jpg,calibration/labels/56df431311e3_frame_000031.txt,56df431311e3,31,15.5,calibration,labeled,45,0:1;1:2;2:41;3:1,bbox:45,
d97d7ae3e8fd312550102367bae2a0b9be42f07443b212ff6a15d7b98d2b64d9,calibration/images/56df431311e3_frame_000032.jpg,calibration/labels/56df431311e3_frame_000032.txt,56df431311e3,32,16.0,calibration,labeled,44,0:1;2:37;3:6,bbox:44,
47e4589b4d5eaa6a48f8879c7f6c5e685575b1b9aaee0de24624f34c0f781434,calibration/images/56df431311e3_frame_000033.jpg,calibration/labels/56df431311e3_frame_000033.txt,56df431311e3,33,16.5,calibration,labeled,36,0:1;2:31;3:4,bbox:36,
beba42b8ff253a263221a46d6b215ff183a4b94afd8eb133c1f0c318f62c99f0,calibration/images/56df431311e3_frame_000034.jpg,calibration/labels/56df431311e3_frame_000034.txt,56df431311e3,34,17.0,calibration,labeled,43,0:1;2:36;3:6,bbox:43,
8ce1f7871b9c7e0e270a0a856756ff7908e47980ca5b44a516cf632a596aa19b,calibration/images/56df431311e3_frame_000035.jpg,calibration/labels/56df431311e3_frame_000035.txt,56df431311e3,35,17.5,calibration,labeled,52,0:1;2:36;3:15,bbox:52,
0443b54262968f80cfd60e3c566a46bb2c8b5ea3536cc1f5647b6078cf8b989e,calibration/images/56df431311e3_frame_000036.jpg,calibration/labels/56df431311e3_frame_000036.txt,56df431311e3,36,18.0,calibration,labeled,41,0:1;2:31;3:9,bbox:41,
f7cb9471c43724df8f1b8e9d5a44c4dfd5b6ffbe28185405f26aafabe430ff52,calibration/images/56df431311e3_frame_000037.jpg,calibration/labels/56df431311e3_frame_000037.txt,56df431311e3,37,18.5,calibration,labeled,45,0:1;2:37;3:7,bbox:45,
0c90becd968b4805210dd7768634d1bda8a55ab7d8d01551032f4a06aea29df1,calibration/images/56df431311e3_frame_000038.jpg,calibration/labels/56df431311e3_frame_000038.txt,56df431311e3,38,19.0,calibration,labeled,40,0:1;2:36;3:3,bbox:40,
8c80fa4e9aa63e64d8df0a54f804cdf9ca4f16befe470deff7c32346ec512250,calibration/images/56df431311e3_frame_000039.jpg,calibration/labels/56df431311e3_frame_000039.txt,56df431311e3,39,19.5,calibration,labeled,46,0:1;1:3;2:40;3:2,bbox:46,
e28f512ba7f7be91c6f859b10e3c825fa0a3839d5a303aeda20d90b5b666fa6b,calibration/images/56df431311e3_frame_000040.jpg,calibration/labels/56df431311e3_frame_000040.txt,56df431311e3,40,20.0,calibration,labeled,53,0:1;1:4;2:43;3:5,bbox:53,
a4ae9d85b69ef092d3b9d744b58a146fd01b855b27b2d4fa5299c0d06443b85a,calibration/images/56df431311e3_frame_000041.jpg,calibration/labels/56df431311e3_frame_000041.txt,56df431311e3,41,20.5,calibration,labeled,43,0:1;1:4;2:37;3:1,bbox:43,
689bad1b7405f437af766f7e890b9164bcd6f8281408f7362a43821e187350b0,calibration/images/56df431311e3_frame_000042.jpg,calibration/labels/56df431311e3_frame_000042.txt,56df431311e3,42,21.0,calibration,labeled,40,0:1;1:2;2:37,bbox:40,
a62488c3625e0285cd0768906925315f34a1258046032cfccde416425349cf96,calibration/images/56df431311e3_frame_000043.jpg,calibration/labels/56df431311e3_frame_000043.txt,56df431311e3,43,21.5,calibration,labeled,44,0:2;1:2;2:40,bbox:44,
a5ab750ab64317e296f15df3f8c99617adb79f109358518a6622d8db1893354b,calibration/images/56df431311e3_frame_000044.jpg,calibration/labels/56df431311e3_frame_000044.txt,56df431311e3,44,22.0,calibration,labeled,42,0:1;1:2;2:39,bbox:42,
2e72c8e78cea15db556739a1585dc0a6783bcdfbfe045e4a2853fde220d7beb7,calibration/images/56df431311e3_frame_000045.jpg,calibration/labels/56df431311e3_frame_000045.txt,56df431311e3,45,22.5,calibration,labeled,40,1:3;2:37,bbox:40,
c98c953751125aa3c0e0773cb286b7fac2eac0e548bd0859d29c36fdfb01950d,calibration/images/56df431311e3_frame_000046.jpg,calibration/labels/56df431311e3_frame_000046.txt,56df431311e3,46,23.0,calibration,labeled,42,0:2;1:3;2:37,bbox:42,
94be0e5629ff73be3c2ad727a4aba46842058dd175a5ee2060a6c2a9a65b1519,calibration/images/56df431311e3_frame_000047.jpg,calibration/labels/56df431311e3_frame_000047.txt,56df431311e3,47,23.5,calibration,labeled,47,0:2;1:4;2:41,bbox:47,
026132d872dfcf8fb1f73e2069e57d4fafc671d4eac1d076b428c9b03aed2521,calibration/images/56df431311e3_frame_000048.jpg,calibration/labels/56df431311e3_frame_000048.txt,56df431311e3,48,24.0,calibration,labeled,40,0:2;1:5;2:33,bbox:40,
8cbca54c6e2ae0aff4d0cc39848da9d3e6d2ec3fc2605c136ca41eb7536f43f2,calibration/images/56df431311e3_frame_000049.jpg,calibration/labels/56df431311e3_frame_000049.txt,56df431311e3,49,24.5,calibration,labeled,39,0:2;1:5;2:32,bbox:39,
39463535e64d0cba49dbbd22dd5a77d1c03c09b947c6aff446e50976956011b3,calibration/images/56df431311e3_frame_000050.jpg,calibration/labels/56df431311e3_frame_000050.txt,56df431311e3,50,25.0,calibration,labeled,40,0:2;1:5;2:33,bbox:40,
dcbe6a2c3aed1c682d3eb1dc44d8ff421eea3f461f03cb8ca182391793029bdf,calibration/images/56df431311e3_frame_000051.jpg,calibration/labels/56df431311e3_frame_000051.txt,56df431311e3,51,25.5,calibration,labeled,45,0:2;1:5;2:37;3:1,bbox:45,
572774f3ff752350709dbcc2e43fee03c09f2a4442de3841561870d624c42212,calibration/images/56df431311e3_frame_000052.jpg,calibration/labels/56df431311e3_frame_000052.txt,56df431311e3,52,26.0,calibration,labeled,39,0:2;1:5;2:32,bbox:39,
79e75a7625aea707bf6b5e965739b9d686b5762df2bbb7da4d15476e00eeaf06,calibration/images/56df431311e3_frame_000053.jpg,calibration/labels/56df431311e3_frame_000053.txt,56df431311e3,53,26.5,calibration,labeled,38,0:2;1:5;2:31,bbox:38,
23bf34a929ac14bbb50e3fbd5e1584674a71a8148300cc62ec451de6c13a268c,calibration/images/56df431311e3_frame_000054.jpg,calibration/labels/56df431311e3_frame_000054.txt,56df431311e3,54,27.0,calibration,labeled,42,0:3;1:5;2:34,bbox:42,
617ac5b8e5a378e57bc5d5c6d83bd1a8f46eabbda40689bf312955ff82bc9d8f,calibration/images/56df431311e3_frame_000055.jpg,calibration/labels/56df431311e3_frame_000055.txt,56df431311e3,55,27.5,calibration,labeled,47,0:2;1:5;2:40,bbox:47,
03c2af51c3196e43bd0fa07ac2cdf5ce3cc2c7f7631473ea7998a5dd161e1ee5,calibration/images/56df431311e3_frame_000056.jpg,calibration/labels/56df431311e3_frame_000056.txt,56df431311e3,56,28.0,calibration,labeled,42,0:2;1:5;2:35,bbox:42,
29f09c3b14c4e341572c74c43c2709154677a8df5dfad053af1aa1d410fe0a8c,calibration/images/56df431311e3_frame_000057.jpg,calibration/labels/56df431311e3_frame_000057.txt,56df431311e3,57,28.5,calibration,labeled,43,0:2;1:5;2:36,bbox:43,
c0423011c65dbc866c585afe13ba019dec5de10df20ccccc9a1b9047041d43b3,calibration/images/56df431311e3_frame_000058.jpg,calibration/labels/56df431311e3_frame_000058.txt,56df431311e3,58,29.0,calibration,labeled,43,0:2;1:5;2:36,bbox:43,
43bfb7d03f65877ce349ea2dbaa59c29b5a73a45115a61665dac233a10b5e01b,calibration/images/56df431311e3_frame_000059.jpg,calibration/labels/56df431311e3_frame_000059.txt,56df431311e3,59,29.5,calibration,labeled,41,0:2;1:5;2:33;3:1,bbox:41,
4e1b6b9d309df61f1c7aca54ffb5285d69545eb79553b28181fb46b54d2b5342,calibration/images/56df431311e3_frame_000060.jpg,calibration/labels/56df431311e3_frame_000060.txt,56df431311e3,60,30.0,calibration,labeled,37,0:2;1:5;2:30,bbox:37,
93d79ab4167199ee8166454d2e0785dab85cbc76a7b9437a25691e1bf3da437d,calibration/images/56df431311e3_frame_000061.jpg,calibration/labels/56df431311e3_frame_000061.txt,56df431311e3,61,30.5,calibration,labeled,41,0:2;1:4;2:35,bbox:41,
94d1927e0dd60831b511a18d943639e017b8257239d3813e6ae62f1e78dde3e8,calibration/images/56df431311e3_frame_000062.jpg,calibration/labels/56df431311e3_frame_000062.txt,56df431311e3,62,31.0,calibration,labeled,37,0:2;1:4;2:30;3:1,bbox:37,
e5a7a190c12ecc5c932524597606e891041739ed37afd48ede86b39d951b3210,calibration/images/56df431311e3_frame_000063.jpg,calibration/labels/56df431311e3_frame_000063.txt,56df431311e3,63,31.5,calibration,labeled,36,0:2;1:4;2:29;3:1,bbox:36,
a28255afbdcb060dbcd1909204f41746cc6160afb3426a5eee771616aa111b2d,calibration/images/56df431311e3_frame_000064.jpg,calibration/labels/56df431311e3_frame_000064.txt,56df431311e3,64,32.0,calibration,labeled,29,0:3;1:8;2:18,bbox:29,
a4d3c40409835a18359e05c7ecc86b0bc25714a2744c3c9f367412629ce7274b,calibration/images/56df431311e3_frame_000065.jpg,calibration/labels/56df431311e3_frame_000065.txt,56df431311e3,65,32.5,calibration,labeled,35,0:4;1:9;2:21;3:1,bbox:35,
519f387bfb0d058abb77b592fbdbf2e08ad01d5584d881dc3e5d357e6c6ecadb,calibration/images/56df431311e3_frame_000066.jpg,calibration/labels/56df431311e3_frame_000066.txt,56df431311e3,66,33.0,calibration,labeled,31,0:3;1:9;2:17;3:2,bbox:31,
b59b18c3e224f0820b0bbe66353215b58ab751e8ce7e3ace9304284e7fcfbd8f,calibration/images/56df431311e3_frame_000067.jpg,calibration/labels/56df431311e3_frame_000067.txt,56df431311e3,67,33.5,calibration,labeled,29,0:3;1:9;2:15;3:2,bbox:29,
decbfeaad77605ce016c3afd8a690fc3b27cf6a75612e80aeb318ca403685a84,calibration/images/56df431311e3_frame_000068.jpg,calibration/labels/56df431311e3_frame_000068.txt,56df431311e3,68,34.0,calibration,labeled,30,0:3;1:10;2:16;3:1,bbox:30,
875d442aa6726d09acb08aeb9f4704a08b9caf97eeaab06e613410703afdd5d7,calibration/images/56df431311e3_frame_000069.jpg,calibration/labels/56df431311e3_frame_000069.txt,56df431311e3,69,34.5,calibration,labeled,31,0:3;1:10;2:18,bbox:31,
c7ce40e559914c125bb316838e477fbbedc15b3bad480f2f40ab7c22e8f2b2ee,calibration/images/56df431311e3_frame_000070.jpg,calibration/labels/56df431311e3_frame_000070.txt,56df431311e3,70,35.0,calibration,labeled,28,0:4;1:8;2:15;3:1,bbox:28,
bd3cc2a359b3118bc206c865c596dce8e6dba40af113496cd60bffb6ec3c5d35,calibration/images/56df431311e3_frame_000071.jpg,calibration/labels/56df431311e3_frame_000071.txt,56df431311e3,71,35.5,calibration,labeled,25,0:3;1:10;2:12,bbox:25,
a7f03c0a5ba15d28ca134d846ec287bb8e947fa217d0b69df848be84e120c7b2,calibration/images/56df431311e3_frame_000072.jpg,calibration/labels/56df431311e3_frame_000072.txt,56df431311e3,72,36.0,calibration,labeled,26,0:4;1:10;2:12,bbox:26,
d6715cdda553be693442236457008a3597b969dd019f066b1015dfaa000b8070,calibration/images/56df431311e3_frame_000073.jpg,calibration/labels/56df431311e3_frame_000073.txt,56df431311e3,73,36.5,calibration,labeled,32,0:4;1:11;2:16;3:1,bbox:32,
48036af441c86c36de203509a8ad525511db6df3623e9dc527cc4281e83e1482,calibration/images/56df431311e3_frame_000074.jpg,calibration/labels/56df431311e3_frame_000074.txt,56df431311e3,74,37.0,calibration,labeled,32,0:3;1:10;2:19,bbox:32,
ce886e8e5c9300bd174ac7750eba0b312b0027f7bf5cb28f5ad7e25c05903138,calibration/images/56df431311e3_frame_000075.jpg,calibration/labels/56df431311e3_frame_000075.txt,56df431311e3,75,37.5,calibration,labeled,34,0:4;1:9;2:21,bbox:34,
30da1674d54cf1164a02d161c197e9ad0eaf035d5b263cfe3a1b3523dc8c4152,calibration/images/86000f5f3f71_frame_000000.jpg,calibration/labels/86000f5f3f71_frame_000000.txt,86000f5f3f71,0,0.0,calibration,labeled,100,1:6;2:61;3:32;4:1,bbox:100,
bbc2ee02f4fa57c50c476a98fbc5aa441355b8bef12b20ce454e3d90bf826d54,calibration/images/86000f5f3f71_frame_000016.jpg,calibration/labels/86000f5f3f71_frame_000016.txt,86000f5f3f71,16,8.0,calibration,labeled,67,1:4;2:40;3:22;4:1,bbox:67,
94fd23c646bb981d7de2ada5b808f339cc780f17ec3877b0ddb585b30834ff7d,calibration/images/86000f5f3f71_frame_000017.jpg,calibration/labels/86000f5f3f71_frame_000017.txt,86000f5f3f71,17,8.5,calibration,labeled,82,0:1;1:4;2:53;3:23;4:1,bbox:82,
9ee1d62001261fdcc12552d2d3c2cb3424957c3cf687f3a5e7fed376e7a75bb4,calibration/images/86000f5f3f71_frame_000018.jpg,calibration/labels/86000f5f3f71_frame_000018.txt,86000f5f3f71,18,9.0,calibration,labeled,73,1:3;2:43;3:26;4:1,bbox:73,
31063fcb3374a0eccc583344510cb0554bd56f9e845de52a0a6f691e1b276431,calibration/images/86000f5f3f71_frame_000019.jpg,calibration/labels/86000f5f3f71_frame_000019.txt,86000f5f3f71,19,9.5,calibration,labeled,78,1:10;2:45;3:22;4:1,bbox:78,
04030fb1017ca425f01f7e0daa71d6cf5b87303b6dd6c855bf3f7e8ae5f88563,calibration/images/86000f5f3f71_frame_000020.jpg,calibration/labels/86000f5f3f71_frame_000020.txt,86000f5f3f71,20,10.0,calibration,labeled,89,1:9;2:54;3:25;4:1,bbox:89,
aeda2fb69494fe461ec672f457bc24277f14f5f2f3b8fccac2d35adfb2be24f4,calibration/images/86000f5f3f71_frame_000021.jpg,calibration/labels/86000f5f3f71_frame_000021.txt,86000f5f3f71,21,10.5,calibration,labeled,97,1:10;2:58;3:28;4:1,bbox:97,
fc417848aabeeba19c81305d1d4ea99909c9507c9b2b0cac77d788d224d8f2e9,calibration/images/86000f5f3f71_frame_000023.jpg,calibration/labels/86000f5f3f71_frame_000023.txt,86000f5f3f71,23,11.5,calibration,labeled,108,0:1;1:9;2:57;3:40;4:1,bbox:108,
2af1807acb2670c1d275dbe3d5bb4cad912b2041990421054b59e25d55792985,calibration/images/86000f5f3f71_frame_000024.jpg,calibration/labels/86000f5f3f71_frame_000024.txt,86000f5f3f71,24,12.0,calibration,labeled,110,0:1;1:11;2:57;3:40;4:1,bbox:110,
598f26e06cac711e8b1967a759e2b1535e5d2e71a611f53aa316ab334f1abf12,calibration/images/86000f5f3f71_frame_000025.jpg,calibration/labels/86000f5f3f71_frame_000025.txt,86000f5f3f71,25,12.5,calibration,labeled,94,0:1;1:10;2:53;3:30,bbox:94,
6daf0119c65b1e0f836c23199f794cd2ceb60f3b88e21102111a027cd1cfc8a1,calibration/images/86000f5f3f71_frame_000026.jpg,calibration/labels/86000f5f3f71_frame_000026.txt,86000f5f3f71,26,13.0,calibration,labeled,80,0:2;1:9;2:44;3:25,bbox:80,
59dc8b2c831c1f8270661eb139846f98ed7c56cd0ef42cb81e801cc696cd56c5,calibration/images/86000f5f3f71_frame_000027.jpg,calibration/labels/86000f5f3f71_frame_000027.txt,86000f5f3f71,27,13.5,calibration,labeled,100,0:1;1:8;2:52;3:38;4:1,bbox:100,
b89964e2d57866982078c2d449eefe78c88d37a916f17911c02b2fd1998648a1,calibration/images/86000f5f3f71_frame_000028.jpg,calibration/labels/86000f5f3f71_frame_000028.txt,86000f5f3f71,28,14.0,calibration,labeled,88,0:1;1:8;2:49;3:29;4:1,bbox:88,
49ae04ec1e3957aacc976bb67545983fb9aa734ad8b47f07eb9aa44b1cb9adbc,calibration/images/86000f5f3f71_frame_000029.jpg,calibration/labels/86000f5f3f71_frame_000029.txt,86000f5f3f71,29,14.5,calibration,labeled,79,0:1;1:7;2:45;3:25;4:1,bbox:79,
6122f259441cf036029bab5bc0e1f52647583539fb2866406f56e0192d5e65d6,calibration/images/86000f5f3f71_frame_000030.jpg,calibration/labels/86000f5f3f71_frame_000030.txt,86000f5f3f71,30,15.0,calibration,labeled,84,1:10;2:49;3:24;4:1,bbox:84,
25332b87c03b0bbab763768055b0d4be798b139719544d851917d46e7834e306,calibration/images/86000f5f3f71_frame_000031.jpg,calibration/labels/86000f5f3f71_frame_000031.txt,86000f5f3f71,31,15.5,calibration,labeled,96,1:10;2:56;3:30,bbox:96,
a0c21625a6c750d9bf64cc4c570c7d57adc3dc67526b6526cfdb2cb6b8c41b22,calibration/images/86000f5f3f71_frame_000032.jpg,calibration/labels/86000f5f3f71_frame_000032.txt,86000f5f3f71,32,16.0,calibration,labeled,103,1:12;2:53;3:37;4:1,bbox:103,
b19166d100c086886020c6b1b881bcb5dc89c6f00bcd39377add38d22140a7ac,calibration/images/86000f5f3f71_frame_000033.jpg,calibration/labels/86000f5f3f71_frame_000033.txt,86000f5f3f71,33,16.5,calibration,labeled,103,0:2;1:12;2:49;3:39;4:1,bbox:103,
441fec9db0440391f03c90e8fdf75aae646ecba179fc47a35c1b5f679436de85,calibration/images/86000f5f3f71_frame_000034.jpg,calibration/labels/86000f5f3f71_frame_000034.txt,86000f5f3f71,34,17.0,calibration,labeled,100,0:1;1:8;2:51;3:39;4:1,bbox:100,
5b5c8a9065c72c061adae8a6e50717884407b1acc3fe450689d9144860d4441a,calibration/images/86000f5f3f71_frame_000035.jpg,calibration/labels/86000f5f3f71_frame_000035.txt,86000f5f3f71,35,17.5,calibration,labeled,102,0:1;1:5;2:48;3:47;4:1,bbox:102,
886cd8d1d8893af09bc66dd0a699e3c74e9e8d912cda79f31e5ece062ff8638b,calibration/images/86000f5f3f71_frame_000036.jpg,calibration/labels/86000f5f3f71_frame_000036.txt,86000f5f3f71,36,18.0,calibration,labeled,99,0:2;1:9;2:49;3:39,bbox:99,
2cfcd9531bc3bd1cdbdf9f72a36ac52b529cfa253b97db4d8f626687e70db61c,calibration/images/86000f5f3f71_frame_000037.jpg,calibration/labels/86000f5f3f71_frame_000037.txt,86000f5f3f71,37,18.5,calibration,labeled,95,0:1;1:14;2:53;3:26;4:1,bbox:95,
de26c52686f8115471d6f1f5b28f1e34cca7009e944e4767cd3828bf2e16f123,calibration/images/86000f5f3f71_frame_000038.jpg,calibration/labels/86000f5f3f71_frame_000038.txt,86000f5f3f71,38,19.0,calibration,labeled,72,0:1;1:11;2:36;3:23;4:1,bbox:72,
22fe85b2fe2cb8756c54f8e50753712fa648e203d370818337192de4c94fc6a4,calibration/images/86000f5f3f71_frame_000039.jpg,calibration/labels/86000f5f3f71_frame_000039.txt,86000f5f3f71,39,19.5,calibration,labeled,92,0:1;1:14;2:53;3:23;4:1,bbox:92,
feb2fb4d0f97652375b949d28a3701b512a9e2e2dc01158442a19ba0ab54c3ab,calibration/images/86000f5f3f71_frame_000040.jpg,calibration/labels/86000f5f3f71_frame_000040.txt,86000f5f3f71,40,20.0,calibration,labeled,93,0:1;1:12;2:55;3:25,bbox:93,
ccd1a0ade672077cb9ae8199ea9312b6cdbfde634597428efeaaadf9e4aec687,calibration/images/86000f5f3f71_frame_000041.jpg,calibration/labels/86000f5f3f71_frame_000041.txt,86000f5f3f71,41,20.5,calibration,labeled,89,0:1;1:9;2:40;3:38;4:1,bbox:89,
9d77c98ca69270abec850631c1388ed759ec9eedb16851c69ea1e03f23b0b104,calibration/images/86000f5f3f71_frame_000042.jpg,calibration/labels/86000f5f3f71_frame_000042.txt,86000f5f3f71,42,21.0,calibration,labeled,99,0:1;1:10;2:51;3:36;4:1,bbox:99,
840f092ef1ded0fccb18619f93c65a11682f17d6eba5279d13ba65682eede1ae,calibration/images/86000f5f3f71_frame_000043.jpg,calibration/labels/86000f5f3f71_frame_000043.txt,86000f5f3f71,43,21.5,calibration,labeled,99,0:1;1:11;2:47;3:39;4:1,bbox:99,
b343810df043e35d2258d6dbb6661fb560618056d5e5a1c02bd1f88fc39dc615,calibration/images/86000f5f3f71_frame_000045.jpg,calibration/labels/86000f5f3f71_frame_000045.txt,86000f5f3f71,45,22.5,calibration,labeled,102,0:1;1:12;2:49;3:40,bbox:102,
2c77abb5693334b413bb0e743c45cc5a289328de428ab07e795989a37de62519,calibration/images/86000f5f3f71_frame_000046.jpg,calibration/labels/86000f5f3f71_frame_000046.txt,86000f5f3f71,46,23.0,calibration,labeled,106,0:1;1:12;2:56;3:37,bbox:106,
a31822cc29875209aeac511da1c4cef9e61d6359f99a2f8994782a62987eedc0,calibration/images/86000f5f3f71_frame_000047.jpg,calibration/labels/86000f5f3f71_frame_000047.txt,86000f5f3f71,47,23.5,calibration,labeled,90,1:12;2:44;3:34,bbox:90,
6cf564be3635fb4a74c881368d1b5f620a66e7e8c3a83d0082997f5ff7452efb,calibration/images/86000f5f3f71_frame_000048.jpg,calibration/labels/86000f5f3f71_frame_000048.txt,86000f5f3f71,48,24.0,calibration,labeled,106,1:9;2:66;3:31,bbox:106,
c9d6ccabd2f9faeebb1be8d18e93d0de6121b324e5d6522d2484b788d1897555,calibration/images/86000f5f3f71_frame_000049.jpg,calibration/labels/86000f5f3f71_frame_000049.txt,86000f5f3f71,49,24.5,calibration,labeled,103,1:10;2:60;3:33,bbox:103,
9d9027f149c8cdacb040444e9031889684a86a741b6485a2108d3e3ce52e108f,calibration/images/86000f5f3f71_frame_000050.jpg,calibration/labels/86000f5f3f71_frame_000050.txt,86000f5f3f71,50,25.0,calibration,labeled,110,1:11;2:55;3:44,bbox:110,
3d6f62fa6175d528254250ec4672286c81533ee160d695e70f2e8824cbdee096,calibration/images/86000f5f3f71_frame_000051.jpg,calibration/labels/86000f5f3f71_frame_000051.txt,86000f5f3f71,51,25.5,calibration,labeled,95,1:11;2:46;3:38,bbox:95,
c914b2df308b7cb095abaed81d8e0543ec61617db30eea35e9808cf54d6206ac,validation/images/6bbf6dc54a0a_frame_000000.jpg,validation/labels/6bbf6dc54a0a_frame_000000.txt,6bbf6dc54a0a,0,0.0,validation,labeled,28,0:1;1:3;2:20;3:4,bbox:28,
e2cf0a23e4f1c346e76c8cf1e2ee1a0f1d53e9f92427844814799f2d17d120fa,validation/images/6bbf6dc54a0a_frame_000001.jpg,validation/labels/6bbf6dc54a0a_frame_000001.txt,6bbf6dc54a0a,1,0.5,validation,labeled,35,0:1;1:3;2:25;3:6,bbox:35,
bd4219e3402091799cbf54d4d0351d95a3ed9d1b16e177bab1d5e0f896eb3888,validation/images/6bbf6dc54a0a_frame_000002.jpg,validation/labels/6bbf6dc54a0a_frame_000002.txt,6bbf6dc54a0a,2,1.0,validation,labeled,45,0:1;1:3;2:33;3:8,bbox:45,
143fc625e105d5d161e8cce35180f057b1f412150e04396cc73db71a6e818cd7,validation/images/6bbf6dc54a0a_frame_000003.jpg,validation/labels/6bbf6dc54a0a_frame_000003.txt,6bbf6dc54a0a,3,1.5,validation,labeled,45,0:1;1:3;2:37;3:4,bbox:45,
76ad11297bdac269a64da0510dd70b6d71da4d9af1929674e1cf1dadf150be8e,validation/images/6bbf6dc54a0a_frame_000004.jpg,validation/labels/6bbf6dc54a0a_frame_000004.txt,6bbf6dc54a0a,4,2.0,validation,labeled,49,0:1;1:3;2:37;3:8,bbox:49,
1b54adf25caeccae4f8a0c4280bc5f77b64320005a37b7a7e69f6d42d3740edc,validation/images/6bbf6dc54a0a_frame_000005.jpg,validation/labels/6bbf6dc54a0a_frame_000005.txt,6bbf6dc54a0a,5,2.5,validation,labeled,49,0:1;1:4;2:37;3:7,bbox:49,
9c9665601c252b872969f6a448145ad6180c1353a9c1047811f6b18a48a9be4b,validation/images/6bbf6dc54a0a_frame_000006.jpg,validation/labels/6bbf6dc54a0a_frame_000006.txt,6bbf6dc54a0a,6,3.0,validation,labeled,54,0:1;1:4;2:38;3:11,bbox:54,
484e4b29b13377cc07e880568e16f18f6b6523527e75eca17d7ab9dd082c3cbf,validation/images/6bbf6dc54a0a_frame_000007.jpg,validation/labels/6bbf6dc54a0a_frame_000007.txt,6bbf6dc54a0a,7,3.5,validation,labeled,49,0:1;1:4;2:31;3:13,bbox:49,
a814de0fb3da4fd560b2f4861e647a38a20eaa18b79256f4597a80b4da4488dd,validation/images/6bbf6dc54a0a_frame_000008.jpg,validation/labels/6bbf6dc54a0a_frame_000008.txt,6bbf6dc54a0a,8,4.0,validation,labeled,43,0:1;1:4;2:25;3:12;4:1,bbox:43,
8a20e7fe3db24452fc93ad48d5444e19c70499e9e14ff3e0ea09b39caad60d0f,validation/images/6bbf6dc54a0a_frame_000009.jpg,validation/labels/6bbf6dc54a0a_frame_000009.txt,6bbf6dc54a0a,9,4.5,validation,labeled,44,0:1;1:4;2:31;3:8,bbox:44,
029f0918211770844635f55a5872cf52428befe260ec5dfe4b2e7f556b74f9a3,validation/images/6bbf6dc54a0a_frame_000010.jpg,validation/labels/6bbf6dc54a0a_frame_000010.txt,6bbf6dc54a0a,10,5.0,validation,labeled,48,0:1;1:4;2:33;3:10,bbox:48,
5057430f625f2217c899d131df8ebccb443618b64b59825eb5642d3950617c76,validation/images/6bbf6dc54a0a_frame_000011.jpg,validation/labels/6bbf6dc54a0a_frame_000011.txt,6bbf6dc54a0a,11,5.5,validation,labeled,42,0:1;1:4;2:27;3:10,bbox:42,
6f3c0932e020d9416b2f8a48af263ab2250110cb76e0d64aa1c0fb5bac09b771,validation/images/6bbf6dc54a0a_frame_000012.jpg,validation/labels/6bbf6dc54a0a_frame_000012.txt,6bbf6dc54a0a,12,6.0,validation,labeled,36,0:1;1:4;2:20;3:11,bbox:36,
09d680f837150a99a79143d16f213af3316fa51b29517ff975d25ba90745524a,validation/images/6bbf6dc54a0a_frame_000013.jpg,validation/labels/6bbf6dc54a0a_frame_000013.txt,6bbf6dc54a0a,13,6.5,validation,labeled,46,0:1;1:4;2:31;3:10,bbox:46,
e625c968ceee0515b50fae3283f2707919ac07ca6409843f65a59b51f7a5b638,validation/images/6bbf6dc54a0a_frame_000014.jpg,validation/labels/6bbf6dc54a0a_frame_000014.txt,6bbf6dc54a0a,14,7.0,validation,labeled,44,0:1;1:5;2:29;3:9,bbox:44,
950aec03783ab0b4e38c20d0fbf6cd655d627201f22acfe34cffbdbe184ef34c,validation/images/6bbf6dc54a0a_frame_000015.jpg,validation/labels/6bbf6dc54a0a_frame_000015.txt,6bbf6dc54a0a,15,7.5,validation,labeled,43,0:1;1:4;2:27;3:11,bbox:43,
8e61129d4268a9926d07e21dd0b2e098206dc6d75c1c5cffc4f782aedea19ab1,validation/images/6bbf6dc54a0a_frame_000016.jpg,validation/labels/6bbf6dc54a0a_frame_000016.txt,6bbf6dc54a0a,16,8.0,validation,labeled,57,0:1;1:4;2:44;3:8,bbox:57,
9e9d6637792f25d9342db544c0af5666e10f32f970c0868b2bf1cfc6f868a5b4,validation/images/6bbf6dc54a0a_frame_000017.jpg,validation/labels/6bbf6dc54a0a_frame_000017.txt,6bbf6dc54a0a,17,8.5,validation,labeled,50,0:1;1:4;2:35;3:10,bbox:50,
b2a46de2cdfe5afcdb950d1047c26cb49f06cbc78dc5e62b0e577f368619493e,validation/images/6bbf6dc54a0a_frame_000018.jpg,validation/labels/6bbf6dc54a0a_frame_000018.txt,6bbf6dc54a0a,18,9.0,validation,labeled,53,0:2;1:5;2:37;3:9,bbox:53,
7ac5ce0d7ed394dc3636b08fb090bf58d8db2fd845ff63c324fe1a36494c2d74,validation/images/6bbf6dc54a0a_frame_000019.jpg,validation/labels/6bbf6dc54a0a_frame_000019.txt,6bbf6dc54a0a,19,9.5,validation,labeled,42,0:1;1:4;2:28;3:9,bbox:42,
601ff3c59edf1600759b21339fc2c468ea345a3c0cb514e8fff9fe9394c62ac9,validation/images/6bbf6dc54a0a_frame_000020.jpg,validation/labels/6bbf6dc54a0a_frame_000020.txt,6bbf6dc54a0a,20,10.0,validation,labeled,40,0:2;1:4;2:24;3:10,bbox:40,
b0aa8e66e8453cb06cb0580a253d19d446b5d6be78233a1b8a5da2ddc43396f2,validation/images/6bbf6dc54a0a_frame_000021.jpg,validation/labels/6bbf6dc54a0a_frame_000021.txt,6bbf6dc54a0a,21,10.5,validation,labeled,57,0:2;1:5;2:41;3:9,bbox:57,
c32b4b0b27619be8a347f4af637c5fe175cd3bc0a7e74a70cc3154519daa68cc,validation/images/6bbf6dc54a0a_frame_000022.jpg,validation/labels/6bbf6dc54a0a_frame_000022.txt,6bbf6dc54a0a,22,11.0,validation,labeled,45,0:1;1:3;2:33;3:8,bbox:45,
afa996f1fcf25848dfc63b11fd8df8c1187cc2386de65d255bafe304f54402ff,validation/images/6bbf6dc54a0a_frame_000023.jpg,validation/labels/6bbf6dc54a0a_frame_000023.txt,6bbf6dc54a0a,23,11.5,validation,labeled,48,0:1;1:3;2:34;3:10,bbox:48,
5c369ab69422986e9f3732cf46e4b4772560473d9cf57dbdfcca8898ea0c01ad,validation/images/6bbf6dc54a0a_frame_000024.jpg,validation/labels/6bbf6dc54a0a_frame_000024.txt,6bbf6dc54a0a,24,12.0,validation,labeled,55,0:1;1:3;2:39;3:12,bbox:55,
14d1e753c73f4a3784aef9cd3e7262989dc71f60fd05dca4c958b6c53b579cff,validation/images/6bbf6dc54a0a_frame_000025.jpg,validation/labels/6bbf6dc54a0a_frame_000025.txt,6bbf6dc54a0a,25,12.5,validation,labeled,45,0:1;1:3;2:34;3:7,bbox:45,
45053b7b530c4abde98ed8ccfe73bfcb56594bdf7adf0e7d8bd5e9c552ad569a,validation/images/6bbf6dc54a0a_frame_000026.jpg,validation/labels/6bbf6dc54a0a_frame_000026.txt,6bbf6dc54a0a,26,13.0,validation,labeled,54,0:1;1:5;2:36;3:12,bbox:54,
905d34598c52686c27fc85c05aa10a74117289339fc1660c2a3fa6e4369688b0,validation/images/6bbf6dc54a0a_frame_000027.jpg,validation/labels/6bbf6dc54a0a_frame_000027.txt,6bbf6dc54a0a,27,13.5,validation,labeled,48,0:1;1:4;2:35;3:8,bbox:48,
ba6d12757d8e304601714815991c19d643292c883f5f254e046bc699eca49934,validation/images/6bbf6dc54a0a_frame_000028.jpg,validation/labels/6bbf6dc54a0a_frame_000028.txt,6bbf6dc54a0a,28,14.0,validation,labeled,41,0:1;1:4;2:32;3:4,bbox:41,
2ec1273941a4cab093b17c2a74ffd61204e35e9cc8ab0a91d614e96396565dbd,validation/images/6bbf6dc54a0a_frame_000029.jpg,validation/labels/6bbf6dc54a0a_frame_000029.txt,6bbf6dc54a0a,29,14.5,validation,labeled,45,0:1;1:4;2:37;3:3,bbox:45,
d729ea6f273ce24c834592da683424623ce13cb4d9b765784515f5b89b069a61,validation/images/6bbf6dc54a0a_frame_000030.jpg,validation/labels/6bbf6dc54a0a_frame_000030.txt,6bbf6dc54a0a,30,15.0,validation,labeled,49,0:1;1:4;2:35;3:9,bbox:49,
851ac3deb88d3692c4569fc712e65c0f114bde6d05e0f0416dc41f535914c08c,validation/images/6bbf6dc54a0a_frame_000031.jpg,validation/labels/6bbf6dc54a0a_frame_000031.txt,6bbf6dc54a0a,31,15.5,validation,labeled,45,0:1;1:3;2:34;3:7,bbox:45,
6b8cbb04ebaf995fe86ab261f734995c1f65ade8aa7ff933c831aeb91acf4e33,validation/images/6bbf6dc54a0a_frame_000032.jpg,validation/labels/6bbf6dc54a0a_frame_000032.txt,6bbf6dc54a0a,32,16.0,validation,labeled,43,0:1;1:3;2:32;3:7,bbox:43,
f4d53b9fffe97cc98e0fb36d5f76febb4b3d8be2fbe24cac36406ac3079b349a,validation/images/6bbf6dc54a0a_frame_000033.jpg,validation/labels/6bbf6dc54a0a_frame_000033.txt,6bbf6dc54a0a,33,16.5,validation,labeled,39,0:1;1:3;2:32;3:3,bbox:39,
b80e3dd4cee87f91eff93bf05e35faa2b22501ba2296136ba91c6f99f02aeef9,validation/images/6bbf6dc54a0a_frame_000034.jpg,validation/labels/6bbf6dc54a0a_frame_000034.txt,6bbf6dc54a0a,34,17.0,validation,labeled,35,0:1;1:3;2:27;3:4,bbox:35,
6147f9fc999f06a606b75884f39b867cd3c44454b9d7383a76ab0c47fd069295,validation/images/6bbf6dc54a0a_frame_000035.jpg,validation/labels/6bbf6dc54a0a_frame_000035.txt,6bbf6dc54a0a,35,17.5,validation,labeled,46,0:1;1:2;2:36;3:7,bbox:46,
5ddc9f6ac64e8124716cb9783fddce18756b5ba900daf71081a888601d47adc9,validation/images/6bbf6dc54a0a_frame_000036.jpg,validation/labels/6bbf6dc54a0a_frame_000036.txt,6bbf6dc54a0a,36,18.0,validation,labeled,43,0:1;1:2;2:35;3:5,bbox:43,
82c8b54f51efa6ae70f3c4617c63d354f26c80fdb451eed78feb436f9c2fa685,validation/images/6bbf6dc54a0a_frame_000037.jpg,validation/labels/6bbf6dc54a0a_frame_000037.txt,6bbf6dc54a0a,37,18.5,validation,labeled,42,0:1;1:1;2:31;3:9,bbox:42,
d8a91e21d643daf55d5b9d4ef9314174063d8b618592105793a645a1ac9515cd,validation/images/6bbf6dc54a0a_frame_000038.jpg,validation/labels/6bbf6dc54a0a_frame_000038.txt,6bbf6dc54a0a,38,19.0,validation,labeled,41,0:1;1:2;2:30;3:8,bbox:41,
d115c3d4ef5827b7af726bd7b8e8816482988cb3ede220605f1597a40489e9ee,validation/images/6bbf6dc54a0a_frame_000039.jpg,validation/labels/6bbf6dc54a0a_frame_000039.txt,6bbf6dc54a0a,39,19.5,validation,labeled,42,0:1;1:2;2:33;3:6,bbox:42,
99db3e36d1febbcf9155f16bbef1427ae34b13fae0048af58c2f9bbba6d3998b,validation/images/6bbf6dc54a0a_frame_000040.jpg,validation/labels/6bbf6dc54a0a_frame_000040.txt,6bbf6dc54a0a,40,20.0,validation,labeled,41,0:1;1:3;2:32;3:5,bbox:41,
5202d362af2f223a64c79a8d264100aae4fc29dbe27934e89e06ced8048a0ff7,validation/images/6bbf6dc54a0a_frame_000041.jpg,validation/labels/6bbf6dc54a0a_frame_000041.txt,6bbf6dc54a0a,41,20.5,validation,labeled,46,0:1;1:2;2:36;3:7,bbox:46,
4e330b4add76e740bcdf4f9e86be6cfe64f01986a5f9aec6d687d6b13b518e20,validation/images/6bbf6dc54a0a_frame_000042.jpg,validation/labels/6bbf6dc54a0a_frame_000042.txt,6bbf6dc54a0a,42,21.0,validation,labeled,46,0:1;1:3;2:36;3:6,bbox:46,
13aad3880f5df62761ca22e96370a88cb1140174d1de749690283340e2b06aba,validation/images/6bbf6dc54a0a_frame_000043.jpg,validation/labels/6bbf6dc54a0a_frame_000043.txt,6bbf6dc54a0a,43,21.5,validation,labeled,36,0:1;1:3;2:25;3:7,bbox:36,
c70e91c81e27455f48591b3c27e10170d2ddae022446864886685cab85b9ea64,validation/images/6bbf6dc54a0a_frame_000044.jpg,validation/labels/6bbf6dc54a0a_frame_000044.txt,6bbf6dc54a0a,44,22.0,validation,labeled,31,0:1;1:3;2:23;3:4,bbox:31,
7944ce05e87b6206745b4ab1f95edb7b7d1f04855d33754eba7f7e4cf19708b9,validation/images/6bbf6dc54a0a_frame_000045.jpg,validation/labels/6bbf6dc54a0a_frame_000045.txt,6bbf6dc54a0a,45,22.5,validation,labeled,40,0:1;1:3;2:26;3:10,bbox:40,
bc66d2fb7a568e8754ca29d758bfd1db1a1ce7657d563cb441aae96faa69add5,validation/images/6bbf6dc54a0a_frame_000046.jpg,validation/labels/6bbf6dc54a0a_frame_000046.txt,6bbf6dc54a0a,46,23.0,validation,labeled,42,0:1;1:3;2:30;3:8,bbox:42,
b67a07bdb00646b834a18ebc02f9fe0f7912ad9410cbf4104ca6d36ea847fb8a,validation/images/6bbf6dc54a0a_frame_000047.jpg,validation/labels/6bbf6dc54a0a_frame_000047.txt,6bbf6dc54a0a,47,23.5,validation,labeled,41,0:3;1:3;2:28;3:7,bbox:41,
fb55a6493948eb006f8e4a74b9f951098b18922b0b124d5e01c2e73b6179f34a,validation/images/6bbf6dc54a0a_frame_000048.jpg,validation/labels/6bbf6dc54a0a_frame_000048.txt,6bbf6dc54a0a,48,24.0,validation,labeled,43,0:2;1:4;2:29;3:8,bbox:43,
eb75eea45d098d11af0b4aaa6fdd978145164adbf91090d594180bf4e40bcec8,validation/images/6bbf6dc54a0a_frame_000049.jpg,validation/labels/6bbf6dc54a0a_frame_000049.txt,6bbf6dc54a0a,49,24.5,validation,labeled,46,0:2;1:4;2:32;3:8,bbox:46,
b3382175c89053d4bd9faf50642262d34231937b81c0d713df341b088aa82188,validation/images/6bbf6dc54a0a_frame_000050.jpg,validation/labels/6bbf6dc54a0a_frame_000050.txt,6bbf6dc54a0a,50,25.0,validation,labeled,41,0:2;1:4;2:28;3:7,bbox:41,
a8d27353fe68ea8301ea46c8cd913d13b886cd297fbf9fbe7d06287e01c0154f,validation/images/6bbf6dc54a0a_frame_000051.jpg,validation/labels/6bbf6dc54a0a_frame_000051.txt,6bbf6dc54a0a,51,25.5,validation,labeled,43,0:2;1:5;2:28;3:8,bbox:43,
c662abf61d8780f313a8d6e7fc838ff2b21e1e2f389a2306db397c6619f08110,validation/images/6bbf6dc54a0a_frame_000052.jpg,validation/labels/6bbf6dc54a0a_frame_000052.txt,6bbf6dc54a0a,52,26.0,validation,labeled,36,0:1;1:5;2:25;3:5,bbox:36,
c486a08dde82dcea25994bbe1ef609f28fd1d687abcb9773405dcc6d3c2458e9,validation/images/6bbf6dc54a0a_frame_000053.jpg,validation/labels/6bbf6dc54a0a_frame_000053.txt,6bbf6dc54a0a,53,26.5,validation,labeled,44,0:1;1:5;2:29;3:9,bbox:44,
dfd9b3b30d859c293ac69d9dff864e1c11fbc57fdef9a2bbd0a079f20b2f4da0,validation/images/6bbf6dc54a0a_frame_000054.jpg,validation/labels/6bbf6dc54a0a_frame_000054.txt,6bbf6dc54a0a,54,27.0,validation,labeled,33,0:1;1:4;2:23;3:5,bbox:33,
fc231a8b8feda0b7e33a32d98cf88b19ebd4267b2354f53897b44a7bce7cdef9,validation/images/6bbf6dc54a0a_frame_000055.jpg,validation/labels/6bbf6dc54a0a_frame_000055.txt,6bbf6dc54a0a,55,27.5,validation,labeled,31,0:1;1:3;2:22;3:5,bbox:31,
0398a669962527f9b3313217fa9dee1f092bb31d9200e585a50993a0e48a968b,validation/images/6bbf6dc54a0a_frame_000056.jpg,validation/labels/6bbf6dc54a0a_frame_000056.txt,6bbf6dc54a0a,56,28.0,validation,labeled,33,0:1;1:3;2:23;3:6,bbox:33,
6e058c221121971acf827a492c9fc6325670d626a86df083692277d7f1ac0c8b,validation/images/6bbf6dc54a0a_frame_000057.jpg,validation/labels/6bbf6dc54a0a_frame_000057.txt,6bbf6dc54a0a,57,28.5,validation,labeled,31,0:1;1:4;2:22;3:4,bbox:31,
e40e11b2b9040084f68c39c46ee015500e229ad98b4895b66c53b6d6e050b270,validation/images/6bbf6dc54a0a_frame_000058.jpg,validation/labels/6bbf6dc54a0a_frame_000058.txt,6bbf6dc54a0a,58,29.0,validation,labeled,32,0:1;1:5;2:22;3:4,bbox:32,
87443b6f79f30448c6696578c6b63ea9db81fe1953297ccfc0269be8eb24ca3f,validation/images/6bbf6dc54a0a_frame_000059.jpg,validation/labels/6bbf6dc54a0a_frame_000059.txt,6bbf6dc54a0a,59,29.5,validation,labeled,41,0:1;1:5;2:29;3:6,bbox:41,
1a031f7487ea48d6a6b0ef4fc2cb9840e8e98cbdf0f996b833f96b649facc296,validation/images/6bbf6dc54a0a_frame_000060.jpg,validation/labels/6bbf6dc54a0a_frame_000060.txt,6bbf6dc54a0a,60,30.0,validation,labeled,33,0:1;1:5;2:26;3:1,bbox:33,
acf8f6c7fe03ac5cbd51785110ff6079c203314666a2e971fc11b00c50066d93,validation/images/6bbf6dc54a0a_frame_000061.jpg,validation/labels/6bbf6dc54a0a_frame_000061.txt,6bbf6dc54a0a,61,30.5,validation,labeled,38,0:1;1:6;2:26;3:4;4:1,bbox:38,
d557417e08b686e1557ebdc0d3b36db2599a7235b90e64f133a27d3a03fef34d,validation/images/6bbf6dc54a0a_frame_000062.jpg,validation/labels/6bbf6dc54a0a_frame_000062.txt,6bbf6dc54a0a,62,31.0,validation,labeled,43,0:1;1:5;2:29;3:7;4:1,bbox:43,
def020507ba193c9feb975569868f50f2722b85ed1fa170c826d4827c748bfbe,validation/images/6bbf6dc54a0a_frame_000063.jpg,validation/labels/6bbf6dc54a0a_frame_000063.txt,6bbf6dc54a0a,63,31.5,validation,labeled,44,0:1;1:5;2:31;3:6;4:1,bbox:44,
bfe1548e5705601cf614a2a32e33d676f55d50614b846a3c70a650ee40cc30b9,validation/images/6bbf6dc54a0a_frame_000064.jpg,validation/labels/6bbf6dc54a0a_frame_000064.txt,6bbf6dc54a0a,64,32.0,validation,labeled,41,0:1;1:5;2:30;3:4;4:1,bbox:41,
ac0369bb5a70451e28806d2635eb471ea41e92b4fd4e6f0a9229bd6c72d10c47,validation/images/6bbf6dc54a0a_frame_000065.jpg,validation/labels/6bbf6dc54a0a_frame_000065.txt,6bbf6dc54a0a,65,32.5,validation,labeled,39,1:5;2:30;3:3;4:1,bbox:39,
00ffcdba8d5cf7d447f52160d58dc65bbe4cbfa912b9febddeb040c5068d25ff,validation/images/9ea18499b805_frame_000001.jpg,validation/labels/9ea18499b805_frame_000001.txt,9ea18499b805,1,0.5,validation,labeled,85,1:20;2:20;3:44;4:1,bbox:85,
bc00970e087354eeb0853ce16f1117444af7823212fe2405b507a28226062389,validation/images/9ea18499b805_frame_000002.jpg,validation/labels/9ea18499b805_frame_000002.txt,9ea18499b805,2,1.0,validation,labeled,88,1:18;2:24;3:44;4:2,bbox:88,
33618b6ab047f1d527595d0a7dc4e0bf7585f79a79fb3d2c895b88b530d4aac2,validation/images/9ea18499b805_frame_000003.jpg,validation/labels/9ea18499b805_frame_000003.txt,9ea18499b805,3,1.5,validation,labeled,82,1:17;2:20;3:44;4:1,bbox:82,
103b8e40a0b4e47b821b2eef6e03def298ba3c369c6e8666b71931e26b3fbf33,validation/images/9ea18499b805_frame_000004.jpg,validation/labels/9ea18499b805_frame_000004.txt,9ea18499b805,4,2.0,validation,labeled,79,1:17;2:18;3:43;4:1,bbox:79,
36c66b2c0a92cbbb3d7a9d59c839afce67c6e1e87d44c505d007f5fe4042bf07,validation/images/9ea18499b805_frame_000005.jpg,validation/labels/9ea18499b805_frame_000005.txt,9ea18499b805,5,2.5,validation,labeled,85,1:17;2:23;3:44;4:1,bbox:85,
d5698b76995a99a5619ea28174d9e4f14eb6c5ebd29989d6c13863226a86beee,validation/images/9ea18499b805_frame_000019.jpg,validation/labels/9ea18499b805_frame_000019.txt,9ea18499b805,19,9.5,validation,labeled,88,1:15;2:25;3:47;4:1,bbox:88,
e9e5c6c70a46f62577df2a85be38f86e6a868055abdf3c7b40aaf888bcaba0b6,validation/images/9ea18499b805_frame_000020.jpg,validation/labels/9ea18499b805_frame_000020.txt,9ea18499b805,20,10.0,validation,labeled,94,1:15;2:28;3:50;4:1,bbox:94,
570ce972e064c7570c454b2ea31e4ba2048d4223853d327f6ca9cea8cbc4decb,validation/images/9ea18499b805_frame_000021.jpg,validation/labels/9ea18499b805_frame_000021.txt,9ea18499b805,21,10.5,validation,labeled,84,1:14;2:22;3:46;4:2,bbox:84,
285444201a48cd2df5aea988cfcabb517c17ff96caaa59afac201177085f41f3,validation/images/9ea18499b805_frame_000022.jpg,validation/labels/9ea18499b805_frame_000022.txt,9ea18499b805,22,11.0,validation,labeled,87,1:14;2:23;3:48;4:2,bbox:87,
c30ebf2e69d0a58ce35e3d61a8aa7af6be48b0dc539ac5e9d31574d2d64321fa,validation/images/9ea18499b805_frame_000023.jpg,validation/labels/9ea18499b805_frame_000023.txt,9ea18499b805,23,11.5,validation,labeled,87,1:16;2:20;3:51,bbox:87,
9962efb0e9a3d8082324a7c806525b7d9f2bc41d51410d85d694f1d20f1ecfbe,validation/images/9ea18499b805_frame_000024.jpg,validation/labels/9ea18499b805_frame_000024.txt,9ea18499b805,24,12.0,validation,labeled,82,1:18;2:16;3:47;4:1,bbox:82,
22c206af6dd1d3eac71633c02c47b38fe1e0b78a3c1be1f1c1479a2f9a368035,validation/images/9ea18499b805_frame_000025.jpg,validation/labels/9ea18499b805_frame_000025.txt,9ea18499b805,25,12.5,validation,labeled,85,1:19;2:15;3:51,bbox:85,
2150579f51ce894dd890974ba583d791194c7f4be2bb3a563aaa10b40465c08b,validation/images/9ea18499b805_frame_000026.jpg,validation/labels/9ea18499b805_frame_000026.txt,9ea18499b805,26,13.0,validation,labeled,79,1:18;2:14;3:47,bbox:79,
07afaaf0ae5a90c3cc4e45402a4bc9403cfaa1b589a30487333f4e310f8ac525,validation/images/9ea18499b805_frame_000027.jpg,validation/labels/9ea18499b805_frame_000027.txt,9ea18499b805,27,13.5,validation,labeled,79,1:17;2:14;3:48,bbox:79,
c1a3ca699df61b1f062d86395f7d84da489a85ea835e15029d5c17b4b2ac82ad,validation/images/9ea18499b805_frame_000028.jpg,validation/labels/9ea18499b805_frame_000028.txt,9ea18499b805,28,14.0,validation,labeled,75,1:15;2:14;3:46,bbox:75,
fa036eb809f4cd6cb88a01f47b70e067bf698eef76002b06ae52dcc0af4f84d9,validation/images/9ea18499b805_frame_000029.jpg,validation/labels/9ea18499b805_frame_000029.txt,9ea18499b805,29,14.5,validation,labeled,73,1:17;2:11;3:45,bbox:73,
87b1c4093cc97e20c0c219edf3abaf5867f42b376681fe7ce40902e5b13ac6a0,validation/images/9ea18499b805_frame_000030.jpg,validation/labels/9ea18499b805_frame_000030.txt,9ea18499b805,30,15.0,validation,labeled,74,1:15;2:12;3:47,bbox:74,
e0f959403e1a3533bbec05c98e431e36c6de19eb5b387ad7e681d5233b47b4c1,validation/images/9ea18499b805_frame_000031.jpg,validation/labels/9ea18499b805_frame_000031.txt,9ea18499b805,31,15.5,validation,labeled,74,1:14;2:14;3:46,bbox:74,
a582096ae1db993ea708020b82614d93a3563aa3e1a0af8ca87582be8d253ea6,validation/images/9ea18499b805_frame_000032.jpg,validation/labels/9ea18499b805_frame_000032.txt,9ea18499b805,32,16.0,validation,labeled,75,1:14;2:15;3:46,bbox:75,
d4c9441fb3b6f7ecd21f47d60d9d014186ec616fd621b504e8ffb31638d68bb4,validation/images/9ea18499b805_frame_000033.jpg,validation/labels/9ea18499b805_frame_000033.txt,9ea18499b805,33,16.5,validation,labeled,70,1:14;2:11;3:45,bbox:70,
cd92bcb4c7a938361e979a4dee2caecf1b8f5fdc7b5498e24a54ca32fd595684,validation/images/9ea18499b805_frame_000034.jpg,validation/labels/9ea18499b805_frame_000034.txt,9ea18499b805,34,17.0,validation,labeled,72,1:15;2:13;3:44,bbox:72,
da639927581bb74aeb7d5f5d860917768a92bea061d1d75c9b1d1d9ad443bb29,validation/images/9ea18499b805_frame_000035.jpg,validation/labels/9ea18499b805_frame_000035.txt,9ea18499b805,35,17.5,validation,labeled,78,1:20;2:12;3:46,bbox:78,
f302405a4593ee988e86aa5b214265ced51e3557088911c5cac93c818f3787ce,validation/images/9ea18499b805_frame_000036.jpg,validation/labels/9ea18499b805_frame_000036.txt,9ea18499b805,36,18.0,validation,labeled,74,1:18;2:10;3:46,bbox:74,
cbdab77640b41d7089b808f04912ab0d383a7630fddde4e7a6ec66f554063cf0,validation/images/9ea18499b805_frame_000037.jpg,validation/labels/9ea18499b805_frame_000037.txt,9ea18499b805,37,18.5,validation,labeled,76,1:17;2:12;3:46;4:1,bbox:76,
0519ea51c4fc762e1f75526793a9532d909319be99183e8af5a11873d13be8b5,validation/images/9ea18499b805_frame_000038.jpg,validation/labels/9ea18499b805_frame_000038.txt,9ea18499b805,38,19.0,validation,labeled,79,1:20;2:11;3:48,bbox:79,
1c58514096dbf35470e77ff5ea45ff0e07fa55ac2c95920e570d422f11eefc63,validation/images/9ea18499b805_frame_000039.jpg,validation/labels/9ea18499b805_frame_000039.txt,9ea18499b805,39,19.5,validation,labeled,77,1:16;2:11;3:49;4:1,bbox:77,
85faf0fbc934950d14fd0f4d665ed35c01f2abb8a5658a54bfd6b511dc9c0bff,validation/images/9ea18499b805_frame_000040.jpg,validation/labels/9ea18499b805_frame_000040.txt,9ea18499b805,40,20.0,validation,labeled,79,1:16;2:13;3:48;4:2,bbox:79,
e5416d71e4253a578c484988f7ac8bfdcd918079aa0e88332e729fcf79ed8d4b,validation/images/9ea18499b805_frame_000041.jpg,validation/labels/9ea18499b805_frame_000041.txt,9ea18499b805,41,20.5,validation,labeled,78,1:16;2:12;3:49;4:1,bbox:78,
94342bcd02e9a09610e3dc3d5908fc387c7d398823a66efde1d9c1fae956b709,validation/images/9ea18499b805_frame_000042.jpg,validation/labels/9ea18499b805_frame_000042.txt,9ea18499b805,42,21.0,validation,labeled,78,1:18;2:10;3:49;4:1,bbox:78,
1eebd0e49cdc1735e3060fc268141e2b941a20124d7febcce279b640b8e1d9c3,validation/images/9ea18499b805_frame_000043.jpg,validation/labels/9ea18499b805_frame_000043.txt,9ea18499b805,43,21.5,validation,labeled,76,1:18;2:7;3:49;4:2,bbox:76,
a94ba8792a2e740d9b5dd91818d7ad2b866c1416068cab12ae44de8522b49bd6,validation/images/9ea18499b805_frame_000044.jpg,validation/labels/9ea18499b805_frame_000044.txt,9ea18499b805,44,22.0,validation,labeled,70,1:14;2:6;3:47;4:3,bbox:70,
35a93f1ef1e0ebeec73ff61769e69dac561ace43afb12b9d71dd63e5a1efd8c1,validation/images/9ea18499b805_frame_000045.jpg,validation/labels/9ea18499b805_frame_000045.txt,9ea18499b805,45,22.5,validation,labeled,72,1:14;2:5;3:49;4:4,bbox:72,
0b0538d97da2be4b5ff4beb0ff360eeaa357be1b85b5e47591e7041c6d366c61,validation/images/9ea18499b805_frame_000046.jpg,validation/labels/9ea18499b805_frame_000046.txt,9ea18499b805,46,23.0,validation,labeled,73,1:18;2:7;3:46;4:2,bbox:73,
acf8e06ddfe87fb48c9efeb2224d1197afb59c527b4041204f086956b951b225,validation/images/9ea18499b805_frame_000047.jpg,validation/labels/9ea18499b805_frame_000047.txt,9ea18499b805,47,23.5,validation,labeled,72,1:15;2:8;3:47;4:2,bbox:72,
5517f396e0e0490c1b4dd03a62c7153ab5f727b62a6580a9fd26a562d2e42af5,validation/images/9ea18499b805_frame_000048.jpg,validation/labels/9ea18499b805_frame_000048.txt,9ea18499b805,48,24.0,validation,labeled,66,1:12;2:6;3:45;4:3,bbox:66,
9f955a9b0779c24234613b212bdf1707373efb17c30b5aeaab36108eec9183af,validation/images/9ea18499b805_frame_000049.jpg,validation/labels/9ea18499b805_frame_000049.txt,9ea18499b805,49,24.5,validation,labeled,69,1:13;2:5;3:49;4:2,bbox:69,
51d002d1ae48336fdbfa4d5610ed38f45e8596500eb634028c26cf57dcd2fa31,validation/images/9ea18499b805_frame_000050.jpg,validation/labels/9ea18499b805_frame_000050.txt,9ea18499b805,50,25.0,validation,labeled,67,1:8;2:9;3:49;4:1,bbox:67,
2dc94f4e132c0b74298649ed191e303ac346754351e59e38571fcf3abf514277,validation/images/9ea18499b805_frame_000051.jpg,validation/labels/9ea18499b805_frame_000051.txt,9ea18499b805,51,25.5,validation,labeled,66,0:1;1:9;2:4;3:49;4:3,bbox:66,
33b5c0338193549d081baed6048bd69a7a13aee2e5a69b95d8e9169621a6ccf4,validation/images/9ea18499b805_frame_000052.jpg,validation/labels/9ea18499b805_frame_000052.txt,9ea18499b805,52,26.0,validation,labeled,67,1:7;2:6;3:51;4:3,bbox:67,
36f2489c23ca61dc01bbb95fe598965e846092b5202207a806ff5a7b6dff7ecd,validation/images/9ea18499b805_frame_000053.jpg,validation/labels/9ea18499b805_frame_000053.txt,9ea18499b805,53,26.5,validation,labeled,66,1:7;2:6;3:49;4:4,bbox:66,
b43e1b38c598af717ec06e61227338defa47d95c786985db8c00269af32684ac,validation/images/9ea18499b805_frame_000054.jpg,validation/labels/9ea18499b805_frame_000054.txt,9ea18499b805,54,27.0,validation,labeled,62,1:5;2:4;3:48;4:5,bbox:62,
05a9965048ca3608cca43900ec56673f22de5724d52d2bccbcda96c609be49e3,validation/images/9ea18499b805_frame_000055.jpg,validation/labels/9ea18499b805_frame_000055.txt,9ea18499b805,55,27.5,validation,labeled,65,1:7;2:7;3:50;4:1,bbox:65,
f43181cbed31d6e94a1fba2932f9b680dc7bf64dc5a3c03591cacbb30a70b23d,test/images/236bc743716f_frame_000001.jpg,test/labels/236bc743716f_frame_000001.txt,236bc743716f,1,0.5,test,labeled,145,1:90;2:49;4:6,bbox:145,
3d79432903c6b37923f2034f58adbef27d00e72df5317b156c8e44905c758f54,test/images/236bc743716f_frame_000003.jpg,test/labels/236bc743716f_frame_000003.txt,236bc743716f,3,1.5,test,labeled,151,1:87;2:57;4:7,bbox:151,
e45c93e2a7e2fa38a045817a201ff3272d23e8a4ec069c19bd090de6b55dac0d,test/images/236bc743716f_frame_000005.jpg,test/labels/236bc743716f_frame_000005.txt,236bc743716f,5,2.5,test,labeled,156,1:90;2:59;4:7,bbox:156,
bc0b66c5f9019825356cdec2ffd1be65f39f6f73c093f691f059ec83a10a7fea,test/images/236bc743716f_frame_000006.jpg,test/labels/236bc743716f_frame_000006.txt,236bc743716f,6,3.0,test,labeled,145,1:88;2:50;3:1;4:6,bbox:145,
38a17c6c7718babfb5c6f43c6c370de4e812f75d5d01dbb41043c5ae79da72e4,test/images/236bc743716f_frame_000007.jpg,test/labels/236bc743716f_frame_000007.txt,236bc743716f,7,3.5,test,labeled,149,1:89;2:51;3:1;4:8,bbox:149,
b03c78495b2f6160c1ab4d3787dac5942de05a9d6abcfcdeb031f1cf90a4bb27,test/images/236bc743716f_frame_000008.jpg,test/labels/236bc743716f_frame_000008.txt,236bc743716f,8,4.0,test,labeled,146,1:88;2:51;3:1;4:6,bbox:146,
3756ab7610e1ad39912521658073b6311cb936fee48b8de362c001515e8a777f,test/images/236bc743716f_frame_000009.jpg,test/labels/236bc743716f_frame_000009.txt,236bc743716f,9,4.5,test,labeled,132,1:84;2:44;4:4,bbox:132,
c226add9475dc44681ae1d40e9251ed20062e839fef0bab7455869cb2ce350be,test/images/236bc743716f_frame_000010.jpg,test/labels/236bc743716f_frame_000010.txt,236bc743716f,10,5.0,test,labeled,138,1:85;2:48;4:5,bbox:138,
b79671f9ce8f1a829ee2194640efc5c1691942453e9bb1dfe75241ded04ebe32,test/images/236bc743716f_frame_000011.jpg,test/labels/236bc743716f_frame_000011.txt,236bc743716f,11,5.5,test,labeled,140,1:85;2:48;4:7,bbox:140,
b3b3f9272ce02dabdb3059917881a35d1e69aa075540e62d6c694b5aeb15cb85,test/images/236bc743716f_frame_000012.jpg,test/labels/236bc743716f_frame_000012.txt,236bc743716f,12,6.0,test,labeled,144,1:87;2:54;4:3,bbox:144,
769870df8edb05bb3229f136a6fa6035378737cb027efaeccbe3befb32155dc1,test/images/236bc743716f_frame_000013.jpg,test/labels/236bc743716f_frame_000013.txt,236bc743716f,13,6.5,test,labeled,138,1:91;2:47,bbox:138,
06ae64a0574cf9af2a03539d7cb09eaf98939d4517bb5dcf37b6152b02201251,test/images/236bc743716f_frame_000014.jpg,test/labels/236bc743716f_frame_000014.txt,236bc743716f,14,7.0,test,labeled,142,1:91;2:47;4:4,bbox:142,
18ce5777bc070620202f34426f6a7719442a97a7e805f2b167372aecf27b4202,test/images/236bc743716f_frame_000015.jpg,test/labels/236bc743716f_frame_000015.txt,236bc743716f,15,7.5,test,labeled,146,1:94;2:49;4:3,bbox:146,
981c72220f232cf114509af4c17f3cbba6382ee3b96fbed6b6b7fdeb14e3bb13,test/images/236bc743716f_frame_000016.jpg,test/labels/236bc743716f_frame_000016.txt,236bc743716f,16,8.0,test,labeled,144,1:95;2:46;4:3,bbox:144,
9f98b45942208467d96914f85d50a24e07f12d977932242a245cb733174947b6,test/images/236bc743716f_frame_000017.jpg,test/labels/236bc743716f_frame_000017.txt,236bc743716f,17,8.5,test,labeled,136,1:94;2:35;4:7,bbox:136,
ae29c84e2634786bb76a6b2cb4e0966dc116ccbc98d42e16f15c35d2eee605aa,test/images/236bc743716f_frame_000018.jpg,test/labels/236bc743716f_frame_000018.txt,236bc743716f,18,9.0,test,labeled,132,1:94;2:35;4:3,bbox:132,
2ef1ae30bd1d9712bb7df1a3682400fce2d23bce30dee295ccf3b6d55883eac7,test/images/236bc743716f_frame_000019.jpg,test/labels/236bc743716f_frame_000019.txt,236bc743716f,19,9.5,test,labeled,136,1:95;2:37;4:4,bbox:136,
c1960b529205441f2015e6a30a91949da8e4a86e5e668241bbdebc04e14108e2,test/images/236bc743716f_frame_000020.jpg,test/labels/236bc743716f_frame_000020.txt,236bc743716f,20,10.0,test,labeled,132,1:90;2:38;3:1;4:3,bbox:132,
91c231e9e88f24caf8174feb8fd28981c38c99fb1cd395d65718f896e0998b67,test/images/236bc743716f_frame_000021.jpg,test/labels/236bc743716f_frame_000021.txt,236bc743716f,21,10.5,test,labeled,114,1:80;2:32;4:2,bbox:114,
5d5e33b10bb57db91aa4d1b5d5a2aa8a4b9d3b7f8c0680542d3a53a3d5505d4a,test/images/236bc743716f_frame_000023.jpg,test/labels/236bc743716f_frame_000023.txt,236bc743716f,23,11.5,test,labeled,114,1:73;2:36;4:5,bbox:114,
c658933b386c633eaa7a0f86838233241cb3628d8f05afcc508343aaaae31a65,test/images/236bc743716f_frame_000024.jpg,test/labels/236bc743716f_frame_000024.txt,236bc743716f,24,12.0,test,labeled,117,1:80;2:33;3:1;4:3,bbox:117,
7ddae92296774e490169f916bfc7befb6434187076492a761ed37e4797d37123,test/images/236bc743716f_frame_000025.jpg,test/labels/236bc743716f_frame_000025.txt,236bc743716f,25,12.5,test,labeled,105,1:74;2:27;4:4,bbox:105,
f95510d63902efe1c98428c57d897f9f160186c092491b33a08692d64121de65,test/images/236bc743716f_frame_000026.jpg,test/labels/236bc743716f_frame_000026.txt,236bc743716f,26,13.0,test,labeled,98,1:67;2:26;3:1;4:4,bbox:98,
f8532b5ed9230cb2ffa1353c2acdc64431ba82fc2bf5839fd3760a4868a11fb2,test/images/236bc743716f_frame_000027.jpg,test/labels/236bc743716f_frame_000027.txt,236bc743716f,27,13.5,test,labeled,100,1:65;2:31;4:4,bbox:100,
133bb1f4206a372e10b312742462683ba372e319c6ffd6cf7be9440926b61877,test/images/236bc743716f_frame_000028.jpg,test/labels/236bc743716f_frame_000028.txt,236bc743716f,28,14.0,test,labeled,90,1:56;2:28;4:6,bbox:90,
01be97fde86d93338765522e3e957243d1fcfe32fdd88e120d03cec62292e27b,test/images/236bc743716f_frame_000029.jpg,test/labels/236bc743716f_frame_000029.txt,236bc743716f,29,14.5,test,labeled,94,1:58;2:31;4:5,bbox:94,
4d0703e31ef2bcf78b7e6849f29002617951e7c4b91012cbee094d77003ed4a6,test/images/236bc743716f_frame_000030.jpg,test/labels/236bc743716f_frame_000030.txt,236bc743716f,30,15.0,test,labeled,92,1:61;2:29;4:2,bbox:92,
efd3dba72a28c66aac0c6d9feaa61a6c107550f03ff595f8b0925a35240f5540,test/images/236bc743716f_frame_000031.jpg,test/labels/236bc743716f_frame_000031.txt,236bc743716f,31,15.5,test,labeled,80,1:54;2:22;4:4,bbox:80,
1910e92b1fd3f3d7b3fd67781e392c66dc4ba31e5e8e7e57ea1a08099ad89f59,test/images/236bc743716f_frame_000032.jpg,test/labels/236bc743716f_frame_000032.txt,236bc743716f,32,16.0,test,labeled,82,1:52;2:27;4:3,bbox:82,
a8939045a9488360e4d1b87c070b7b639dc6ca6895fdc5efbc4a53faadd8bbdb,test/images/236bc743716f_frame_000033.jpg,test/labels/236bc743716f_frame_000033.txt,236bc743716f,33,16.5,test,labeled,82,1:54;2:23;4:5,bbox:82,
70af9df82a7da40c54035a071feafd4af5acf961c302da9b11fcbb0b0bd91e60,test/images/236bc743716f_frame_000034.jpg,test/labels/236bc743716f_frame_000034.txt,236bc743716f,34,17.0,test,labeled,67,1:46;2:18;4:3,bbox:67,
cd79a904e6806a7256bc8e2c41ac1479bb5f60d1503de291c2a20f182f8d7247,test/images/236bc743716f_frame_000035.jpg,test/labels/236bc743716f_frame_000035.txt,236bc743716f,35,17.5,test,labeled,67,1:48;2:17;4:2,bbox:67,
fc16453733c739e515eba2849fa16c0d84d249ba403966d740900d5b97ee64ac,test/images/236bc743716f_frame_000036.jpg,test/labels/236bc743716f_frame_000036.txt,236bc743716f,36,18.0,test,labeled,64,1:48;2:13;4:3,bbox:64,
eca3af0689eec76814812f3e2dd7efb6c01d2ec39b5d429e66fcdc527ef73bc0,test/images/236bc743716f_frame_000037.jpg,test/labels/236bc743716f_frame_000037.txt,236bc743716f,37,18.5,test,labeled,52,1:39;2:13,bbox:52,
61acaa7f9e3bc7ce16ac28e0beae4a966775fbf80535c0f21780f274944ccd5f,test/images/236bc743716f_frame_000038.jpg,test/labels/236bc743716f_frame_000038.txt,236bc743716f,38,19.0,test,labeled,47,1:33;2:14,bbox:47,
be04ef864afb56f7b241f550a28c2ba97ba7d29bf23699800b1764ebfbbce0b7,test/images/236bc743716f_frame_000039.jpg,test/labels/236bc743716f_frame_000039.txt,236bc743716f,39,19.5,test,labeled,51,1:38;2:12;4:1,bbox:51,
54b65f42317f41a968ee7396430510dc7320f9f6a2f48beae4b8ed65080afa62,test/images/236bc743716f_frame_000040.jpg,test/labels/236bc743716f_frame_000040.txt,236bc743716f,40,20.0,test,labeled,59,1:38;2:19;4:2,bbox:59,
064d17c820b95bc771bdb21002fedde9cbdd77df58e80479609b777a5648e6d8,test/images/236bc743716f_frame_000041.jpg,test/labels/236bc743716f_frame_000041.txt,236bc743716f,41,20.5,test,labeled,55,1:36;2:14;4:5,bbox:55,
cd1a2e5b47281d7d92bb3426fc9064ad179bce3341f6287bfa6e2112f1941a05,test/images/236bc743716f_frame_000042.jpg,test/labels/236bc743716f_frame_000042.txt,236bc743716f,42,21.0,test,labeled,42,1:26;2:14;4:2,bbox:42,
a976252206a47f311f1609b2df5d9015c694d2974d8d3d02b9ebe32b8a52e00e,test/images/236bc743716f_frame_000043.jpg,test/labels/236bc743716f_frame_000043.txt,236bc743716f,43,21.5,test,labeled,43,1:28;2:14;4:1,bbox:43,
dfde0fa90fe474d0662f58e02bf2f11e386b8328bff74be5ba15dcaf8f14a46e,test/images/236bc743716f_frame_000045.jpg,test/labels/236bc743716f_frame_000045.txt,236bc743716f,45,22.5,test,labeled,38,1:30;2:8,bbox:38,
239217590f91d3594560853c5976444e1526f5fbb4656ba297f963a39688d4ad,test/images/236bc743716f_frame_000046.jpg,test/labels/236bc743716f_frame_000046.txt,236bc743716f,46,23.0,test,labeled,57,1:42;2:15,bbox:57,
5b2f676298927f22fb19e08033e92bebdcc7adcdff776a3166c346ff3b1b0ae4,test/images/236bc743716f_frame_000047.jpg,test/labels/236bc743716f_frame_000047.txt,236bc743716f,47,23.5,test,labeled,46,1:36;2:10,bbox:46,
cf026bc948f218ef8eab541819e42752532aeb866a8704121613424010f120c7,test/images/236bc743716f_frame_000048.jpg,test/labels/236bc743716f_frame_000048.txt,236bc743716f,48,24.0,test,labeled,49,1:35;2:14,bbox:49,
ad3190ccb4e47fc9cda48d326a9c057adbc036a7f69f51a5748deebc6e195b96,test/images/236bc743716f_frame_000049.jpg,test/labels/236bc743716f_frame_000049.txt,236bc743716f,49,24.5,test,labeled,47,1:28;2:17;4:2,bbox:47,
a85d4219d512aa37c29985a4c81753d834289ca04a169f045c7dc290c1dc7447,test/images/236bc743716f_frame_000050.jpg,test/labels/236bc743716f_frame_000050.txt,236bc743716f,50,25.0,test,labeled,44,1:27;2:15;4:2,bbox:44,
469d316aa26b7cd040e73a272b545e6a75f7451efee1737fc6eb2d0ef87198d2,test/images/236bc743716f_frame_000051.jpg,test/labels/236bc743716f_frame_000051.txt,236bc743716f,51,25.5,test,labeled,42,1:30;2:11;4:1,bbox:42,
0de2fc36bbf6de20fc4f179ef07039c45f3806c6a4956ee4bacb1783d04c7a7f,test/images/236bc743716f_frame_000052.jpg,test/labels/236bc743716f_frame_000052.txt,236bc743716f,52,26.0,test,labeled,39,1:24;2:15,bbox:39,
fecd73a565481b51207d13d20de8172922164111fedc493116ad053df271a1b7,test/images/236bc743716f_frame_000053.jpg,test/labels/236bc743716f_frame_000053.txt,236bc743716f,53,26.5,test,labeled,38,1:20;2:17;4:1,bbox:38,
bd64f70652cfbecd6b92523d09cd2b2c45aecf052498d781bb5b61d6141784ad,test/images/236bc743716f_frame_000054.jpg,test/labels/236bc743716f_frame_000054.txt,236bc743716f,54,27.0,test,labeled,41,1:20;2:20;4:1,bbox:41,
1be01e2e786eae203dde5a1300a3dc7b5cb166f27580e1cff0a1688460e03709,test/images/236bc743716f_frame_000055.jpg,test/labels/236bc743716f_frame_000055.txt,236bc743716f,55,27.5,test,labeled,35,1:20;2:15,bbox:35,
e839da8751add97a7ae23a14643c0d10cd48213ca437b6140c0703d382e4722d,test/images/236bc743716f_frame_000056.jpg,test/labels/236bc743716f_frame_000056.txt,236bc743716f,56,28.0,test,labeled,28,1:17;2:10;4:1,bbox:28,
b6207a168173d22998f9e52eae6676bed5f6e433a4e97505cedf445b6be0f16d,test/images/236bc743716f_frame_000057.jpg,test/labels/236bc743716f_frame_000057.txt,236bc743716f,57,28.5,test,labeled,35,1:18;2:17,bbox:35,
ca5135f986dacccf5081bea8378bdd769077ae514ef1ddc086dbd5d3462baf7e,test/images/236bc743716f_frame_000058.jpg,test/labels/236bc743716f_frame_000058.txt,236bc743716f,58,29.0,test,labeled,41,1:22;2:17;4:2,bbox:41,
a191e992848ed5470337a275573f3aef529f5d854dd1d7f3ae3b21852be0a059,test/images/236bc743716f_frame_000059.jpg,test/labels/236bc743716f_frame_000059.txt,236bc743716f,59,29.5,test,labeled,29,1:21;2:8,bbox:29,
471ef73535153999025cd3eabd8b848d35b1a88ba2919193db30afc453789bab,test/images/236bc743716f_frame_000060.jpg,test/labels/236bc743716f_frame_000060.txt,236bc743716f,60,30.0,test,labeled,32,1:18;2:13;4:1,bbox:32,
6092fc111c4fe0b2710ff547986a5828656c9fc101adb3db82608ee934447c9d,test/images/236bc743716f_frame_000061.jpg,test/labels/236bc743716f_frame_000061.txt,236bc743716f,61,30.5,test,labeled,24,1:12;2:9;4:3,bbox:24,
5f50f29a28b9745267a9e901eda462b26bcc07b7a2b6d0657f2e28f23e99458c,test/images/236bc743716f_frame_000062.jpg,test/labels/236bc743716f_frame_000062.txt,236bc743716f,62,31.0,test,labeled,12,1:11;4:1,bbox:12,
8a7c47db1076ab3cc2a719df4cb1add08574b02fcba4da517d229de0fed1f0e7,test/images/5789f11e3fdf_frame_000000.jpg,test/labels/5789f11e3fdf_frame_000000.txt,5789f11e3fdf,0,0.0,test,labeled,41,0:19;1:10;2:9;3:3,bbox:41,
028a2c93b1f64132a94b34fa77c299563a380c5c560a28d8672e53b6427b3aa9,test/images/5789f11e3fdf_frame_000001.jpg,test/labels/5789f11e3fdf_frame_000001.txt,5789f11e3fdf,1,0.5,test,labeled,42,0:18;1:12;2:10;3:2,bbox:42,
537e3608e363a4cddb50cc1ca5beef23e405c343371f4ddab867484ea4f14b5b,test/images/5789f11e3fdf_frame_000002.jpg,test/labels/5789f11e3fdf_frame_000002.txt,5789f11e3fdf,2,1.0,test,labeled,44,0:17;1:15;2:9;3:2;4:1,bbox:44,
5dd97832f480c49ac713af918afdde6957cf7ef31313c7032093b8977957592c,test/images/5789f11e3fdf_frame_000003.jpg,test/labels/5789f11e3fdf_frame_000003.txt,5789f11e3fdf,3,1.5,test,labeled,52,0:18;1:14;2:18;3:2,bbox:52,
64227ce837d644f8c3944ae632841052a113a2a70ad092452846d80c52f97465,test/images/5789f11e3fdf_frame_000004.jpg,test/labels/5789f11e3fdf_frame_000004.txt,5789f11e3fdf,4,2.0,test,labeled,55,0:17;1:17;2:20;3:1,bbox:55,
125dc5ef07530075687fa364820190c21239e1fdb3804197d44521d9a6b40273,test/images/5789f11e3fdf_frame_000005.jpg,test/labels/5789f11e3fdf_frame_000005.txt,5789f11e3fdf,5,2.5,test,labeled,54,0:15;1:17;2:19;3:2;4:1,bbox:54,
201a4fefe3f2b38d00a7cd2d45f8e5cc23788c7f76b147ad8de0594eb8b1d288,test/images/5789f11e3fdf_frame_000006.jpg,test/labels/5789f11e3fdf_frame_000006.txt,5789f11e3fdf,6,3.0,test,labeled,53,0:20;1:15;2:17;3:1,bbox:53,
f28a1ef80b02263c2115837f3eabfe7c808441eb71c473b3d8c3f80f053563d2,test/images/5789f11e3fdf_frame_000011.jpg,test/labels/5789f11e3fdf_frame_000011.txt,5789f11e3fdf,11,5.5,test,labeled,56,0:18;1:18;2:18;3:1;4:1,bbox:56,
1795460f036644ff7700617f6e48456fce3bb2496d1fa457b7dbc4cbcfdfbacd,test/images/5789f11e3fdf_frame_000012.jpg,test/labels/5789f11e3fdf_frame_000012.txt,5789f11e3fdf,12,6.0,test,labeled,69,0:19;1:19;2:29;3:1;4:1,bbox:69,
cf7ba7e829a4c16a2d478b0ff7bf12fcbda746b4765cc180a1cb2ec227e969f6,test/images/5789f11e3fdf_frame_000013.jpg,test/labels/5789f11e3fdf_frame_000013.txt,5789f11e3fdf,13,6.5,test,labeled,67,0:19;1:19;2:28;3:1,bbox:67,
211c923ac3bfe22a6e4c60fce5dee901174d283c67f14be5b436f71dca91ac85,test/images/5789f11e3fdf_frame_000014.jpg,test/labels/5789f11e3fdf_frame_000014.txt,5789f11e3fdf,14,7.0,test,labeled,61,0:15;1:21;2:22;3:1;4:2,bbox:61,
068cdfb892986e1b4e9b5fb0faf4adfcf5957f28e29a2aeba97d3a374eaf2a56,test/images/5789f11e3fdf_frame_000015.jpg,test/labels/5789f11e3fdf_frame_000015.txt,5789f11e3fdf,15,7.5,test,labeled,61,0:16;1:19;2:23;3:2;4:1,bbox:61,
8731a7cfae54091893485a6f5830bde3f9cf16bfca13e2c7d83d29881a94ab47,test/images/5789f11e3fdf_frame_000016.jpg,test/labels/5789f11e3fdf_frame_000016.txt,5789f11e3fdf,16,8.0,test,labeled,58,0:15;1:18;2:23;3:2,bbox:58,
a9343c9314a101cde053adcdca2fa701f1d1bc305fbc7fc1145b8b5eb79bb331,test/images/5789f11e3fdf_frame_000017.jpg,test/labels/5789f11e3fdf_frame_000017.txt,5789f11e3fdf,17,8.5,test,labeled,57,0:13;1:20;2:17;3:2;4:5,bbox:57,
05e0f204b1e4410c1fada3c3da3a3d0bf19fa975f2047d1f7920042430134c30,test/images/5789f11e3fdf_frame_000018.jpg,test/labels/5789f11e3fdf_frame_000018.txt,5789f11e3fdf,18,9.0,test,labeled,60,0:15;1:21;2:21;3:2;4:1,bbox:60,
f620b70bed210a00801b759c011af5093ca89c826ebf4b5411a96557e7211d51,test/images/5789f11e3fdf_frame_000019.jpg,test/labels/5789f11e3fdf_frame_000019.txt,5789f11e3fdf,19,9.5,test,labeled,56,0:16;1:21;2:15;3:2;4:2,bbox:56,
51e190160b19869cc92f7c47afd5fcc51c47687eb1058383bc5d4a65478bb39f,test/images/5789f11e3fdf_frame_000020.jpg,test/labels/5789f11e3fdf_frame_000020.txt,5789f11e3fdf,20,10.0,test,labeled,65,0:14;1:26;2:22;4:3,bbox:65,
d123d4a89fc66d4b6f15c8d37b5626e64e658749901aa3f19d8afb7d007fec0c,test/images/5789f11e3fdf_frame_000021.jpg,test/labels/5789f11e3fdf_frame_000021.txt,5789f11e3fdf,21,10.5,test,labeled,68,0:14;1:26;2:22;3:3;4:3,bbox:68,
7a369191873d07b5d25450e8c15ef349cfcc58272540e08cd0eee0768444732c,test/images/5789f11e3fdf_frame_000022.jpg,test/labels/5789f11e3fdf_frame_000022.txt,5789f11e3fdf,22,11.0,test,labeled,71,0:15;1:30;2:24;4:2,bbox:71,
3af3d0af1470f1a4c8ac90713bc97a85ce2880286b3b61be0d8c7cfe8130b294,test/images/5789f11e3fdf_frame_000023.jpg,test/labels/5789f11e3fdf_frame_000023.txt,5789f11e3fdf,23,11.5,test,labeled,67,0:14;1:34;2:14;3:1;4:4,bbox:67,
a81c166219949029dd0843329a34c81892ff490da0283746960468ee7eedd3e0,test/images/5789f11e3fdf_frame_000024.jpg,test/labels/5789f11e3fdf_frame_000024.txt,5789f11e3fdf,24,12.0,test,labeled,70,0:13;1:31;2:23;4:3,bbox:70,
bd077ff0f710e939f58095ce8de5757fb539873f2aeab1d7f9a6d02184092591,test/images/5789f11e3fdf_frame_000025.jpg,test/labels/5789f11e3fdf_frame_000025.txt,5789f11e3fdf,25,12.5,test,labeled,67,0:15;1:30;2:20;4:2,bbox:67,
318f80681a3db2452e6f8296b87965a42dda2bc881638544919c0ff7cbe21266,test/images/5789f11e3fdf_frame_000026.jpg,test/labels/5789f11e3fdf_frame_000026.txt,5789f11e3fdf,26,13.0,test,labeled,74,0:16;1:31;2:25;4:2,bbox:74,
6d6bf608089a535ca649be8231e9f88d4cb46b76369da8f1904f94eda91fd709,test/images/5789f11e3fdf_frame_000027.jpg,test/labels/5789f11e3fdf_frame_000027.txt,5789f11e3fdf,27,13.5,test,labeled,74,0:15;1:35;2:20;3:3;4:1,bbox:74,
26b541a4e56e7842cf836bd3036fd31ecabd45f05e0d92f3a81e15114a73c808,test/images/5789f11e3fdf_frame_000028.jpg,test/labels/5789f11e3fdf_frame_000028.txt,5789f11e3fdf,28,14.0,test,labeled,62,0:15;1:28;2:15;3:1;4:3,bbox:62,
3445945d409cb18333dd8f2d9e1997d5d7d024af63973ae1d2d6ae49343227ba,test/images/5789f11e3fdf_frame_000029.jpg,test/labels/5789f11e3fdf_frame_000029.txt,5789f11e3fdf,29,14.5,test,labeled,68,0:15;1:31;2:21;3:1,bbox:68,
58e4686d6a10e480b7d3f9df68194cafeb8a815893e5ee1f4f9c436d654ecec6,test/images/5789f11e3fdf_frame_000030.jpg,test/labels/5789f11e3fdf_frame_000030.txt,5789f11e3fdf,30,15.0,test,labeled,67,0:13;1:32;2:21;3:1,bbox:67,
6e7924fcd3cd41e0ed2b4e37671975acaad64429b46b50eff6462843330fe272,test/images/5789f11e3fdf_frame_000031.jpg,test/labels/5789f11e3fdf_frame_000031.txt,5789f11e3fdf,31,15.5,test,labeled,62,0:11;1:30;2:21,bbox:62,
78de91d5ee8a827989b89a46c12c1e782cfd42715118833d88848ffe5252e6d6,test/images/5789f11e3fdf_frame_000032.jpg,test/labels/5789f11e3fdf_frame_000032.txt,5789f11e3fdf,32,16.0,test,labeled,60,0:12;1:27;2:21,bbox:60,
128abfa114ed5792aeb8736a6d1b15bcd905ceb610497891566981fa6945ccf9,test/images/5789f11e3fdf_frame_000033.jpg,test/labels/5789f11e3fdf_frame_000033.txt,5789f11e3fdf,33,16.5,test,labeled,68,0:15;1:32;2:21,bbox:68,
bcfac99ee29370e37731623b99fbc5ef743f22bfd53f85e1f23328e1e885bb89,test/images/b3c5a768c146_frame_000000.jpg,test/labels/b3c5a768c146_frame_000000.txt,b3c5a768c146,0,0.0,test,labeled,71,1:13;2:57;3:1,bbox:71,
09c869a91d9f462f088487c016661caeb5aa7193ea256f8970c2e2686dd3fa12,test/images/b3c5a768c146_frame_000016.jpg,test/labels/b3c5a768c146_frame_000016.txt,b3c5a768c146,16,8.0,test,labeled,86,0:1;1:14;2:68;3:3,bbox:86,
b08ce3223a2621ef92c03c8adc48ec65ef8597c2bd3c8611218faace26d61d32,test/images/b3c5a768c146_frame_000019.jpg,test/labels/b3c5a768c146_frame_000019.txt,b3c5a768c146,19,9.5,test,labeled,87,1:16;2:66;3:5,bbox:87,
8e6a0738ccd1cc66e75fd28fbde01896c4f2bf27e233abc4059bdab9111ddafc,test/images/b3c5a768c146_frame_000021.jpg,test/labels/b3c5a768c146_frame_000021.txt,b3c5a768c146,21,10.5,test,labeled,114,0:1;1:18;2:92;3:2;4:1,bbox:114,
48333a2b0b8ef07d891ea69b7765eb5d6b622aca8fd929e2912509f184a5283c,test/images/b3c5a768c146_frame_000023.jpg,test/labels/b3c5a768c146_frame_000023.txt,b3c5a768c146,23,11.5,test,labeled,105,0:2;1:20;2:81;3:1;4:1,bbox:105,
de89ab79438d410df7775946a69f76c8a935d8305706787f0e03447b40f15e97,test/images/b3c5a768c146_frame_000024.jpg,test/labels/b3c5a768c146_frame_000024.txt,b3c5a768c146,24,12.0,test,labeled,90,0:1;1:19;2:63;3:6;4:1,bbox:90,
4f14febb1c329557b7e10890117d7a3d767d460893c721ed91eaba938feba351,test/images/b3c5a768c146_frame_000025.jpg,test/labels/b3c5a768c146_frame_000025.txt,b3c5a768c146,25,12.5,test,labeled,85,0:2;1:17;2:61;3:4;4:1,bbox:85,
d80251c2b6db0b1ece96234003f14baf11a5e313503d92f5e2e40d7e6a419153,test/images/b3c5a768c146_frame_000026.jpg,test/labels/b3c5a768c146_frame_000026.txt,b3c5a768c146,26,13.0,test,labeled,94,0:2;1:18;2:68;3:5;4:1,bbox:94,
bc853ed8bc15616b75c6ef539199fe362d56e3fa5056228340aa52813c02d05a,test/images/b3c5a768c146_frame_000027.jpg,test/labels/b3c5a768c146_frame_000027.txt,b3c5a768c146,27,13.5,test,labeled,95,0:2;1:18;2:70;3:4;4:1,bbox:95,
ac3de16d985cd9bb96ec843667ca34254d013ad6423e39aa07ed86fe53e48f19,test/images/b3c5a768c146_frame_000028.jpg,test/labels/b3c5a768c146_frame_000028.txt,b3c5a768c146,28,14.0,test,labeled,88,0:2;1:21;2:61;3:3;4:1,bbox:88,
9559cdd80879e23931cca1309a3be4eaa04c2b7af3b6c8980c6cbc7bd24369fd,test/images/b3c5a768c146_frame_000029.jpg,test/labels/b3c5a768c146_frame_000029.txt,b3c5a768c146,29,14.5,test,labeled,77,0:1;1:16;2:55;3:4;4:1,bbox:77,
444119861dcd184bde88cfc7983afd12a96acd26567e041b5b60d8226af6ae7e,test/images/b3c5a768c146_frame_000030.jpg,test/labels/b3c5a768c146_frame_000030.txt,b3c5a768c146,30,15.0,test,labeled,65,0:1;1:15;2:44;3:4;4:1,bbox:65,
085b295f535cb933fd48c1a546a6de7683001c256067f54df1be0795c3de6b4a,test/images/b3c5a768c146_frame_000031.jpg,test/labels/b3c5a768c146_frame_000031.txt,b3c5a768c146,31,15.5,test,labeled,70,0:1;1:19;2:45;3:4;4:1,bbox:70,
990741e96793d9f5b95292e7ab7d786322fc8943ea603a15feb98f4b739f3a88,test/images/b3c5a768c146_frame_000032.jpg,test/labels/b3c5a768c146_frame_000032.txt,b3c5a768c146,32,16.0,test,labeled,73,0:1;1:17;2:50;3:4;4:1,bbox:73,
a80465929d143635aa82a94b92b102e16f565725b03899f776b1de03587546c7,test/images/b3c5a768c146_frame_000033.jpg,test/labels/b3c5a768c146_frame_000033.txt,b3c5a768c146,33,16.5,test,labeled,96,0:1;1:20;2:70;3:4;4:1,bbox:96,
ef7790de72b23d7945896a0627b236864a26859a3e330bb8b0f50999661d3104,test/images/b3c5a768c146_frame_000034.jpg,test/labels/b3c5a768c146_frame_000034.txt,b3c5a768c146,34,17.0,test,labeled,84,0:1;1:19;2:59;3:5,bbox:84,
7fb1c7bf4fbbb9a324d2146a61b309dc4a9f5f05304ae9d8c22cd0f94b8ca4e6,test/images/b3c5a768c146_frame_000035.jpg,test/labels/b3c5a768c146_frame_000035.txt,b3c5a768c146,35,17.5,test,labeled,89,1:18;2:66;3:4;4:1,bbox:89,
6689ff4abf4f7dedc0242849588d1f37737087f57784d410940fb9aa2ae7efcb,test/images/b3c5a768c146_frame_000036.jpg,test/labels/b3c5a768c146_frame_000036.txt,b3c5a768c146,36,18.0,test,labeled,79,0:1;1:20;2:54;3:4,bbox:79,
2302031d2425c29159e5f715b08ddabec284bb3726818e6a2d5dc2669ab9e9e2,test/images/b3c5a768c146_frame_000037.jpg,test/labels/b3c5a768c146_frame_000037.txt,b3c5a768c146,37,18.5,test,labeled,91,0:1;1:21;2:68;3:1,bbox:91,
fc201b64d0fa96b2c4754e99084983f1fa90fd9e98b1d039b1daff9aac08ae59,test/images/b3c5a768c146_frame_000038.jpg,test/labels/b3c5a768c146_frame_000038.txt,b3c5a768c146,38,19.0,test,labeled,90,0:1;1:18;2:70;3:1,bbox:90,
2f93ae6c52adcf52f9f7b2ea389ee5ca89bf89fc32007152874bcb1091fcb71f,test/images/b3c5a768c146_frame_000039.jpg,test/labels/b3c5a768c146_frame_000039.txt,b3c5a768c146,39,19.5,test,labeled,101,0:1;1:18;2:80;3:2,bbox:101,
aca8b285b9586dcf09e3905d9b99f7ee890ffc1f420909b2be04db4077d7fdfc,test/images/b3c5a768c146_frame_000040.jpg,test/labels/b3c5a768c146_frame_000040.txt,b3c5a768c146,40,20.0,test,labeled,85,0:1;1:16;2:67;3:1,bbox:85,
08fa517c4b7ad454dc7ea9c1eb8fa4b1a8df8a69f4626e805b3866e1890b28ba,test/images/b3c5a768c146_frame_000041.jpg,test/labels/b3c5a768c146_frame_000041.txt,b3c5a768c146,41,20.5,test,labeled,79,1:15;2:60;3:2;4:2,bbox:79,
ae157ffa6afe4d5090f69b18e17dd8df145a0ca09f7a417141dfd002954db4b8,test/images/b3c5a768c146_frame_000042.jpg,test/labels/b3c5a768c146_frame_000042.txt,b3c5a768c146,42,21.0,test,labeled,73,1:14;2:57;3:1;4:1,bbox:73,
1dd315ac6fec579cc13ea47bbe20557f00c8bf1e8183d287107ab31aa5da5042,test/images/b3c5a768c146_frame_000043.jpg,test/labels/b3c5a768c146_frame_000043.txt,b3c5a768c146,43,21.5,test,labeled,71,1:15;2:56,bbox:71,
865a323fc22501d15b4b41704651093c3c272e87baa23fa598ee48c72b9d8de9,test/images/b3c5a768c146_frame_000045.jpg,test/labels/b3c5a768c146_frame_000045.txt,b3c5a768c146,45,22.5,test,labeled,62,1:13;2:49,bbox:62,
1550ca62acb5b6056bef4e646a22efa2114a38f112d07bd06d5693a5c6550f22,test/images/b3c5a768c146_frame_000046.jpg,test/labels/b3c5a768c146_frame_000046.txt,b3c5a768c146,46,23.0,test,labeled,60,1:15;2:45,bbox:60,
866300d8bf4d65f827909a95f22ed701dc420afc8dede66c0de673cbb3ef24e6,test/images/b3c5a768c146_frame_000047.jpg,test/labels/b3c5a768c146_frame_000047.txt,b3c5a768c146,47,23.5,test,labeled,62,1:15;2:46;3:1,bbox:62,
4eea002b19f0a4b7c731f9dda1f69c0cb859e0a011019874152b04ff780b0011,test/images/b3c5a768c146_frame_000048.jpg,test/labels/b3c5a768c146_frame_000048.txt,b3c5a768c146,48,24.0,test,labeled,52,1:14;2:37;3:1,bbox:52,
ad85254f3a7b2f57759e2dc152e428df09ac4633956d9cd03b8f1d8f64b3ee68,test/images/b3c5a768c146_frame_000049.jpg,test/labels/b3c5a768c146_frame_000049.txt,b3c5a768c146,49,24.5,test,labeled,47,1:15;2:30;4:2,bbox:47,
c78001a219ca38a0c9826406c2a405624b1a04620c599aa3c053366fcf5ae999,test/images/b3c5a768c146_frame_000050.jpg,test/labels/b3c5a768c146_frame_000050.txt,b3c5a768c146,50,25.0,test,labeled,57,1:15;2:40;3:1;4:1,bbox:57,
3e9af0ad7ddf692675f9b3dec020b5541651877f3058aada7d4c78845535dff6,test/images/b3c5a768c146_frame_000051.jpg,test/labels/b3c5a768c146_frame_000051.txt,b3c5a768c146,51,25.5,test,labeled,61,1:20;2:39;3:1;4:1,bbox:61,
332a1da4bee9be69a2f3f3d116c3dd3c81412eb16c3ae0cc0044fd4d21b4b85e,test/images/b3c5a768c146_frame_000052.jpg,test/labels/b3c5a768c146_frame_000052.txt,b3c5a768c146,52,26.0,test,labeled,70,1:23;2:47,bbox:70,
382e401c143542f188ac8a836722192ba83bff73534eb26345a723bb3c25248f,test/images/b3c5a768c146_frame_000053.jpg,test/labels/b3c5a768c146_frame_000053.txt,b3c5a768c146,53,26.5,test,labeled,63,0:1;1:26;2:35;3:1,bbox:63,
8526f5bd83822a94d0092e2066dd115a6d673c8c2bed86b06b2240094be8415d,test/images/b3c5a768c146_frame_000054.jpg,test/labels/b3c5a768c146_frame_000054.txt,b3c5a768c146,54,27.0,test,labeled,63,1:27;2:33;4:3,bbox:63,
83d45ac88619acb1b693f690536a6c0e2e0e9eab04a1a88bf349df5c5678ae8c,test/images/b3c5a768c146_frame_000055.jpg,test/labels/b3c5a768c146_frame_000055.txt,b3c5a768c146,55,27.5,test,labeled,68,1:32;2:33;4:3,bbox:68,
a840d2a4ca191ae47ba95512f9620f034385e87ce2358e7baff60c3dc5327654,test/images/b3c5a768c146_frame_000056.jpg,test/labels/b3c5a768c146_frame_000056.txt,b3c5a768c146,56,28.0,test,labeled,46,0:2;1:32;2:8;4:4,bbox:46,
ef4d8b7d241011d4fd20028e394ff3fbfe84d40a2389864f96de2fcf9e2b9806,test/images/b3c5a768c146_frame_000057.jpg,test/labels/b3c5a768c146_frame_000057.txt,b3c5a768c146,57,28.5,test,labeled,37,0:3;1:25;2:3;3:2;4:4,bbox:37,
ecc30f7b4b894eff102304f0dbb74211021d1f46a421d649b304f1df58834636,test/images/b3c5a768c146_frame_000058.jpg,test/labels/b3c5a768c146_frame_000058.txt,b3c5a768c146,58,29.0,test,labeled,56,0:2;1:28;2:24;4:2,bbox:56,
9fd6601c21429b3116ac6ae57b342b0c7d08b0eea1b7136e6582190c40d5bdf3,test/images/b3c5a768c146_frame_000059.jpg,test/labels/b3c5a768c146_frame_000059.txt,b3c5a768c146,59,29.5,test,labeled,61,0:3;1:29;2:27;4:2,bbox:61,
27e27bb22081a67f96d2b187015f23fc47e548944c42f307f5c7c2aba76f79df,test/images/b3c5a768c146_frame_000060.jpg,test/labels/b3c5a768c146_frame_000060.txt,b3c5a768c146,60,30.0,test,labeled,47,0:3;1:31;2:12;4:1,bbox:47,
c896349caf0e77b3752c9cfd3750dd75586df8dfaedebad7fccf92991ce18aec,test/images/b3c5a768c146_frame_000061.jpg,test/labels/b3c5a768c146_frame_000061.txt,b3c5a768c146,61,30.5,test,labeled,59,0:2;1:36;2:19;3:1;4:1,bbox:59,
b8f170ff148607df08f22aefe9cb072ab8f39150e64e9d5f7a266c36d49cd6f4,test/images/b3c5a768c146_frame_000062.jpg,test/labels/b3c5a768c146_frame_000062.txt,b3c5a768c146,62,31.0,test,labeled,44,0:2;1:32;2:8;3:1;4:1,bbox:44,
2a2f43decb26fffe0354ab88579aa17401cfd774d0ef95d48457a2e5c35f065e,test/images/b3c5a768c146_frame_000063.jpg,test/labels/b3c5a768c146_frame_000063.txt,b3c5a768c146,63,31.5,test,labeled,51,0:2;1:32;2:16;3:1,bbox:51,
eec290fec556b26fdaafd133f81ae751c89e79f91abbc3529accd9b35050a600,test/images/b3c5a768c146_frame_000064.jpg,test/labels/b3c5a768c146_frame_000064.txt,b3c5a768c146,64,32.0,test,labeled,54,0:2;1:35;2:15;4:2,bbox:54,
dc46ac7cbc2f04f75f79233311b66def2ad378c19da417b88070227549c2806e,test/images/b3c5a768c146_frame_000065.jpg,test/labels/b3c5a768c146_frame_000065.txt,b3c5a768c146,65,32.5,test,labeled,48,0:3;1:33;2:12,bbox:48,
f120e06b598e097674bbfa738f359c539f3c8f960bfc697a74921db9bf97a37c,test/images/b3c5a768c146_frame_000067.jpg,test/labels/b3c5a768c146_frame_000067.txt,b3c5a768c146,67,33.5,test,labeled,55,0:3;1:35;2:15;4:2,bbox:55,
0d3dec37440a589a67e0d9d690d00ad41b15312c13360c78994087b986280dd2,test/images/b3c5a768c146_frame_000068.jpg,test/labels/b3c5a768c146_frame_000068.txt,b3c5a768c146,68,34.0,test,labeled,52,0:3;1:38;2:9;4:2,bbox:52,
49d1ad93587f51d1885069504cdb14db4673aa22aba42cf226f9c84aed9fd5b9,test/images/b3c5a768c146_frame_000069.jpg,test/labels/b3c5a768c146_frame_000069.txt,b3c5a768c146,69,34.5,test,labeled,52,0:3;1:37;2:10;3:1;4:1,bbox:52,
ecd075941a68dc037738b995afd59593fd8325af35f9241448ca2981ed399088,test/images/b3c5a768c146_frame_000070.jpg,test/labels/b3c5a768c146_frame_000070.txt,b3c5a768c146,70,35.0,test,labeled,47,0:3;1:36;2:6;4:2,bbox:47,
393137b0443c53eccc7f28d83a782b5961169c243476d9d86152b1696a9dded6,test/images/b3c5a768c146_frame_000071.jpg,test/labels/b3c5a768c146_frame_000071.txt,b3c5a768c146,71,35.5,test,labeled,47,0:4;1:39;2:3;4:1,bbox:47,
e356745be7f20c597f76840343c08e9c809b4758e03d2766b9a76e0a41a5a6f4,test/images/b3c5a768c146_frame_000072.jpg,test/labels/b3c5a768c146_frame_000072.txt,b3c5a768c146,72,36.0,test,labeled,45,0:3;1:36;2:4;4:2,bbox:45,
e732c2c3578a4cc89dfbc3bf24d92beffaf78b912cf86ea2919fb9f38f47652e,test/images/b3c5a768c146_frame_000073.jpg,test/labels/b3c5a768c146_frame_000073.txt,b3c5a768c146,73,36.5,test,labeled,58,0:3;1:40;2:13;4:2,bbox:58,
2248b916ba3b10a83318a3496eb1151f7078fa8a1715e54b36bec33d1f5e36bc,test/images/b3c5a768c146_frame_000074.jpg,test/labels/b3c5a768c146_frame_000074.txt,b3c5a768c146,74,37.0,test,labeled,48,0:1;1:38;2:7;4:2,bbox:48,
cf833a5d7d335ae5b15562e75af7203c093a6239380b8dfd9aeffdba58a26f81,test/images/b3c5a768c146_frame_000075.jpg,test/labels/b3c5a768c146_frame_000075.txt,b3c5a768c146,75,37.5,test,labeled,52,0:3;1:38;2:9;4:2,bbox:52,
5714040b2c24961359e7452c2b518ffb2456ee6e32c33ac5b4f6daf8a707f0d9,test/images/b3c5a768c146_frame_000076.jpg,test/labels/b3c5a768c146_frame_000076.txt,b3c5a768c146,76,38.0,test,labeled,43,0:4;1:34;2:4;4:1,bbox:43,
c11d5d00c753cafd55a89db1c4a121271cfbbf56c38e3ecf0d28c599088e9411,test/images/b3c5a768c146_frame_000077.jpg,test/labels/b3c5a768c146_frame_000077.txt,b3c5a768c146,77,38.5,test,labeled,54,0:3;1:38;2:10;3:1;4:2,bbox:54,
b2cd38b48ca8b2b7e0ae137030577b869013fade9e5eb5407f5f62c3222fdf80,test/images/b3c5a768c146_frame_000078.jpg,test/labels/b3c5a768c146_frame_000078.txt,b3c5a768c146,78,39.0,test,labeled,48,0:4;1:35;2:7;4:2,bbox:48,
15b71bae352641a20e051926939d06a5dedf6577db447220696d73912bb453e4,test/images/b3c5a768c146_frame_000079.jpg,test/labels/b3c5a768c146_frame_000079.txt,b3c5a768c146,79,39.5,test,labeled,57,0:3;1:36;2:13;3:3;4:2,bbox:57,
f3db912606fa23009466bda2be43d3b6e26174627d6373229351e4de6853d029,test/images/b3c5a768c146_frame_000080.jpg,test/labels/b3c5a768c146_frame_000080.txt,b3c5a768c146,80,40.0,test,labeled,57,0:3;1:40;2:5;3:6;4:3,bbox:57,
720a27d7f760f90fe34af572d3408af019a117e33b77ac6c4cd21ba74319aee9,test/images/b3c5a768c146_frame_000081.jpg,test/labels/b3c5a768c146_frame_000081.txt,b3c5a768c146,81,40.5,test,labeled,55,0:4;1:39;2:7;3:4;4:1,bbox:55,
72ef9ea1ef34f0fb18b28391106f59687aa980dfe6c55a1b139b71033a569a9a,test/images/b3c5a768c146_frame_000082.jpg,test/labels/b3c5a768c146_frame_000082.txt,b3c5a768c146,82,41.0,test,labeled,60,0:4;1:36;2:9;3:10;4:1,bbox:60,
f8bcb4d2c5be333af0099518c4ffdd213a3793a22bc76a66999fe0356aa71d24,test/images/b3c5a768c146_frame_000083.jpg,test/labels/b3c5a768c146_frame_000083.txt,b3c5a768c146,83,41.5,test,labeled,52,0:3;1:34;2:5;3:9;4:1,bbox:52,
24b2ee7ea6400b0b8772aa358831c6c25d9ac63f718829276adff9befba83c36,test/images/b3c5a768c146_frame_000084.jpg,test/labels/b3c5a768c146_frame_000084.txt,b3c5a768c146,84,42.0,test,labeled,49,0:3;1:34;2:7;3:3;4:2,bbox:49,
42304cb23287b356f3b54b2b05e4940c2c1703b3a919f1727d3a0cb42cefa51e,test/images/b3c5a768c146_frame_000085.jpg,test/labels/b3c5a768c146_frame_000085.txt,b3c5a768c146,85,42.5,test,labeled,36,0:4;1:31;3:1,bbox:36,
66450e92c3d6dfcfee0ee246be84d70c52d4a88a7ad8cf5287299c776cc25ce4,test/images/b3c5a768c146_frame_000086.jpg,test/labels/b3c5a768c146_frame_000086.txt,b3c5a768c146,86,43.0,test,labeled,44,0:4;1:25;2:12;3:2;4:1,bbox:44,
865383c00cf14a7b4b1a880d17d418d96a9bcf56cba0d59e156c93f90e044902,test/images/b3c5a768c146_frame_000087.jpg,test/labels/b3c5a768c146_frame_000087.txt,b3c5a768c146,87,43.5,test,labeled,31,0:3;1:26;3:1;4:1,bbox:31,
d86c6c8a51a0fc31db68aa95d5b18ba62da5d81bb2ec4f761a10efb2ce50fc6f,test/images/b3c5a768c146_frame_000089.jpg,test/labels/b3c5a768c146_frame_000089.txt,b3c5a768c146,89,44.5,test,labeled,28,0:2;1:20;2:5;4:1,bbox:28,
9a95424f939233e049f5e508fbe5a0a1561f530408e5a4458ed878c1591946a2,test/images/b3c5a768c146_frame_000090.jpg,test/labels/b3c5a768c146_frame_000090.txt,b3c5a768c146,90,45.0,test,labeled,21,0:1;1:16;2:3;4:1,bbox:21,
3101dd9da644f2360f5cbe8a8433c066d575f28e5aa86f0ca387365f3daa08c3,test/images/b3c5a768c146_frame_000091.jpg,test/labels/b3c5a768c146_frame_000091.txt,b3c5a768c146,91,45.5,test,labeled,20,0:3;1:15;3:1;4:1,bbox:20,
c5af15bf8e442cb144106c44c3046ab64bb6aaee1c33739e9a8627214a7e4f5b,test/images/b3c5a768c146_frame_000092.jpg,test/labels/b3c5a768c146_frame_000092.txt,b3c5a768c146,92,46.0,test,labeled,20,0:1;1:17;4:2,bbox:20,
aabc1175fb58f707fd93c9e2622c5241143c7e3047453babd42cdbc6802f1bb9,test/images/b3c5a768c146_frame_000093.jpg,test/labels/b3c5a768c146_frame_000093.txt,b3c5a768c146,93,46.5,test,labeled,21,0:1;1:18;4:2,bbox:21,
fd7716e6eef8db23260831adf257043ba591ed984864696b20662b74478f5491,test/images/b3c5a768c146_frame_000094.jpg,test/labels/b3c5a768c146_frame_000094.txt,b3c5a768c146,94,47.0,test,labeled,18,1:16;4:2,bbox:18,
b097feee48e8cf607de28f0f377d0c9309e9ec24125c7b492e19bf1892a6baba,test/images/b3c5a768c146_frame_000095.jpg,test/labels/b3c5a768c146_frame_000095.txt,b3c5a768c146,95,47.5,test,labeled,23,1:20;4:3,bbox:23,
a2fdeee195fe600e39c0df2fd438b8df73d27e9721c875e10f80f989b4ff0fb2,test/images/b3c5a768c146_frame_000096.jpg,test/labels/b3c5a768c146_frame_000096.txt,b3c5a768c146,96,48.0,test,labeled,26,0:1;1:22;4:3,bbox:26,
29b2f9cce85d07a4a1b150bf13591651f1dda3ad31dd8b1fa994c4063bfbd0da,test/images/b3c5a768c146_frame_000097.jpg,test/labels/b3c5a768c146_frame_000097.txt,b3c5a768c146,97,48.5,test,labeled,24,0:3;1:19;4:2,bbox:24,
fbb4872ca1f0966c66f142e9c8cc65567b7db9911057228d50a6fc3d719b3f1a,test/images/b3c5a768c146_frame_000098.jpg,test/labels/b3c5a768c146_frame_000098.txt,b3c5a768c146,98,49.0,test,labeled,25,0:1;1:21;4:3,bbox:25,
c3706fb34d742e9a675f14557229fe223a14d32c32c9fdadbb6248169f1e3cf2,test/images/b3c5a768c146_frame_000099.jpg,test/labels/b3c5a768c146_frame_000099.txt,b3c5a768c146,99,49.5,test,labeled,26,0:1;1:22;4:3,bbox:26,
46d2d0116cca3dcc158dc3827fcdfe684472f8acb161864754d37fc851a8a997,test/images/b3c5a768c146_frame_000100.jpg,test/labels/b3c5a768c146_frame_000100.txt,b3c5a768c146,100,50.0,test,labeled,24,0:2;1:21;4:1,bbox:24,
f8452053535e16bb05e4570b177e5edef0af7b969a50762837f8ebe0334bea8d,test/images/b3c5a768c146_frame_000101.jpg,test/labels/b3c5a768c146_frame_000101.txt,b3c5a768c146,101,50.5,test,labeled,27,0:1;1:22;4:4,bbox:27,
21f209a1905e55691070c73a129a0b2fbb7424c5f3dc887a27d95843844ee5ef,test/images/b3c5a768c146_frame_000102.jpg,test/labels/b3c5a768c146_frame_000102.txt,b3c5a768c146,102,51.0,test,labeled,27,0:2;1:23;4:2,bbox:27,
f5e9b8d7fcd08801c25af3392ea0b3bf0c86f72fe7fdebcddd906cfc089d590e,test/images/b3c5a768c146_frame_000103.jpg,test/labels/b3c5a768c146_frame_000103.txt,b3c5a768c146,103,51.5,test,labeled,28,0:2;1:24;4:2,bbox:28,
7001de2b94a61c7ccc7257548409cc16018e51b384903e7e736f1815fd8dfeee,test/images/b3c5a768c146_frame_000104.jpg,test/labels/b3c5a768c146_frame_000104.txt,b3c5a768c146,104,52.0,test,labeled,26,0:2;1:22;4:2,bbox:26,
5154f2582b4dde5e3c1dd37e9a200ce2ceb196ff877b74189168921d758d6903,test/images/b3c5a768c146_frame_000105.jpg,test/labels/b3c5a768c146_frame_000105.txt,b3c5a768c146,105,52.5,test,labeled,26,0:3;1:22;4:1,bbox:26,
b24ca4c5cedda711183af9bd4df67c399b94e166b30882295ba7ed7ad0952d69,test/images/b3c5a768c146_frame_000106.jpg,test/labels/b3c5a768c146_frame_000106.txt,b3c5a768c146,106,53.0,test,labeled,29,0:2;1:24;4:3,bbox:29,
4b5f6f1df54f38344f1e7e682f72513ea1d77e5801889d03a01199bc23f04d5e,test/images/b3c5a768c146_frame_000107.jpg,test/labels/b3c5a768c146_frame_000107.txt,b3c5a768c146,107,53.5,test,labeled,27,0:4;1:22;4:1,bbox:27,
581636d789ea9c336ff3349bc52c3ef0a1403bb9cda223f4f1e8bdeb228e171f,test/images/b3c5a768c146_frame_000108.jpg,test/labels/b3c5a768c146_frame_000108.txt,b3c5a768c146,108,54.0,test,labeled,29,0:3;1:23;4:3,bbox:29,
84915a260c3d355fa62baccb8d1f6dbee8d84633f6bc0370d3def19deceb0e1e,test/images/b3c5a768c146_frame_000109.jpg,test/labels/b3c5a768c146_frame_000109.txt,b3c5a768c146,109,54.5,test,labeled,28,0:3;1:21;4:4,bbox:28,
