image_id,image_path,label_path,source_id,frame_index,timestamp_seconds,split,label_status,box_count,class_counts,annotation_formats,content_sha256
3bde0fc6f92870109391f8ddea3cf95b63a5b51976ac1556a25db94fccb241cd,train/images/DJI_20250516071323_0341_D_frame_00001_jpg.rf.d5e6d7504b79c06161088dac6efbdaed.jpg,train/labels/DJI_20250516071323_0341_D_frame_00001_jpg.rf.d5e6d7504b79c06161088dac6efbdaed.txt,DJI_20250516071323_0341_D,1,0.5,train,labeled,85,1:20;2:20;3:44;4:1,bbox:6;polygon:79,3bde0fc6f92870109391f8ddea3cf95b63a5b51976ac1556a25db94fccb241cd
048a4a396cc2683d15237a3c4be216df82feea055aa6a59521baf57764e01d12,train/images/DJI_20250516071323_0341_D_frame_00002_jpg.rf.1d86b214b357045d8c1a0dc6ee97f80d.jpg,train/labels/DJI_20250516071323_0341_D_frame_00002_jpg.rf.1d86b214b357045d8c1a0dc6ee97f80d.txt,DJI_20250516071323_0341_D,2,1.0,train,labeled,88,1:18;2:24;3:44;4:2,bbox:8;polygon:80,048a4a396cc2683d15237a3c4be216df82feea055aa6a59521baf57764e01d12
26b30e44262fcb2a792bc1caabd0a4fa9e54314594f2b516e555593ca01bb5fb,train/images/DJI_20250516071323_0341_D_frame_00003_jpg.rf.8eafc4edc863a5b2623582a09381b783.jpg,train/labels/DJI_20250516071323_0341_D_frame_00003_jpg.rf.8eafc4edc863a5b2623582a09381b783.txt,DJI_20250516071323_0341_D,3,1.5,train,labeled,82,1:17;2:20;3:44;4:1,bbox:5;polygon:77,26b30e44262fcb2a792bc1caabd0a4fa9e54314594f2b516e555593ca01bb5fb
198e9f6d681de51c32e13360cff16865996ee8a00f868bbbb027b0c0f0737535,train/images/DJI_20250516071323_0341_D_frame_00004_jpg.rf.c845ced878baef9805efe60e59088256.jpg,train/labels/DJI_20250516071323_0341_D_frame_00004_jpg.rf.c845ced878baef9805efe60e59088256.txt,DJI_20250516071323_0341_D,4,2.0,train,labeled,79,1:17;2:18;3:43;4:1,bbox:5;polygon:74,198e9f6d681de51c32e13360cff16865996ee8a00f868bbbb027b0c0f0737535
4f6be79b15c017e7bedf44f6d5a162d0dd382772cf7b801d31563a675c4ce3df,train/images/DJI_20250516071323_0341_D_frame_00006_jpg.rf.83daeefa9ac494c32502b542855622ea.jpg,train/labels/DJI_20250516071323_0341_D_frame_00006_jpg.rf.83daeefa9ac494c32502b542855622ea.txt,DJI_20250516071323_0341_D,6,3.0,train,labeled,103,1:14;2:40;3:48;4:1,bbox:6;polygon:97,4f6be79b15c017e7bedf44f6d5a162d0dd382772cf7b801d31563a675c4ce3df
69b4e49c8d94abcf1db75bd6dbdfb4fba3eb09a4a7da9c56c38066cea36012dd,train/images/DJI_20250516071323_0341_D_frame_00007_jpg.rf.f51f8500905ff8b43342bb2e028397bb.jpg,train/labels/DJI_20250516071323_0341_D_frame_00007_jpg.rf.f51f8500905ff8b43342bb2e028397bb.txt,DJI_20250516071323_0341_D,7,3.5,train,labeled,91,1:16;2:24;3:50;4:1,bbox:7;polygon:84,69b4e49c8d94abcf1db75bd6dbdfb4fba3eb09a4a7da9c56c38066cea36012dd
949ccc259c2cbc6908c0560f3d2a32e162b3f40fae576229e03c307b241860c8,train/images/DJI_20250516071323_0341_D_frame_00008_jpg.rf.11dc585185c86a27a6738a4fcdb450de.jpg,train/labels/DJI_20250516071323_0341_D_frame_00008_jpg.rf.11dc585185c86a27a6738a4fcdb450de.txt,DJI_20250516071323_0341_D,8,4.0,train,labeled,82,1:18;2:15;3:48;4:1,bbox:6;polygon:76,949ccc259c2cbc6908c0560f3d2a32e162b3f40fae576229e03c307b241860c8
1d553890f15dc1c9871fad2b83f781a028e5a4e28408a98d8f4b3d4889f0846d,train/images/DJI_20250516071323_0341_D_frame_00009_jpg.rf.7c397c8da1e0e34ba6797fe30a6148e8.jpg,train/labels/DJI_20250516071323_0341_D_frame_00009_jpg.rf.7c397c8da1e0e34ba6797fe30a6148e8.txt,DJI_20250516071323_0341_D,9,4.5,train,labeled,73,1:15;2:11;3:46;4:1,bbox:7;polygon:66,1d553890f15dc1c9871fad2b83f781a028e5a4e28408a98d8f4b3d4889f0846d
b8a35ebb484443f70290bfaae2a8fa43b859459d871a70ea6702c760c5762548,train/images/DJI_20250516071323_0341_D_frame_00009_jpg.rf.a88eecf5cc046993d6b13b9c4efe8440.jpg,train/labels/DJI_20250516071323_0341_D_frame_00009_jpg.rf.a88eecf5cc046993d6b13b9c4efe8440.txt,DJI_20250516071323_0341_D,9,4.5,train,labeled,83,1:18;2:20;3:44;4:1,bbox:3;polygon:80,b8a35ebb484443f70290bfaae2a8fa43b859459d871a70ea6702c760c5762548
7f7ceace93b676ad84a7f03d4fed56761ff466b7963178bb9c3b11421023f4c2,train/images/DJI_20250516071323_0341_D_frame_00010_jpg.rf.8475de266ceb5a3b1e0050e6f7cc1f97.jpg,train/labels/DJI_20250516071323_0341_D_frame_00010_jpg.rf.8475de266ceb5a3b1e0050e6f7cc1f97.txt,DJI_20250516071323_0341_D,10,5.0,train,labeled,79,1:15;2:20;3:43;4:1,bbox:7;polygon:72,7f7ceace93b676ad84a7f03d4fed56761ff466b7963178bb9c3b11421023f4c2
87ebd30d571c97af3e466541000c6abdd435737ec6617fbdafb9c76a39ff7a48,train/images/DJI_20250516071323_0341_D_frame_00010_jpg.rf.c3f6869436f9ca6595c0705a95d6e914.jpg,train/labels/DJI_20250516071323_0341_D_frame_00010_jpg.rf.c3f6869436f9ca6595c0705a95d6e914.txt,DJI_20250516071323_0341_D,10,5.0,train,labeled,73,1:14;2:14;3:45,bbox:8;polygon:65,87ebd30d571c97af3e466541000c6abdd435737ec6617fbdafb9c76a39ff7a48
1e9f2f961e7a9c180daff028830e49d67253380847abea56a22deebbb7eea759,train/images/DJI_20250516071323_0341_D_frame_00011_jpg.rf.6346643156a10bb208c8d9fd66d5e258.jpg,train/labels/DJI_20250516071323_0341_D_frame_00011_jpg.rf.6346643156a10bb208c8d9fd66d5e258.txt,DJI_20250516071323_0341_D,11,5.5,train,labeled,86,1:17;2:24;3:44;4:1,bbox:4;polygon:82,1e9f2f961e7a9c180daff028830e49d67253380847abea56a22deebbb7eea759
5350df721f24ece2b44dc57e710f28fb19251421b3a883345ce19d98f89dcd2a,train/images/DJI_20250516071323_0341_D_frame_00011_jpg.rf.fed0b07285fb80169c187b9eb4edc289.jpg,train/labels/DJI_20250516071323_0341_D_frame_00011_jpg.rf.fed0b07285fb80169c187b9eb4edc289.txt,DJI_20250516071323_0341_D,11,5.5,train,labeled,73,1:16;2:14;3:43,bbox:8;polygon:65,5350df721f24ece2b44dc57e710f28fb19251421b3a883345ce19d98f89dcd2a
944d9d4662c00a3a303c9657ff1ec4e47aec954d7bf41fc969b7b8ae1697af00,train/images/DJI_20250516071323_0341_D_frame_00012_jpg.rf.946a6801f6b70443d1c82769d3fa0fef.jpg,train/labels/DJI_20250516071323_0341_D_frame_00012_jpg.rf.946a6801f6b70443d1c82769d3fa0fef.txt,DJI_20250516071323_0341_D,12,6.0,train,labeled,75,1:16;2:11;3:48,bbox:6;polygon:69,944d9d4662c00a3a303c9657ff1ec4e47aec954d7bf41fc969b7b8ae1697af00
8aafddf903a5a8053079d53f1ca708bff5f8591b0da323c9357f32c0e7e6aae6,train/images/DJI_20250516071323_0341_D_frame_00013_jpg.rf.bd0037d448532ffb3b1353a629d26791.jpg,train/labels/DJI_20250516071323_0341_D_frame_00013_jpg.rf.bd0037d448532ffb3b1353a629d26791.txt,DJI_20250516071323_0341_D,13,6.5,train,labeled,89,1:16;2:27;3:45;4:1,bbox:7;polygon:82,8aafddf903a5a8053079d53f1ca708bff5f8591b0da323c9357f32c0e7e6aae6
6fc6564988ac04fb1814565c822c465d8e89e69441460e408651500ce02239e1,train/images/DJI_20250516071323_0341_D_frame_00013_jpg.rf.c67a13e6608ca35d7a8c0f6b526ad73e.jpg,train/labels/DJI_20250516071323_0341_D_frame_00013_jpg.rf.c67a13e6608ca35d7a8c0f6b526ad73e.txt,DJI_20250516071323_0341_D,13,6.5,train,labeled,80,1:19;2:12;3:48;4:1,bbox:7;polygon:73,6fc6564988ac04fb1814565c822c465d8e89e69441460e408651500ce02239e1
6c59d40c381cecf9b740107629c9f7260d64abe56fafebfffc4c9fba34809ac9,train/images/DJI_20250516071323_0341_D_frame_00014_jpg.rf.e4c6b7292226d7e40d0c2ed18e770a98.jpg,train/labels/DJI_20250516071323_0341_D_frame_00014_jpg.rf.e4c6b7292226d7e40d0c2ed18e770a98.txt,DJI_20250516071323_0341_D,14,7.0,train,labeled,75,1:17;2:7;3:49;4:2,bbox:7;polygon:68,6c59d40c381cecf9b740107629c9f7260d64abe56fafebfffc4c9fba34809ac9
b6357040be38eae4ec558f95c2825c4bd5aef23a93a3ad7c0a007d1e844d7144,train/images/DJI_20250516071323_0341_D_frame_00015_jpg.rf.23ae3b8ae5bb0d58fddd26aea84e2660.jpg,train/labels/DJI_20250516071323_0341_D_frame_00015_jpg.rf.23ae3b8ae5bb0d58fddd26aea84e2660.txt,DJI_20250516071323_0341_D,15,7.5,train,labeled,70,1:15;2:7;3:46;4:2,bbox:4;polygon:66,b6357040be38eae4ec558f95c2825c4bd5aef23a93a3ad7c0a007d1e844d7144
aaf2302b4b6d9dffcf2d5387e4943441ff763e1a06f0132ef07a53c15e44fb8f,train/images/DJI_20250516071323_0341_D_frame_00015_jpg.rf.d70c8a7201891dd95f03bf16eb293e06.jpg,train/labels/DJI_20250516071323_0341_D_frame_00015_jpg.rf.d70c8a7201891dd95f03bf16eb293e06.txt,DJI_20250516071323_0341_D,15,7.5,train,labeled,91,1:15;2:29;3:46;4:1,bbox:4;polygon:87,aaf2302b4b6d9dffcf2d5387e4943441ff763e1a06f0132ef07a53c15e44fb8f
289ec2c629c96f898de8d0b9481934428cf9b6a714214458937c2c7adf11fd85,train/images/DJI_20250516071323_0341_D_frame_00016_jpg.rf.cbfbcb2c99fd7326f90d40420b6433da.jpg,train/labels/DJI_20250516071323_0341_D_frame_00016_jpg.rf.cbfbcb2c99fd7326f90d40420b6433da.txt,DJI_20250516071323_0341_D,16,8.0,train,labeled,81,1:12;2:25;3:43;4:1,bbox:7;polygon:74,289ec2c629c96f898de8d0b9481934428cf9b6a714214458937c2c7adf11fd85
9e1c4c6073cb60b18df7d9fe52637cfda4040a793184ffaba56ff3aa32c0946b,train/images/DJI_20250516071323_0341_D_frame_00016_jpg.rf.d7d283ce9ed161fdb007ff3c9adb1034.jpg,train/labels/DJI_20250516071323_0341_D_frame_00016_jpg.rf.d7d283ce9ed161fdb007ff3c9adb1034.txt,DJI_20250516071323_0341_D,16,8.0,train,labeled,71,1:12;2:7;3:50;4:2,bbox:6;polygon:65,9e1c4c6073cb60b18df7d9fe52637cfda4040a793184ffaba56ff3aa32c0946b
34e133badf14b51ea7c45b68de13ffd421832c1e1b42c1b54697cb6f7575c7c1,train/images/DJI_20250516071323_0341_D_frame_00017_jpg.rf.0e1658d1c9189cd47a07d82d5e6bfc62.jpg,train/labels/DJI_20250516071323_0341_D_frame_00017_jpg.rf.0e1658d1c9189cd47a07d82d5e6bfc62.txt,DJI_20250516071323_0341_D,17,8.5,train,labeled,65,1:7;2:7;3:49;4:2,bbox:8;polygon:57,34e133badf14b51ea7c45b68de13ffd421832c1e1b42c1b54697cb6f7575c7c1
f26da9618af9cd44aeadcda463ca0ed214a29c0ae6b2fcfa93aefe77a53de75a,train/images/DJI_20250516071323_0341_D_frame_00018_jpg.rf.340c47ce9ad9ec9c20aa77045fe07fd5.jpg,train/labels/DJI_20250516071323_0341_D_frame_00018_jpg.rf.340c47ce9ad9ec9c20aa77045fe07fd5.txt,DJI_20250516071323_0341_D,18,9.0,train,labeled,85,1:12;2:25;3:47;4:1,bbox:9;polygon:76,f26da9618af9cd44aeadcda463ca0ed214a29c0ae6b2fcfa93aefe77a53de75a
cbbc9fe56a950bf9a20634d7d015136d9946d5931f87fc5bbd945376445be390,train/images/DJI_20250516071323_0341_D_frame_00018_jpg.rf.5d42d39c5ddfcdf93fca77847691750b.jpg,train/labels/DJI_20250516071323_0341_D_frame_00018_jpg.rf.5d42d39c5ddfcdf93fca77847691750b.txt,DJI_20250516071323_0341_D,18,9.0,train,labeled,69,1:8;2:8;3:50;4:3,bbox:3;polygon:66,cbbc9fe56a950bf9a20634d7d015136d9946d5931f87fc5bbd945376445be390
62202591d2b1a7f08884e3faaa3f8cb073f75e6c938410c373a5f84e864a9534,train/images/DJI_20250516071323_0341_D_frame_00019_jpg.rf.0c067ba09bf29e13f85c877d3695d4c9.jpg,train/labels/DJI_20250516071323_0341_D_frame_00019_jpg.rf.0c067ba09bf29e13f85c877d3695d4c9.txt,DJI_20250516071323_0341_D,19,9.5,train,labeled,88,1:15;2:25;3:47;4:1,bbox:7;polygon:81,62202591d2b1a7f08884e3faaa3f8cb073f75e6c938410c373a5f84e864a9534
6a1a669c55063b65c2a9f7eb5cbbf8478ea178824851d3ec96f3f699e3b2ebd3,train/images/DJI_20250516071323_0341_D_frame_00022_jpg.rf.ec99a4e9ea5fec90dd13cc6af5375cb2.jpg,train/labels/DJI_20250516071323_0341_D_frame_00022_jpg.rf.ec99a4e9ea5fec90dd13cc6af5375cb2.txt,DJI_20250516071323_0341_D,22,11.0,train,labeled,87,1:14;2:23;3:48;4:2,bbox:7;polygon:80,6a1a669c55063b65c2a9f7eb5cbbf8478ea178824851d3ec96f3f699e3b2ebd3
f4698d678f32c5d7c78183c9360a1e71ceddfa229822dde382c0cd0fa9bc5233,train/images/DJI_20250516071323_0341_D_frame_00024_jpg.rf.f441c932f581bb661979996166ed8ebb.jpg,train/labels/DJI_20250516071323_0341_D_frame_00024_jpg.rf.f441c932f581bb661979996166ed8ebb.txt,DJI_20250516071323_0341_D,24,12.0,train,labeled,82,1:18;2:16;3:47;4:1,bbox:7;polygon:75,f4698d678f32c5d7c78183c9360a1e71ceddfa229822dde382c0cd0fa9bc5233
e25e56f24f21965fa9d06b510d56577b9ee8ed3eabc9f9718ea3df5dbf7fd86d,train/images/DJI_20250516071323_0341_D_frame_00026_jpg.rf.e1cd886ac33a6614c7eb8f607c652195.jpg,train/labels/DJI_20250516071323_0341_D_frame_00026_jpg.rf.e1cd886ac33a6614c7eb8f607c652195.txt,DJI_20250516071323_0341_D,26,13.0,train,labeled,79,1:18;2:14;3:47,bbox:8;polygon:71,e25e56f24f21965fa9d06b510d56577b9ee8ed3eabc9f9718ea3df5dbf7fd86d
eeb4ac981d60069f948d0329ccbeb13ed3a1aad43289ded3c3e1698a71e85a83,train/images/DJI_20250516071323_0341_D_frame_00028_jpg.rf.d04d8260ba46535ca7da34bebc01335d.jpg,train/labels/DJI_20250516071323_0341_D_frame_00028_jpg.rf.d04d8260ba46535ca7da34bebc01335d.txt,DJI_20250516071323_0341_D,28,14.0,train,labeled,75,1:15;2:14;3:46,bbox:5;polygon:70,eeb4ac981d60069f948d0329ccbeb13ed3a1aad43289ded3c3e1698a71e85a83
54257bfb088f884a7d839f99051d3c76f062a89981e0c39308bcb7f718ad3434,train/images/DJI_20250516071323_0341_D_frame_00029_jpg.rf.ca64b8b08f39fa81597810be11c8d98f.jpg,train/labels/DJI_20250516071323_0341_D_frame_00029_jpg.rf.ca64b8b08f39fa81597810be11c8d98f.txt,DJI_20250516071323_0341_D,29,14.5,train,labeled,73,1:17;2:11;3:45,polygon:73,54257bfb088f884a7d839f99051d3c76f062a89981e0c39308bcb7f718ad3434
9d5ffa633ac2610d6d239559faf8a77288924765e6ef4a7b074bb0f453f8c3b2,train/images/DJI_20250516071323_0341_D_frame_00030_jpg.rf.991af8d9ed151eb83267edc3d16ecb17.jpg,train/labels/DJI_20250516071323_0341_D_frame_00030_jpg.rf.991af8d9ed151eb83267edc3d16ecb17.txt,DJI_20250516071323_0341_D,30,15.0,train,labeled,74,1:15;2:12;3:47,bbox:4;polygon:70,9d5ffa633ac2610d6d239559faf8a77288924765e6ef4a7b074bb0f453f8c3b2
d31c66e192735a6d85de48278c4346eeba3bcad21f81293b56377d121c35660f,train/images/DJI_20250516071323_0341_D_frame_00032_jpg.rf.cc321995cbe0db0b5f8fe9e04b4a398a.jpg,train/labels/DJI_20250516071323_0341_D_frame_00032_jpg.rf.cc321995cbe0db0b5f8fe9e04b4a398a.txt,DJI_20250516071323_0341_D,32,16.0,train,labeled,75,1:14;2:15;3:46,bbox:3;polygon:72,d31c66e192735a6d85de48278c4346eeba3bcad21f81293b56377d121c35660f
781de4c5fc8b2d8aff2d7459080fb4b993b34eaa0c605cef5309338500fe98b2,train/images/DJI_20250516071323_0341_D_frame_00033_jpg.rf.59316814078b92b3db580b36023fab90.jpg,train/labels/DJI_20250516071323_0341_D_frame_00033_jpg.rf.59316814078b92b3db580b36023fab90.txt,DJI_20250516071323_0341_D,33,16.5,train,labeled,70,1:14;2:11;3:45,bbox:5;polygon:65,781de4c5fc8b2d8aff2d7459080fb4b993b34eaa0c605cef5309338500fe98b2
f0b703e5e9ce18b3cd41fdf1c37b9d46a9788ceae55028eba2195e90c46016aa,train/images/DJI_20250516071323_0341_D_frame_00034_jpg.rf.fac79cbf6f8a45e5999d488d2160d0eb.jpg,train/labels/DJI_20250516071323_0341_D_frame_00034_jpg.rf.fac79cbf6f8a45e5999d488d2160d0eb.txt,DJI_20250516071323_0341_D,34,17.0,train,labeled,72,1:15;2:13;3:44,bbox:6;polygon:66,f0b703e5e9ce18b3cd41fdf1c37b9d46a9788ceae55028eba2195e90c46016aa
1791b67822975ce4b519750b87e2845b6346e85a48d3d5214b0b6c143c1001c3,train/images/DJI_20250516071323_0341_D_frame_00036_jpg.rf.518ad2a7ee5a69b243a99555a9a4de85.jpg,train/labels/DJI_20250516071323_0341_D_frame_00036_jpg.rf.518ad2a7ee5a69b243a99555a9a4de85.txt,DJI_20250516071323_0341_D,36,18.0,train,labeled,74,1:18;2:10;3:46,bbox:7;polygon:67,1791b67822975ce4b519750b87e2845b6346e85a48d3d5214b0b6c143c1001c3
8d5ae8e5df4df5bb8783d4fe79968397750aed0ecc48a92403c035d1e810b811,train/images/DJI_20250516071323_0341_D_frame_00037_jpg.rf.feedd785cf07fb293db08a707b639283.jpg,train/labels/DJI_20250516071323_0341_D_frame_00037_jpg.rf.feedd785cf07fb293db08a707b639283.txt,DJI_20250516071323_0341_D,37,18.5,train,labeled,76,1:17;2:12;3:46;4:1,bbox:7;polygon:69,8d5ae8e5df4df5bb8783d4fe79968397750aed0ecc48a92403c035d1e810b811
447d0e6442326704c5a6ce35b6c1d9101abe42269014b8a5e600c13bdb6b3254,train/images/DJI_20250516071323_0341_D_frame_00040_jpg.rf.5857d0d5d3ad2d30d1731bb506fe6cec.jpg,train/labels/DJI_20250516071323_0341_D_frame_00040_jpg.rf.5857d0d5d3ad2d30d1731bb506fe6cec.txt,DJI_20250516071323_0341_D,40,20.0,train,labeled,79,1:16;2:13;3:48;4:2,bbox:6;polygon:73,447d0e6442326704c5a6ce35b6c1d9101abe42269014b8a5e600c13bdb6b3254
777796de37b697f58f769499347c67825acd5bd650cb732fc5dac116d7decc4c,train/images/DJI_20250516071323_0341_D_frame_00041_jpg.rf.2b35c545139599c65dfc6e2ac81b8fab.jpg,train/labels/DJI_20250516071323_0341_D_frame_00041_jpg.rf.2b35c545139599c65dfc6e2ac81b8fab.txt,DJI_20250516071323_0341_D,41,20.5,train,labeled,78,1:16;2:12;3:49;4:1,bbox:4;polygon:74,777796de37b697f58f769499347c67825acd5bd650cb732fc5dac116d7decc4c
547cd252536959db72b016860dfcf2c1ae342bb6692e0d9b468563743a5a26ca,train/images/DJI_20250516071323_0341_D_frame_00043_jpg.rf.074ca790bb7723935018a42524ea2a89.jpg,train/labels/DJI_20250516071323_0341_D_frame_00043_jpg.rf.074ca790bb7723935018a42524ea2a89.txt,DJI_20250516071323_0341_D,43,21.5,train,labeled,76,1:18;2:7;3:49;4:2,bbox:6;polygon:70,547cd252536959db72b016860dfcf2c1ae342bb6692e0d9b468563743a5a26ca
3305ff2d2c06945627148ade05e566ea69ab0137605e5c6fda652b158bbbdd98,train/images/DJI_20250516071323_0341_D_frame_00044_jpg.rf.cde7acba109a9bd51119bc5ab0e7d2bf.jpg,train/labels/DJI_20250516071323_0341_D_frame_00044_jpg.rf.cde7acba109a9bd51119bc5ab0e7d2bf.txt,DJI_20250516071323_0341_D,44,22.0,train,labeled,70,1:14;2:6;3:47;4:3,bbox:3;polygon:67,3305ff2d2c06945627148ade05e566ea69ab0137605e5c6fda652b158bbbdd98
d9865f4c87e8e1032d18110c51eb34b7d39b31b32ba330a915b19ac7d9f579ed,train/images/DJI_20250516071323_0341_D_frame_00045_jpg.rf.009e4ecb739f89628ad9b0661226d66e.jpg,train/labels/DJI_20250516071323_0341_D_frame_00045_jpg.rf.009e4ecb739f89628ad9b0661226d66e.txt,DJI_20250516071323_0341_D,45,22.5,train,labeled,72,1:14;2:5;3:49;4:4,bbox:9;polygon:63,d9865f4c87e8e1032d18110c51eb34b7d39b31b32ba330a915b19ac7d9f579ed
946a1bb92798d93569c46f2eaaa3cbbaa696f54a3bb655827a1d2d2e1cf8caa6,train/images/DJI_20250516071323_0341_D_frame_00046_jpg.rf.8ac7d9fadcaac65b0e37f0a116702f1b.jpg,train/labels/DJI_20250516071323_0341_D_frame_00046_jpg.rf.8ac7d9fadcaac65b0e37f0a116702f1b.txt,DJI_20250516071323_0341_D,46,23.0,train,labeled,73,1:18;2:7;3:46;4:2,bbox:5;polygon:68,946a1bb92798d93569c46f2eaaa3cbbaa696f54a3bb655827a1d2d2e1cf8caa6
a42df7e9b4212a8e3e49bf188afad589c88de71e9f47c6c15b78a7efdeb8aceb,train/images/DJI_20250516071323_0341_D_frame_00047_jpg.rf.932d32104b2b0dfd04cbe6fa5f967f3e.jpg,train/labels/DJI_20250516071323_0341_D_frame_00047_jpg.rf.932d32104b2b0dfd04cbe6fa5f967f3e.txt,DJI_20250516071323_0341_D,47,23.5,train,labeled,72,1:15;2:8;3:47;4:2,bbox:6;polygon:66,a42df7e9b4212a8e3e49bf188afad589c88de71e9f47c6c15b78a7efdeb8aceb
8dfda76eb490c2266f13039a8a6d50e8eda29e533dc06055d1fa5bc19ba0bfad,train/images/DJI_20250516071323_0341_D_frame_00049_jpg.rf.991269e8ff60c17b760b0904711056b6.jpg,train/labels/DJI_20250516071323_0341_D_frame_00049_jpg.rf.991269e8ff60c17b760b0904711056b6.txt,DJI_20250516071323_0341_D,49,24.5,train,labeled,69,1:13;2:5;3:49;4:2,bbox:5;polygon:64,8dfda76eb490c2266f13039a8a6d50e8eda29e533dc06055d1fa5bc19ba0bfad
0b5b985ff266201e90de8b456a2e9e2535a90705080171bf450ad31444dc26ba,train/images/DJI_20250516071323_0341_D_frame_00050_jpg.rf.361c1e3073529b427e237110dd9e6e27.jpg,train/labels/DJI_20250516071323_0341_D_frame_00050_jpg.rf.361c1e3073529b427e237110dd9e6e27.txt,DJI_20250516071323_0341_D,50,25.0,train,labeled,67,1:8;2:9;3:49;4:1,bbox:6;polygon:61,0b5b985ff266201e90de8b456a2e9e2535a90705080171bf450ad31444dc26ba
a7b8aeb62b456f96639b4610b68331cf5c7a5e14d92a62883a8603334fe19ece,train/images/DJI_20250516071323_0341_D_frame_00052_jpg.rf.4b81b6a9a196c40378da893dcf83d21c.jpg,train/labels/DJI_20250516071323_0341_D_frame_00052_jpg.rf.4b81b6a9a196c40378da893dcf83d21c.txt,DJI_20250516071323_0341_D,52,26.0,train,labeled,67,1:7;2:6;3:51;4:3,bbox:6;polygon:61,a7b8aeb62b456f96639b4610b68331cf5c7a5e14d92a62883a8603334fe19ece
4d38cfa3301934b6079f380b74c8afd8f72115291cfad7e2b5b09db9b2a4c752,train/images/DJI_20250516071323_0341_D_frame_00053_jpg.rf.d1b8c32a7875a58e01a34a5e59e9a771.jpg,train/labels/DJI_20250516071323_0341_D_frame_00053_jpg.rf.d1b8c32a7875a58e01a34a5e59e9a771.txt,DJI_20250516071323_0341_D,53,26.5,train,labeled,66,1:7;2:6;3:49;4:4,bbox:7;polygon:59,4d38cfa3301934b6079f380b74c8afd8f72115291cfad7e2b5b09db9b2a4c752
8fd17a47b1e0188873b0286cd94377de877269f18ae2c101b301a1ed8aad10c5,train/images/DJI_20250516071323_0341_D_frame_00055_jpg.rf.7f84b3f9a029066dc130dbd397c81089.jpg,train/labels/DJI_20250516071323_0341_D_frame_00055_jpg.rf.7f84b3f9a029066dc130dbd397c81089.txt,DJI_20250516071323_0341_D,55,27.5,train,labeled,65,1:7;2:7;3:50;4:1,bbox:3;polygon:62,8fd17a47b1e0188873b0286cd94377de877269f18ae2c101b301a1ed8aad10c5
4e153248a6f46f2ae2110eecd506f38e47af8a4cf18a17f8225c2c60cc9f8eb0,train/images/frame_0014_jpg.rf.5542cc4a22b506ee419590681f327d7f.jpg,train/labels/frame_0014_jpg.rf.5542cc4a22b506ee419590681f327d7f.txt,unknown,,,train,labeled,113,0:2;1:28;2:48;4:35,bbox:11;polygon:102,4e153248a6f46f2ae2110eecd506f38e47af8a4cf18a17f8225c2c60cc9f8eb0
74d72bcbed5070ac2e4bbc098dc68ccf23ee0f8b421b2c8f1d705c9953eda9c5,train/images/frame_0022_jpg.rf.ef0f42fe88309b8ce21f8a2c99880ee0.jpg,train/labels/frame_0022_jpg.rf.ef0f42fe88309b8ce21f8a2c99880ee0.txt,unknown,,,train,labeled,117,0:2;1:29;2:46;4:40,bbox:10;polygon:107,74d72bcbed5070ac2e4bbc098dc68ccf23ee0f8b421b2c8f1d705c9953eda9c5
9575afb0e4bf752d0e0b2a7265981c1e02a832cd238155fbe14473e46edb8f85,train/images/frame_0047_jpg.rf.85b4485e42092a473073b20a670850a7.jpg,train/labels/frame_0047_jpg.rf.85b4485e42092a473073b20a670850a7.txt,unknown,,,train,labeled,93,1:26;2:21;4:46,bbox:12;polygon:81,9575afb0e4bf752d0e0b2a7265981c1e02a832cd238155fbe14473e46edb8f85
67c8d1affc4bbeef379feab24380272b67058177d8f46f412d52d5f811373bc8,train/images/frame_0049_jpg.rf.74ef8f888586ae3abf5740f8165a8699.jpg,train/labels/frame_0049_jpg.rf.74ef8f888586ae3abf5740f8165a8699.txt,unknown,,,train,labeled,76,1:20;2:13;4:43,bbox:3;polygon:73,67c8d1affc4bbeef379feab24380272b67058177d8f46f412d52d5f811373bc8
a66840b162532cc96888743f09fe711d478a9466fdbffe48bb370ca0215b5e46,train/images/traffic_jam_frame_00000_jpg.rf.49f3d2ba8742b6d7b387743978cab5b3.jpg,train/labels/traffic_jam_frame_00000_jpg.rf.49f3d2ba8742b6d7b387743978cab5b3.txt,traffic_jam,0,0.0,train,labeled,135,0:12;1:74;2:47;4:2,bbox:4;polygon:131,a66840b162532cc96888743f09fe711d478a9466fdbffe48bb370ca0215b5e46
f0554f22044784d53f9fc3180a77a4181a70855d7f0211e43a093751ffde42f0,train/images/traffic_jam_frame_00001_jpg.rf.aa2df209e0c28987aa4651aeb4f6fc0b.jpg,train/labels/traffic_jam_frame_00001_jpg.rf.aa2df209e0c28987aa4651aeb4f6fc0b.txt,traffic_jam,1,0.5,train,labeled,124,0:10;1:68;2:45;4:1,bbox:11;polygon:113,f0554f22044784d53f9fc3180a77a4181a70855d7f0211e43a093751ffde42f0
2e266d92fa99e8a5196d151bc97bc99dea3c60d1abdee95e5e5881700566b0fe,train/images/traffic_jam_frame_00001_jpg.rf.fd6b6cfa13d76aa7180e41c1ca4c04ad.jpg,train/labels/traffic_jam_frame_00001_jpg.rf.fd6b6cfa13d76aa7180e41c1ca4c04ad.txt,traffic_jam,1,0.5,train,labeled,137,0:10;1:78;2:46;3:1;4:2,bbox:10;polygon:127,2e266d92fa99e8a5196d151bc97bc99dea3c60d1abdee95e5e5881700566b0fe
6b824e0a70269dee589c3ade9fcaee5eff4422e0940768febd44d5ce1faf5b98,train/images/traffic_jam_frame_00002_jpg.rf.380979ec3cd6aaa138a34bcf9ae55ad6.jpg,train/labels/traffic_jam_frame_00002_jpg.rf.380979ec3cd6aaa138a34bcf9ae55ad6.txt,traffic_jam,2,1.0,train,labeled,132,0:10;1:75;2:45;4:2,bbox:11;polygon:121,6b824e0a70269dee589c3ade9fcaee5eff4422e0940768febd44d5ce1faf5b98
bbeb48b75eec0fb3ba7edc2c752bd5fe0a7f154a5276d7f70ab4c3162c40d09c,train/images/traffic_jam_frame_00002_jpg.rf.541199ed020ff6bc4e2f23abbb4240ac.jpg,train/labels/traffic_jam_frame_00002_jpg.rf.541199ed020ff6bc4e2f23abbb4240ac.txt,traffic_jam,2,1.0,train,labeled,122,0:11;1:65;2:43;4:3,bbox:9;polygon:113,bbeb48b75eec0fb3ba7edc2c752bd5fe0a7f154a5276d7f70ab4c3162c40d09c
cc63476b11fa5d442843e4c92bcfd62546c93901e87f4c4216a013e2e233b2ca,train/images/traffic_jam_frame_00003_jpg.rf.201e2ef1404aafa2c79b4367dae89aba.jpg,train/labels/traffic_jam_frame_00003_jpg.rf.201e2ef1404aafa2c79b4367dae89aba.txt,traffic_jam,3,1.5,train,labeled,127,0:11;1:71;2:44;4:1,bbox:7;polygon:120,cc63476b11fa5d442843e4c92bcfd62546c93901e87f4c4216a013e2e233b2ca
89a66624e7b6295fa8103f47641a174d19742b080e62651b6126ebba31c07f76,train/images/traffic_jam_frame_00003_jpg.rf.85e6957c66531c997c88529e0b99d458.jpg,train/labels/traffic_jam_frame_00003_jpg.rf.85e6957c66531c997c88529e0b99d458.txt,traffic_jam,3,1.5,train,labeled,130,0:11;1:73;2:44;4:2,bbox:12;polygon:118,89a66624e7b6295fa8103f47641a174d19742b080e62651b6126ebba31c07f76
bcb514ea39c92014987aa8c5c39c2dcbe09b606c78a7a000397a09e93c426438,train/images/traffic_jam_frame_00004_jpg.rf.016b317ef8a87958f0e80d4bf27243f0.jpg,train/labels/traffic_jam_frame_00004_jpg.rf.016b317ef8a87958f0e80d4bf27243f0.txt,traffic_jam,4,2.0,train,labeled,107,0:10;1:64;2:31;4:2,bbox:4;polygon:103,bcb514ea39c92014987aa8c5c39c2dcbe09b606c78a7a000397a09e93c426438
39da05e07b6d928753244e8803ce29c99d7d08836195a2263f52cc579c2b1011,train/images/traffic_jam_frame_00004_jpg.rf.af19271f1db6561e3932162dd78eb8a0.jpg,train/labels/traffic_jam_frame_00004_jpg.rf.af19271f1db6561e3932162dd78eb8a0.txt,traffic_jam,4,2.0,train,labeled,127,0:11;1:71;2:43;3:1;4:1,bbox:10;polygon:117,39da05e07b6d928753244e8803ce29c99d7d08836195a2263f52cc579c2b1011
68704b93726305b398f1d8188a72d31f36a38f1b2ae29244bedcb9cace64b986,train/images/traffic_jam_frame_00005_jpg.rf.29bde0be96b49d2e94e5b78e07bb6438.jpg,train/labels/traffic_jam_frame_00005_jpg.rf.29bde0be96b49d2e94e5b78e07bb6438.txt,traffic_jam,5,2.5,train,labeled,118,0:10;1:71;2:35;4:2,bbox:6;polygon:112,68704b93726305b398f1d8188a72d31f36a38f1b2ae29244bedcb9cace64b986
05334364fced3729f85789df88abbca01396cccfb8a244553e6951830d11e92b,train/images/traffic_jam_frame_00005_jpg.rf.d6dfb8efac0b3306fa60efc7d8eaadff.jpg,train/labels/traffic_jam_frame_00005_jpg.rf.d6dfb8efac0b3306fa60efc7d8eaadff.txt,traffic_jam,5,2.5,train,labeled,125,0:11;1:68;2:44;4:2,bbox:14;polygon:111,05334364fced3729f85789df88abbca01396cccfb8a244553e6951830d11e92b
dd3bb87453688c5e5eccd4aefc49c5d847ca944adb4413ee878ea9e2c203c1e8,train/images/traffic_jam_frame_00006_jpg.rf.0ca9d8c442207acb033bea0125317f58.jpg,train/labels/traffic_jam_frame_00006_jpg.rf.0ca9d8c442207acb033bea0125317f58.txt,traffic_jam,6,3.0,train,labeled,126,0:12;1:75;2:36;4:3,bbox:9;polygon:117,dd3bb87453688c5e5eccd4aefc49c5d847ca944adb4413ee878ea9e2c203c1e8
3daceb04a95875ec1ccf027c782c67091ac2099ef731873fc5e77a46eb3e2e2c,train/images/traffic_jam_frame_00007_jpg.rf.1f2027adf9efcff4e64a351acb80b369.jpg,train/labels/traffic_jam_frame_00007_jpg.rf.1f2027adf9efcff4e64a351acb80b369.txt,traffic_jam,7,3.5,train,labeled,121,0:11;1:69;2:39;4:2,bbox:8;polygon:113,3daceb04a95875ec1ccf027c782c67091ac2099ef731873fc5e77a46eb3e2e2c
07620b8475b27a207442a487e2201ce0aaa3ab199ba15d3ea236103fb53d1fa8,train/images/traffic_jam_frame_00007_jpg.rf.c8793191ba853bf1afa8e6d0a9bcafbb.jpg,train/labels/traffic_jam_frame_00007_jpg.rf.c8793191ba853bf1afa8e6d0a9bcafbb.txt,traffic_jam,7,3.5,train,labeled,115,0:9;1:67;2:36;4:3,bbox:4;polygon:111,07620b8475b27a207442a487e2201ce0aaa3ab199ba15d3ea236103fb53d1fa8
8930874ddd36af58f832104a0a13189f618b432a8e979f9c241443772fa8a8ad,train/images/traffic_jam_frame_00008_jpg.rf.df51fb20bb0c0ea86da1d1bc1886add4.jpg,train/labels/traffic_jam_frame_00008_jpg.rf.df51fb20bb0c0ea86da1d1bc1886add4.txt,traffic_jam,8,4.0,train,labeled,125,0:11;1:69;2:43;4:2,bbox:5;polygon:120,8930874ddd36af58f832104a0a13189f618b432a8e979f9c241443772fa8a8ad
fa068113f13fdd51ba4c1874e2673041827f620f5cb350b80c5054d4e19c3c11,train/images/traffic_jam_frame_00009_jpg.rf.7f91684df81f9baec9f973869aeae38f.jpg,train/labels/traffic_jam_frame_00009_jpg.rf.7f91684df81f9baec9f973869aeae38f.txt,traffic_jam,9,4.5,train,labeled,124,0:12;1:69;2:42;4:1,bbox:4;polygon:120,fa068113f13fdd51ba4c1874e2673041827f620f5cb350b80c5054d4e19c3c11
35b870ca5d98039012f0ea1dce44344a34870f01eff71ca28ded651ba094eeda,train/images/traffic_jam_frame_00010_jpg.rf.a883e7e2023b0fb3e2ba71acb8641a10.jpg,train/labels/traffic_jam_frame_00010_jpg.rf.a883e7e2023b0fb3e2ba71acb8641a10.txt,traffic_jam,10,5.0,train,labeled,115,0:11;1:68;2:35;4:1,bbox:5;polygon:110,35b870ca5d98039012f0ea1dce44344a34870f01eff71ca28ded651ba094eeda
60a0b262cc7cc6e612c78bebe5eae3d80c338c528c8dc86e2539b302a928984a,train/images/traffic_jam_frame_00011_jpg.rf.dc4494f0d1be7fad8f51f88fbb5490ff.jpg,train/labels/traffic_jam_frame_00011_jpg.rf.dc4494f0d1be7fad8f51f88fbb5490ff.txt,traffic_jam,11,5.5,train,labeled,113,0:10;1:67;2:35;4:1,bbox:12;polygon:101,60a0b262cc7cc6e612c78bebe5eae3d80c338c528c8dc86e2539b302a928984a
3292b95b6ad085c58e3b7d91f207e8d6f207bc08d8e86e72ebaffb1fdc7dcfc7,train/images/traffic_jam_frame_00015_jpg.rf.f7528ffd0631faf6be8dd88e31bbe213.jpg,train/labels/traffic_jam_frame_00015_jpg.rf.f7528ffd0631faf6be8dd88e31bbe213.txt,traffic_jam,15,7.5,train,labeled,120,0:10;1:72;2:36;4:2,bbox:5;polygon:115,3292b95b6ad085c58e3b7d91f207e8d6f207bc08d8e86e72ebaffb1fdc7dcfc7
8c126ba98dad2424de56b322cc53be193f08d00e17dbda576b04d9e8929149d2,train/images/traffic_jam_frame_00016_jpg.rf.2f9e11fc500ec9a60c6fca2be73b8d54.jpg,train/labels/traffic_jam_frame_00016_jpg.rf.2f9e11fc500ec9a60c6fca2be73b8d54.txt,traffic_jam,16,8.0,train,labeled,115,0:9;1:68;2:36;4:2,bbox:7;polygon:108,8c126ba98dad2424de56b322cc53be193f08d00e17dbda576b04d9e8929149d2
9a9164cbc367f9b1877b70218eb5bd4fd5dfdd24734f044218503ed1b171b357,train/images/traffic_jam_frame_00018_jpg.rf.3e3f22dae01e64667c6db44cadbe4031.jpg,train/labels/traffic_jam_frame_00018_jpg.rf.3e3f22dae01e64667c6db44cadbe4031.txt,traffic_jam,18,9.0,train,labeled,121,0:9;1:70;2:39;4:3,bbox:8;polygon:113,9a9164cbc367f9b1877b70218eb5bd4fd5dfdd24734f044218503ed1b171b357
7a946bcd62e866575a13108e7e3db40f053596bc06daf7d3781554c72d2bbe1a,train/images/traffic_jam_frame_00019_jpg.rf.2ec444fb21a6e68b5c400abff1ad3398.jpg,train/labels/traffic_jam_frame_00019_jpg.rf.2ec444fb21a6e68b5c400abff1ad3398.txt,traffic_jam,19,9.5,train,labeled,128,0:12;1:73;2:40;4:3,bbox:6;polygon:122,7a946bcd62e866575a13108e7e3db40f053596bc06daf7d3781554c72d2bbe1a
b82c6f55323bedb068cc9a97e3ca2cf342133e1350446c8c3c86522be11bf04b,train/images/traffic_jam_frame_00022_jpg.rf.699a42809ba50d2af94677e52263cd94.jpg,train/labels/traffic_jam_frame_00022_jpg.rf.699a42809ba50d2af94677e52263cd94.txt,traffic_jam,22,11.0,train,labeled,109,0:9;1:68;2:29;4:3,bbox:3;polygon:106,b82c6f55323bedb068cc9a97e3ca2cf342133e1350446c8c3c86522be11bf04b
ed9a9d8d4b1362ed31e9e343df9caac2391948652ebf0114296ad93bbe285f93,train/images/traffic_jam_frame_00023_jpg.rf.a812c46df79bb60aada8c74907bae0fd.jpg,train/labels/traffic_jam_frame_00023_jpg.rf.a812c46df79bb60aada8c74907bae0fd.txt,traffic_jam,23,11.5,train,labeled,113,0:9;1:73;2:29;4:2,bbox:8;polygon:105,ed9a9d8d4b1362ed31e9e343df9caac2391948652ebf0114296ad93bbe285f93
4cc42c561638d245a6fff79a3db4da67c238d0fe5d661864c52e0c34d62dc69a,train/images/traffic_normal_frame_00000_jpg.rf.5668dcae6a7097dba6c0b094055146b1.jpg,train/labels/traffic_normal_frame_00000_jpg.rf.5668dcae6a7097dba6c0b094055146b1.txt,traffic_normal,0,0.0,train,labeled,91,0:2;1:23;2:37;4:29,bbox:12;polygon:79,4cc42c561638d245a6fff79a3db4da67c238d0fe5d661864c52e0c34d62dc69a
38bdd3406e1daf22ffa9c6f4a9946196ed46157812e09d674ab76b83dc5eb7b5,train/images/traffic_normal_frame_00001_jpg.rf.af8a009a5d5a4217695538df1631b89a.jpg,train/labels/traffic_normal_frame_00001_jpg.rf.af8a009a5d5a4217695538df1631b89a.txt,traffic_normal,1,0.5,train,labeled,110,1:26;2:49;4:35,bbox:15;polygon:95,38bdd3406e1daf22ffa9c6f4a9946196ed46157812e09d674ab76b83dc5eb7b5
2bc683708f4497a36880a700d9273f995af36819d166d63d5c8da87e62d4b630,train/images/traffic_normal_frame_00002_jpg.rf.5879f4155f53ca8508a04ab9d3c366e9.jpg,train/labels/traffic_normal_frame_00002_jpg.rf.5879f4155f53ca8508a04ab9d3c366e9.txt,traffic_normal,2,1.0,train,labeled,110,1:30;2:48;4:32,bbox:17;polygon:93,2bc683708f4497a36880a700d9273f995af36819d166d63d5c8da87e62d4b630
f58586f70db60b40a85c4ab51578315b9e5b3cf26cefeebf460bd7a72837d6db,train/images/traffic_normal_frame_00003_jpg.rf.5441e4e082dd5b9e46a072e8ecb7f301.jpg,train/labels/traffic_normal_frame_00003_jpg.rf.5441e4e082dd5b9e46a072e8ecb7f301.txt,traffic_normal,3,1.5,train,labeled,116,1:27;2:50;4:39,bbox:15;polygon:101,f58586f70db60b40a85c4ab51578315b9e5b3cf26cefeebf460bd7a72837d6db
60f378e9115085319caf2c31809e658429a3ae859f8bda5d7e42bce0b1d6d767,train/images/traffic_normal_frame_00004_jpg.rf.dde651f7ff944a094c4385c090f06c73.jpg,train/labels/traffic_normal_frame_00004_jpg.rf.dde651f7ff944a094c4385c090f06c73.txt,traffic_normal,4,2.0,train,labeled,105,0:2;1:24;2:44;4:35,bbox:16;polygon:89,60f378e9115085319caf2c31809e658429a3ae859f8bda5d7e42bce0b1d6d767
e458a30c3b94197d471fec758b5b588f96b08f0351c85261f40e5008b3207096,train/images/traffic_normal_frame_00005_jpg.rf.c955f86a515221d6197e13094d0f3529.jpg,train/labels/traffic_normal_frame_00005_jpg.rf.c955f86a515221d6197e13094d0f3529.txt,traffic_normal,5,2.5,train,labeled,106,0:5;1:26;2:42;4:33,bbox:11;polygon:95,e458a30c3b94197d471fec758b5b588f96b08f0351c85261f40e5008b3207096
6394d04da454f9e6c3e30d3ed72b10ccd928cece79b227f50f8ee8d769a709f5,train/images/traffic_normal_frame_00008_jpg.rf.f46892f79b6177aead4a42f28cc5ce7e.jpg,train/labels/traffic_normal_frame_00008_jpg.rf.f46892f79b6177aead4a42f28cc5ce7e.txt,traffic_normal,8,4.0,train,labeled,124,0:3;1:28;2:56;4:37,bbox:19;polygon:105,6394d04da454f9e6c3e30d3ed72b10ccd928cece79b227f50f8ee8d769a709f5
dfb2ede1c5585960782c205a2ae59b82da7dc901fa0a2781e285644600ab55c6,train/images/traffic_normal_frame_00011_jpg.rf.3878e135d4e6c89baf0711af8a35b02b.jpg,train/labels/traffic_normal_frame_00011_jpg.rf.3878e135d4e6c89baf0711af8a35b02b.txt,traffic_normal,11,5.5,train,labeled,108,0:2;1:24;2:44;4:38,bbox:19;polygon:89,dfb2ede1c5585960782c205a2ae59b82da7dc901fa0a2781e285644600ab55c6
13e174d00bbc11ef94ceb77d1b9385aa389a662fc9efa2ec7d7c736373522f71,train/images/traffic_normal_frame_00011_jpg.rf.f04c3842862a485648ef520a08ab2d98.jpg,train/labels/traffic_normal_frame_00011_jpg.rf.f04c3842862a485648ef520a08ab2d98.txt,traffic_normal,11,5.5,train,labeled,78,1:24;2:18;4:36,bbox:11;polygon:67,13e174d00bbc11ef94ceb77d1b9385aa389a662fc9efa2ec7d7c736373522f71
af9f79cd9185da87ee39eea009f3c59b197754fa14e388528a633009ac7451b5,train/images/traffic_normal_frame_00014_jpg.rf.d7ad19c025ce18c95b399dc40f13194d.jpg,train/labels/traffic_normal_frame_00014_jpg.rf.d7ad19c025ce18c95b399dc40f13194d.txt,traffic_normal,14,7.0,train,labeled,119,1:31;2:51;4:37,bbox:17;polygon:102,af9f79cd9185da87ee39eea009f3c59b197754fa14e388528a633009ac7451b5
ea9e2081eea6829bb960b5f045ccd1fa5456d74d43286ca09f5bf9c0a4811602,train/images/traffic_normal_frame_00017_jpg.rf.a14342c10ab67f8c7fd90fa35517d68c.jpg,train/labels/traffic_normal_frame_00017_jpg.rf.a14342c10ab67f8c7fd90fa35517d68c.txt,traffic_normal,17,8.5,train,labeled,126,0:2;1:31;2:50;4:43,bbox:20;polygon:106,ea9e2081eea6829bb960b5f045ccd1fa5456d74d43286ca09f5bf9c0a4811602
2177707d1b9c3dc2d714d60229fe12916cf24b3d704d05961069fe108b34aa85,train/images/traffic_normal_frame_00019_jpg.rf.cd067574f024af1345809a1c214122d0.jpg,train/labels/traffic_normal_frame_00019_jpg.rf.cd067574f024af1345809a1c214122d0.txt,traffic_normal,19,9.5,train,labeled,125,0:5;1:34;2:45;4:41,bbox:14;polygon:111,2177707d1b9c3dc2d714d60229fe12916cf24b3d704d05961069fe108b34aa85
88f76680bcb9037ee991e2a8e3e871c5faa084d467d2b45683562b2213862a11,train/images/traffic_normal_frame_00020_jpg.rf.3f80d6e14e50ce50e96785549a66f4ef.jpg,train/labels/traffic_normal_frame_00020_jpg.rf.3f80d6e14e50ce50e96785549a66f4ef.txt,traffic_normal,20,10.0,train,labeled,124,1:30;2:49;4:45,bbox:24;polygon:100,88f76680bcb9037ee991e2a8e3e871c5faa084d467d2b45683562b2213862a11
ed0ab8c3f8b41e6fcbfbc1c2bcad4705f843a61bd5de5c31425de94baf4abd7f,train/images/traffic_normal_frame_00022_jpg.rf.68c7df00e85110328a7168a7bc21198a.jpg,train/labels/traffic_normal_frame_00022_jpg.rf.68c7df00e85110328a7168a7bc21198a.txt,traffic_normal,22,11.0,train,labeled,115,1:32;2:37;4:46,bbox:13;polygon:102,ed0ab8c3f8b41e6fcbfbc1c2bcad4705f843a61bd5de5c31425de94baf4abd7f
5edb4f660c2bab4d907c97f6cad3d531d5b1c86b85086bd9cd7e6a99b388aef0,train/images/traffic_normal_frame_00025_jpg.rf.e1ff45211d4b60989a9f438a74891861.jpg,train/labels/traffic_normal_frame_00025_jpg.rf.e1ff45211d4b60989a9f438a74891861.txt,traffic_normal,25,12.5,train,labeled,109,1:28;2:36;4:45,bbox:22;polygon:87,5edb4f660c2bab4d907c97f6cad3d531d5b1c86b85086bd9cd7e6a99b388aef0
121abb72b2bcc160eec49227adc343e8e5b1105a39b2a2b2b0ac440f278a1bb0,train/images/traffic_normal_frame_00026_jpg.rf.ead8d9be1c239c185db2018338cd9bfb.jpg,train/labels/traffic_normal_frame_00026_jpg.rf.ead8d9be1c239c185db2018338cd9bfb.txt,traffic_normal,26,13.0,train,labeled,61,0:1;1:15;2:6;4:39,bbox:7;polygon:54,121abb72b2bcc160eec49227adc343e8e5b1105a39b2a2b2b0ac440f278a1bb0
519efc60da47feccfe942948585c713b159db30ac88d3e14ce3a4152c25923a4,train/images/traffic_normal_frame_00026_jpg.rf.ee3b1baed705a243dd933c4c3a5a6039.jpg,train/labels/traffic_normal_frame_00026_jpg.rf.ee3b1baed705a243dd933c4c3a5a6039.txt,traffic_normal,26,13.0,train,labeled,114,1:27;2:36;4:51,bbox:17;polygon:97,519efc60da47feccfe942948585c713b159db30ac88d3e14ce3a4152c25923a4
a387cb4a1595ab45b86ba30b85df8f37af67c45f5babaa5cb777c5c7767f54c5,train/images/traffic_normal_frame_00029_jpg.rf.309dc5c7b3fea4370c58e7cf762189fb.jpg,train/labels/traffic_normal_frame_00029_jpg.rf.309dc5c7b3fea4370c58e7cf762189fb.txt,traffic_normal,29,14.5,train,labeled,99,1:23;2:30;3:1;4:45,bbox:15;polygon:84,a387cb4a1595ab45b86ba30b85df8f37af67c45f5babaa5cb777c5c7767f54c5
ada5b1e820d8e875041dae8e0879cc80737eb18455188bb0677cc95f93626bd8,train/images/traffic_normal_frame_00032_jpg.rf.4f0d3358d58a379cc8372c84a40519f4.jpg,train/labels/traffic_normal_frame_00032_jpg.rf.4f0d3358d58a379cc8372c84a40519f4.txt,traffic_normal,32,16.0,train,labeled,95,1:29;2:24;4:42,bbox:14;polygon:81,ada5b1e820d8e875041dae8e0879cc80737eb18455188bb0677cc95f93626bd8
3f54965288da63793d637698c768fce9bd1d9ada133c7d3b417be4c2057a3df8,train/images/traffic_normal_frame_00037_jpg.rf.c21ab3ba8fa131dae379b1daa91e34ca.jpg,train/labels/traffic_normal_frame_00037_jpg.rf.c21ab3ba8fa131dae379b1daa91e34ca.txt,traffic_normal,37,18.5,train,labeled,69,1:21;2:9;4:39,bbox:7;polygon:62,3f54965288da63793d637698c768fce9bd1d9ada133c7d3b417be4c2057a3df8
14b368e303e61039b6c512ed90ba230f8c487f65e215e8b1df9a289c8e2e514d,train/images/traffic_normal_frame_00038_jpg.rf.451d320e134bbf5560bad004a56175c3.jpg,train/labels/traffic_normal_frame_00038_jpg.rf.451d320e134bbf5560bad004a56175c3.txt,traffic_normal,38,19.0,train,labeled,64,0:1;1:21;2:6;4:36,bbox:9;polygon:55,14b368e303e61039b6c512ed90ba230f8c487f65e215e8b1df9a289c8e2e514d
14fe4a5df97e4617c093bfc10a0f5a2997e09360f5a910ba062859a083a2a166,train/images/traffic_normal_frame_00040_jpg.rf.6852ebc6769dff840c67431901fc1f8d.jpg,train/labels/traffic_normal_frame_00040_jpg.rf.6852ebc6769dff840c67431901fc1f8d.txt,traffic_normal,40,20.0,train,labeled,61,0:1;1:19;2:5;4:36,bbox:11;polygon:50,14fe4a5df97e4617c093bfc10a0f5a2997e09360f5a910ba062859a083a2a166
c5c411510d3a8406ae620546c14805ed9148998b08934a15e77cf762cb3d3cf5,train/images/traffic_normal_frame_00041_jpg.rf.ccd5699ff0464aa076c2091a60faa823.jpg,train/labels/traffic_normal_frame_00041_jpg.rf.ccd5699ff0464aa076c2091a60faa823.txt,traffic_normal,41,20.5,train,labeled,64,1:21;2:7;4:36,bbox:8;polygon:56,c5c411510d3a8406ae620546c14805ed9148998b08934a15e77cf762cb3d3cf5
2e31cf1133a22b8c74586a0d39cbc8299c3d8430c8e707b44f89aadb27948361,train/images/traffic_normal_frame_00044_jpg.rf.a324dd5cdd0b2acf926e2f5b8cf59deb.jpg,train/labels/traffic_normal_frame_00044_jpg.rf.a324dd5cdd0b2acf926e2f5b8cf59deb.txt,traffic_normal,44,22.0,train,labeled,60,0:1;1:17;2:4;3:1;4:37,bbox:9;polygon:51,2e31cf1133a22b8c74586a0d39cbc8299c3d8430c8e707b44f89aadb27948361
8ac289b4b5fc4e3b993375bd404174a5f55272cc8176435c483ebb68ac6d8491,train/images/traffic_normal_frame_00047_jpg.rf.6c298ba119f596dccb3b61196e606ac2.jpg,train/labels/traffic_normal_frame_00047_jpg.rf.6c298ba119f596dccb3b61196e606ac2.txt,traffic_normal,47,23.5,train,labeled,64,0:2;1:23;2:4;4:35,bbox:12;polygon:52,8ac289b4b5fc4e3b993375bd404174a5f55272cc8176435c483ebb68ac6d8491
93ce0f9b2c074c2843461b6c56a38c127bdf4f822e1bd9a32390422718f93c1c,train/images/traffic_normal_frame_00052_jpg.rf.c533e11536e68b407ec80af6ca2c7744.jpg,train/labels/traffic_normal_frame_00052_jpg.rf.c533e11536e68b407ec80af6ca2c7744.txt,traffic_normal,52,26.0,train,labeled,75,1:22;2:8;4:45,bbox:11;polygon:64,93ce0f9b2c074c2843461b6c56a38c127bdf4f822e1bd9a32390422718f93c1c
d6c724cdb0e018ffdd52d450244420e5765f91c207974cbbc3aa3a3e44fefde5,train/images/traffic_normal_frame_00053_jpg.rf.5eaf2058828ad5ba6701eff9126d786a.jpg,train/labels/traffic_normal_frame_00053_jpg.rf.5eaf2058828ad5ba6701eff9126d786a.txt,traffic_normal,53,26.5,train,labeled,70,0:1;1:21;2:8;4:40,bbox:11;polygon:59,d6c724cdb0e018ffdd52d450244420e5765f91c207974cbbc3aa3a3e44fefde5
73a83849403e7d2ae10403f75ee845aea907a4eabe0842e6701228b58a852a5b,train/images/traffic_normal_frame_00055_jpg.rf.fd8fefc585d979f11fd654b9dda56ad8.jpg,train/labels/traffic_normal_frame_00055_jpg.rf.fd8fefc585d979f11fd654b9dda56ad8.txt,traffic_normal,55,27.5,train,labeled,73,0:1;1:17;2:8;4:47,bbox:13;polygon:60,73a83849403e7d2ae10403f75ee845aea907a4eabe0842e6701228b58a852a5b
b934ebe740f6ec27c3473f664bccc58c5df91d0e467d884d2dc65fee6d8b414c,train/images/traffic_normal_frame_00059_jpg.rf.a4dfed8fa2a2973caf526779ec89b47f.jpg,train/labels/traffic_normal_frame_00059_jpg.rf.a4dfed8fa2a2973caf526779ec89b47f.txt,traffic_normal,59,29.5,train,labeled,79,1:25;2:9;4:45,bbox:14;polygon:65,b934ebe740f6ec27c3473f664bccc58c5df91d0e467d884d2dc65fee6d8b414c
7959599e22cf6c09fa76c91f377e5fe77be618290cc1b142ec862d805d57a3f0,train/images/traffic_normal_frame_00062_jpg.rf.a09dfd0843c4a07e3100b8a8f440c25a.jpg,train/labels/traffic_normal_frame_00062_jpg.rf.a09dfd0843c4a07e3100b8a8f440c25a.txt,traffic_normal,62,31.0,train,labeled,69,1:19;2:9;4:41,bbox:11;polygon:58,7959599e22cf6c09fa76c91f377e5fe77be618290cc1b142ec862d805d57a3f0
7113fb0b89c840a7f7022b944af84c79f4f41fd372f9ff080bbb48f51828bca4,train/images/traffic_normal_frame_00064_jpg.rf.72a324ec44f752cb0ad73a10e7802bed.jpg,train/labels/traffic_normal_frame_00064_jpg.rf.72a324ec44f752cb0ad73a10e7802bed.txt,traffic_normal,64,32.0,train,labeled,64,1:16;2:8;4:40,bbox:4;polygon:60,7113fb0b89c840a7f7022b944af84c79f4f41fd372f9ff080bbb48f51828bca4
d5c90f99685cfb75e457338d4bca948e4b959dcbcc4acaf933769c40d6bd5495,train/images/traffic_normal_frame_00065_jpg.rf.87f1e7ccf3b8da536de18895c7cdef08.jpg,train/labels/traffic_normal_frame_00065_jpg.rf.87f1e7ccf3b8da536de18895c7cdef08.txt,traffic_normal,65,32.5,train,labeled,67,0:5;1:14;2:7;4:41,bbox:7;polygon:60,d5c90f99685cfb75e457338d4bca948e4b959dcbcc4acaf933769c40d6bd5495
26bc13580a429a779a5191e60388cd557501a36276d328b023d1941fe6bae8a3,train/images/traffic_normal_frame_00068_jpg.rf.58eef3ab13b8775fb62a4ffcc186377a.jpg,train/labels/traffic_normal_frame_00068_jpg.rf.58eef3ab13b8775fb62a4ffcc186377a.txt,traffic_normal,68,34.0,train,labeled,57,1:12;2:4;4:41,bbox:7;polygon:50,26bc13580a429a779a5191e60388cd557501a36276d328b023d1941fe6bae8a3
b61b9d2a91da39ce731062f7b38b5c958248e38d60a70e932cfa9d1ebb2cc148,train/images/traffic_normal_frame_00071_jpg.rf.aa2d97568fa6c0d38d5ca44377752db0.jpg,train/labels/traffic_normal_frame_00071_jpg.rf.aa2d97568fa6c0d38d5ca44377752db0.txt,traffic_normal,71,35.5,train,labeled,58,1:19;2:3;4:36,bbox:11;polygon:47,b61b9d2a91da39ce731062f7b38b5c958248e38d60a70e932cfa9d1ebb2cc148
b6a1629965974f64cb3beeee4d849d9e7a8b56b8f06ccc35a146bbe9a8de044a,train/images/traffic_normal_frame_00073_jpg.rf.74c8ab772d679d78b6dd78b320d41c94.jpg,train/labels/traffic_normal_frame_00073_jpg.rf.74c8ab772d679d78b6dd78b320d41c94.txt,traffic_normal,73,36.5,train,labeled,57,1:18;2:2;4:37,bbox:6;polygon:51,b6a1629965974f64cb3beeee4d849d9e7a8b56b8f06ccc35a146bbe9a8de044a
4c0d251cabad8ac42f641ca9b843935296c8ad1d52f0f3a979506a8a2e41370a,train/images/traffic_normal_frame_00077_jpg.rf.be6c5b7a13448e624f337e1e24a9034c.jpg,train/labels/traffic_normal_frame_00077_jpg.rf.be6c5b7a13448e624f337e1e24a9034c.txt,traffic_normal,77,38.5,train,labeled,55,1:12;2:8;4:35,bbox:9;polygon:46,4c0d251cabad8ac42f641ca9b843935296c8ad1d52f0f3a979506a8a2e41370a
a4e1b8893d2ce6359e7656c84e27a796dcf6dd2f1196f15f57d18b3a2cdbaf60,train/images/traffic_normal_frame_00079_jpg.rf.7b68f63cb7a68f7c0948599819e0650b.jpg,train/labels/traffic_normal_frame_00079_jpg.rf.7b68f63cb7a68f7c0948599819e0650b.txt,traffic_normal,79,39.5,train,labeled,52,1:12;2:4;4:36,bbox:7;polygon:45,a4e1b8893d2ce6359e7656c84e27a796dcf6dd2f1196f15f57d18b3a2cdbaf60
97f8b2f8478c40fcd31cf59d6a046941ddf5539a88338bf4b5fcf6461825a730,train/images/traffic_normal_frame_00080_jpg.rf.d9a176d304defda6646ddc526eac16b2.jpg,train/labels/traffic_normal_frame_00080_jpg.rf.d9a176d304defda6646ddc526eac16b2.txt,traffic_normal,80,40.0,train,labeled,60,1:15;2:9;4:36,bbox:8;polygon:52,97f8b2f8478c40fcd31cf59d6a046941ddf5539a88338bf4b5fcf6461825a730
a9396ce2d9b0764a13a21c43e367727208c51822638b27e22bd3591f3d946c26,train/images/traffic_normal_frame_00082_jpg.rf.aa4153e3a79d28a09353ec7d61a400b5.jpg,train/labels/traffic_normal_frame_00082_jpg.rf.aa4153e3a79d28a09353ec7d61a400b5.txt,traffic_normal,82,41.0,train,labeled,50,1:15;2:2;4:33,bbox:4;polygon:46,a9396ce2d9b0764a13a21c43e367727208c51822638b27e22bd3591f3d946c26
1ffcd82a577b830702a1f4b26a8e953a3b2bb480eb4a95a3b345e5c1905b2cf4,train/images/vid3_frame_00000_jpg.rf.77406aa95b923670094a4a36a085fe75.jpg,train/labels/vid3_frame_00000_jpg.rf.77406aa95b923670094a4a36a085fe75.txt,vid3,0,0.0,train,labeled,41,0:19;1:10;2:9;3:3,bbox:8;polygon:33,1ffcd82a577b830702a1f4b26a8e953a3b2bb480eb4a95a3b345e5c1905b2cf4
e5e851d15daf789ebe02695b5e373991c56ffbba648ad6eaf6679a53c008734e,train/images/vid3_frame_00001_jpg.rf.fae671ae8f5af13bb58206674fe30b12.jpg,train/labels/vid3_frame_00001_jpg.rf.fae671ae8f5af13bb58206674fe30b12.txt,vid3,1,0.5,train,labeled,42,0:18;1:12;2:10;3:2,bbox:4;polygon:38,e5e851d15daf789ebe02695b5e373991c56ffbba648ad6eaf6679a53c008734e
72b77878a1beeef13341ddf44a51cb6dc59230a4aef10efb5bc9df965af873de,train/images/vid3_frame_00002_jpg.rf.a0ff343ebecf5b500beeab2991febd32.jpg,train/labels/vid3_frame_00002_jpg.rf.a0ff343ebecf5b500beeab2991febd32.txt,vid3,2,1.0,train,labeled,44,0:17;1:15;2:9;3:2;4:1,bbox:4;polygon:40,72b77878a1beeef13341ddf44a51cb6dc59230a4aef10efb5bc9df965af873de
56d1913ca1334f804df1e82263f9b30ccc2a94ca72f1b4fc38f75274de3b7ff1,train/images/vid3_frame_00003_jpg.rf.d4be89d02fb2e67dde52497611c00792.jpg,train/labels/vid3_frame_00003_jpg.rf.d4be89d02fb2e67dde52497611c00792.txt,vid3,3,1.5,train,labeled,52,0:18;1:14;2:18;3:2,bbox:2;polygon:50,56d1913ca1334f804df1e82263f9b30ccc2a94ca72f1b4fc38f75274de3b7ff1
fa2ac96ff08a193eeb1b43031113b124fb583d2ef3414499875f9d5eab3c949e,train/images/vid3_frame_00005_jpg.rf.38058f880ca8fc186fe9469113b617b1.jpg,train/labels/vid3_frame_00005_jpg.rf.38058f880ca8fc186fe9469113b617b1.txt,vid3,5,2.5,train,labeled,54,0:15;1:17;2:19;3:2;4:1,bbox:4;polygon:50,fa2ac96ff08a193eeb1b43031113b124fb583d2ef3414499875f9d5eab3c949e
350000062270c57753b6fbdc2e57c4d5cca9707cabda1d4d9b9eef4119a62f07,train/images/vid3_frame_00006_jpg.rf.3ec49757dd0ef9e60ab45ceba78d1f7d.jpg,train/labels/vid3_frame_00006_jpg.rf.3ec49757dd0ef9e60ab45ceba78d1f7d.txt,vid3,6,3.0,train,labeled,53,0:20;1:15;2:17;3:1,bbox:6;polygon:47,350000062270c57753b6fbdc2e57c4d5cca9707cabda1d4d9b9eef4119a62f07
737f7acbf02f61a02c734396902a53a7bb87727c1c6115df2a4ef08786f808b0,train/images/vid3_frame_00007_jpg.rf.560641848ae0f958f7bf1978638f4cea.jpg,train/labels/vid3_frame_00007_jpg.rf.560641848ae0f958f7bf1978638f4cea.txt,vid3,7,3.5,train,labeled,66,0:13;1:28;2:22;4:3,bbox:6;polygon:60,737f7acbf02f61a02c734396902a53a7bb87727c1c6115df2a4ef08786f808b0
0e938807cb96bc7db66ee7991b69e7658b2582b460f59d28365deefc3f14b13b,train/images/vid3_frame_00008_jpg.rf.08ca4ad32c85907a2c574e0c60d27816.jpg,train/labels/vid3_frame_00008_jpg.rf.08ca4ad32c85907a2c574e0c60d27816.txt,vid3,8,4.0,train,labeled,78,0:13;1:34;2:26;3:1;4:4,bbox:5;polygon:73,0e938807cb96bc7db66ee7991b69e7658b2582b460f59d28365deefc3f14b13b
bcf6098940e8a8615098098ace20af9faa3e3560287ecbd68417b76a18cced3a,train/images/vid3_frame_00008_jpg.rf.4a4af35f47f4f9afcbbbeb367ba488ab.jpg,train/labels/vid3_frame_00008_jpg.rf.4a4af35f47f4f9afcbbbeb367ba488ab.txt,vid3,8,4.0,train,labeled,59,0:17;1:20;2:21;3:1,bbox:7;polygon:52,bcf6098940e8a8615098098ace20af9faa3e3560287ecbd68417b76a18cced3a
3b0087ca6b85b026eeb04cdbf2ba41412551270dc20485306bcca9cfb292beea,train/images/vid3_frame_00009_jpg.rf.68d5af8d75050e759dba7f4329e5459a.jpg,train/labels/vid3_frame_00009_jpg.rf.68d5af8d75050e759dba7f4329e5459a.txt,vid3,9,4.5,train,labeled,65,0:18;1:20;2:25;3:2,bbox:5;polygon:60,3b0087ca6b85b026eeb04cdbf2ba41412551270dc20485306bcca9cfb292beea
7ec764fdf1a2974b7a547378715bb56339b26527948f17455e63ed6a3a3cd70f,train/images/vid3_frame_00009_jpg.rf.a5542a1f49df73a07f8d69743dd2b90f.jpg,train/labels/vid3_frame_00009_jpg.rf.a5542a1f49df73a07f8d69743dd2b90f.txt,vid3,9,4.5,train,labeled,68,0:13;1:33;2:21;4:1,bbox:11;polygon:57,7ec764fdf1a2974b7a547378715bb56339b26527948f17455e63ed6a3a3cd70f
d0e4e289e0de115c4bbf72299001af9325753abebad882e929584f059190b96f,train/images/vid3_frame_00010_jpg.rf.622a26a5a77a4053a676e4a316cb0ca4.jpg,train/labels/vid3_frame_00010_jpg.rf.622a26a5a77a4053a676e4a316cb0ca4.txt,vid3,10,5.0,train,labeled,57,0:12;1:28;2:17,bbox:5;polygon:52,d0e4e289e0de115c4bbf72299001af9325753abebad882e929584f059190b96f
504df47b4240d33059f25190898887a608660d2cd793b2b13fd3a12f11bf5aaa,train/images/vid3_frame_00010_jpg.rf.c675bdffe8204c2c7015d7f36a6c6933.jpg,train/labels/vid3_frame_00010_jpg.rf.c675bdffe8204c2c7015d7f36a6c6933.txt,vid3,10,5.0,train,labeled,62,0:17;1:17;2:24;3:1;4:3,bbox:5;polygon:57,504df47b4240d33059f25190898887a608660d2cd793b2b13fd3a12f11bf5aaa
6be5d60116691ad73451e6f2523122fc911eaa2a3f8bac8620be873b4bfab46c,train/images/vid3_frame_00011_jpg.rf.fb7154da9dcc3c90f2d45532bcfe45d1.jpg,train/labels/vid3_frame_00011_jpg.rf.fb7154da9dcc3c90f2d45532bcfe45d1.txt,vid3,11,5.5,train,labeled,56,0:18;1:18;2:18;3:1;4:1,bbox:5;polygon:51,6be5d60116691ad73451e6f2523122fc911eaa2a3f8bac8620be873b4bfab46c
be6f69a217f57aa5368b1f8cee3df449c161d4bfbd264e5a3e3901f79759d3f6,train/images/vid3_frame_00014_jpg.rf.1326c170433782e856be43ddf1ba39e3.jpg,train/labels/vid3_frame_00014_jpg.rf.1326c170433782e856be43ddf1ba39e3.txt,vid3,14,7.0,train,labeled,61,0:15;1:21;2:22;3:1;4:2,bbox:9;polygon:52,be6f69a217f57aa5368b1f8cee3df449c161d4bfbd264e5a3e3901f79759d3f6
10f5bbee7becb8c1190d18dc572c0c93ac56f415b96c71b08c971f3f866d3309,train/images/vid3_frame_00015_jpg.rf.f512fe0f79f1a687a93e81e0b04fd10d.jpg,train/labels/vid3_frame_00015_jpg.rf.f512fe0f79f1a687a93e81e0b04fd10d.txt,vid3,15,7.5,train,labeled,61,0:16;1:19;2:23;3:2;4:1,bbox:5;polygon:56,10f5bbee7becb8c1190d18dc572c0c93ac56f415b96c71b08c971f3f866d3309
e57aba16b036ea67c7f1f82cb868f6010b7e08c82e5dd4236a8655d8fa15d8bc,train/images/vid3_frame_00018_jpg.rf.95fb75fdeed3dc5ebf849f7e9b3b5ed4.jpg,train/labels/vid3_frame_00018_jpg.rf.95fb75fdeed3dc5ebf849f7e9b3b5ed4.txt,vid3,18,9.0,train,labeled,60,0:15;1:21;2:21;3:2;4:1,bbox:7;polygon:53,e57aba16b036ea67c7f1f82cb868f6010b7e08c82e5dd4236a8655d8fa15d8bc
190150044d4f2436f78a2b5c60afb6865184a911006e7d962ea82e6f6e3281b2,train/images/vid3_frame_00020_jpg.rf.352dc870cc5308c864e3f66e83fc8ea0.jpg,train/labels/vid3_frame_00020_jpg.rf.352dc870cc5308c864e3f66e83fc8ea0.txt,vid3,20,10.0,train,labeled,65,0:14;1:26;2:22;4:3,bbox:7;polygon:58,190150044d4f2436f78a2b5c60afb6865184a911006e7d962ea82e6f6e3281b2
11268874331eff330ad39099ad3769ca6e9163c806c376d2ffa706f91a651476,train/images/vid3_frame_00021_jpg.rf.893ace55578c5431a73afdf50cd6d4ef.jpg,train/labels/vid3_frame_00021_jpg.rf.893ace55578c5431a73afdf50cd6d4ef.txt,vid3,21,10.5,train,labeled,68,0:14;1:26;2:22;3:3;4:3,bbox:7;polygon:61,11268874331eff330ad39099ad3769ca6e9163c806c376d2ffa706f91a651476
0eaf4eb6fd01799ac524e777f4eb7b02cd57eaa3744723010ea8c684679d262e,train/images/vid3_frame_00022_jpg.rf.6132e395c0a4a5cb6222f5f3b323e992.jpg,train/labels/vid3_frame_00022_jpg.rf.6132e395c0a4a5cb6222f5f3b323e992.txt,vid3,22,11.0,train,labeled,71,0:15;1:30;2:24;4:2,bbox:11;polygon:60,0eaf4eb6fd01799ac524e777f4eb7b02cd57eaa3744723010ea8c684679d262e
f4125e1c6d016f5cb47d03c568cf21ba8af9f88e4da3e2b688a5461de2d75e2d,train/images/vid3_frame_00025_jpg.rf.e8fa9814ee73add32c23aa819df87dd3.jpg,train/labels/vid3_frame_00025_jpg.rf.e8fa9814ee73add32c23aa819df87dd3.txt,vid3,25,12.5,train,labeled,67,0:15;1:30;2:20;4:2,bbox:7;polygon:60,f4125e1c6d016f5cb47d03c568cf21ba8af9f88e4da3e2b688a5461de2d75e2d
d62b68bc99eb349482c2c3096a0e9fcb0ddf24e0660b75a9b5abf8ca78fedb58,train/images/vid3_frame_00026_jpg.rf.3e221c999cb0daf9d8ddc4917921df52.jpg,train/labels/vid3_frame_00026_jpg.rf.3e221c999cb0daf9d8ddc4917921df52.txt,vid3,26,13.0,train,labeled,74,0:16;1:31;2:25;4:2,bbox:8;polygon:66,d62b68bc99eb349482c2c3096a0e9fcb0ddf24e0660b75a9b5abf8ca78fedb58
30d8fa6bca273502ea3e467df28bb6ddf5f647d7c2f063734f232ea7ab464875,train/images/vid3_frame_00029_jpg.rf.7fb79daab174d4d8c0ce0aa53510f75c.jpg,train/labels/vid3_frame_00029_jpg.rf.7fb79daab174d4d8c0ce0aa53510f75c.txt,vid3,29,14.5,train,labeled,68,0:15;1:31;2:21;3:1,bbox:6;polygon:62,30d8fa6bca273502ea3e467df28bb6ddf5f647d7c2f063734f232ea7ab464875
7275cb4a037958a4c6b3baf7c09bf3a17b65d31dd0a4021573109f7edfb029c0,train/images/vid3_frame_00031_jpg.rf.eeabc46c3fb9dbdc26a37ba66e6c014d.jpg,train/labels/vid3_frame_00031_jpg.rf.eeabc46c3fb9dbdc26a37ba66e6c014d.txt,vid3,31,15.5,train,labeled,62,0:11;1:30;2:21,bbox:5;polygon:57,7275cb4a037958a4c6b3baf7c09bf3a17b65d31dd0a4021573109f7edfb029c0
0d64a36a2803d6b61825dc3ceb9df78964a2f802a0df0c257acfb4df09aa71b8,train/images/vid3_frame_00032_jpg.rf.8a4ab1d23bd3315927a2ffe3f3925662.jpg,train/labels/vid3_frame_00032_jpg.rf.8a4ab1d23bd3315927a2ffe3f3925662.txt,vid3,32,16.0,train,labeled,60,0:12;1:27;2:21,bbox:10;polygon:50,0d64a36a2803d6b61825dc3ceb9df78964a2f802a0df0c257acfb4df09aa71b8
033ec50859c60a753b5efb44da148340e7f5873e1367e25054003be0a37ecb7f,train/images/vid3_frame_00033_jpg.rf.8b3f74e94c782d3c1101bb4f80e9972a.jpg,train/labels/vid3_frame_00033_jpg.rf.8b3f74e94c782d3c1101bb4f80e9972a.txt,vid3,33,16.5,train,labeled,68,0:15;1:32;2:21,bbox:13;polygon:55,033ec50859c60a753b5efb44da148340e7f5873e1367e25054003be0a37ecb7f
97a5928282202b8a0f7dabdbeee2b087c69fb637c03416ea108ab534b3d7e306,train/images/vid4_frame_00000_jpg.rf.3d7b69b33e8db07fc89024e040c15fff.jpg,train/labels/vid4_frame_00000_jpg.rf.3d7b69b33e8db07fc89024e040c15fff.txt,vid4,0,0.0,train,labeled,72,1:4;2:13;3:55,bbox:5;polygon:67,97a5928282202b8a0f7dabdbeee2b087c69fb637c03416ea108ab534b3d7e306
7d2ebbdac3775648de1242be95199e49362c2fbde0260eb9b5bf708294d9705c,train/images/vid4_frame_00002_jpg.rf.9c09126c24b0834d43529aec90f12850.jpg,train/labels/vid4_frame_00002_jpg.rf.9c09126c24b0834d43529aec90f12850.txt,vid4,2,1.0,train,labeled,35,1:5;2:11;3:18;4:1,bbox:1;polygon:34,7d2ebbdac3775648de1242be95199e49362c2fbde0260eb9b5bf708294d9705c
76f5b38aa857c38051438303eb6030c443492505ae518192fc402526e78cac1c,train/images/vid4_frame_00004_jpg.rf.422bfd72ff06241df83a0e66f88f62e9.jpg,train/labels/vid4_frame_00004_jpg.rf.422bfd72ff06241df83a0e66f88f62e9.txt,vid4,4,2.0,train,labeled,54,1:4;2:12;3:38,bbox:6;polygon:48,76f5b38aa857c38051438303eb6030c443492505ae518192fc402526e78cac1c
1eb4bf75805c45064fab205a78af23a21a0e3ed407a46c76c3ebb560b44140e4,train/images/vid4_frame_00006_jpg.rf.edad12595ff3f7cb286894910538c6f3.jpg,train/labels/vid4_frame_00006_jpg.rf.edad12595ff3f7cb286894910538c6f3.txt,vid4,6,3.0,train,labeled,31,1:4;2:10;3:16;4:1,bbox:2;polygon:29,1eb4bf75805c45064fab205a78af23a21a0e3ed407a46c76c3ebb560b44140e4
014cbb92bc9b06ec9717a9b67ef3b6f6b8e1330cd0b32c542711e5ba38893013,train/images/vid4_frame_00007_jpg.rf.def1f40afc78ac7def5e34a20c764a37.jpg,train/labels/vid4_frame_00007_jpg.rf.def1f40afc78ac7def5e34a20c764a37.txt,vid4,7,3.5,train,labeled,31,1:4;2:10;3:16;4:1,polygon:31,014cbb92bc9b06ec9717a9b67ef3b6f6b8e1330cd0b32c542711e5ba38893013
6028ccdfb081ec5dc0b70ff195f65c536e665148b7bc56bcbef10584fd3ebed9,train/images/vid4_frame_00008_jpg.rf.3917d58e3f7fa72216577f029b12d25d.jpg,train/labels/vid4_frame_00008_jpg.rf.3917d58e3f7fa72216577f029b12d25d.txt,vid4,8,4.0,train,labeled,90,1:8;2:5;3:77,bbox:4;polygon:86,6028ccdfb081ec5dc0b70ff195f65c536e665148b7bc56bcbef10584fd3ebed9
3ba348486e2e8e2edfc133d048ab9c863bf4a2cd04180a93c3dd5bf486a24e84,train/images/vid4_frame_00008_jpg.rf.5248c28af221cc44078e40935ad4661e.jpg,train/labels/vid4_frame_00008_jpg.rf.5248c28af221cc44078e40935ad4661e.txt,vid4,8,4.0,train,labeled,31,1:6;2:8;3:16;4:1,bbox:1;polygon:30,3ba348486e2e8e2edfc133d048ab9c863bf4a2cd04180a93c3dd5bf486a24e84
e4d0b9561a637ceaf63c479ecc74a199b0e63f4b1a15e1ecb0291eeab9874196,train/images/vid4_frame_00010_jpg.rf.cabbab6efa6107d2ac460d4490df1f13.jpg,train/labels/vid4_frame_00010_jpg.rf.cabbab6efa6107d2ac460d4490df1f13.txt,vid4,10,5.0,train,labeled,38,1:6;2:13;3:19,bbox:1;polygon:37,e4d0b9561a637ceaf63c479ecc74a199b0e63f4b1a15e1ecb0291eeab9874196
f9043ec2bebc69148c011c5438d4ea2d2c52ded5e9a1d8dae57c21d852b3dc11,train/images/vid4_frame_00011_jpg.rf.921c65c91285593c500a31b1c84d7f32.jpg,train/labels/vid4_frame_00011_jpg.rf.921c65c91285593c500a31b1c84d7f32.txt,vid4,11,5.5,train,labeled,33,1:4;2:10;3:19,bbox:2;polygon:31,f9043ec2bebc69148c011c5438d4ea2d2c52ded5e9a1d8dae57c21d852b3dc11
5ac5e6cfbae063287c28721be97b0a4c6d39b8946c07b9167e9b10dd5de2efa2,train/images/vid4_frame_00012_jpg.rf.10746abd5dcd24c871483af6bfd86e2b.jpg,train/labels/vid4_frame_00012_jpg.rf.10746abd5dcd24c871483af6bfd86e2b.txt,vid4,12,6.0,train,labeled,80,1:7;2:6;3:65;4:2,bbox:4;polygon:76,5ac5e6cfbae063287c28721be97b0a4c6d39b8946c07b9167e9b10dd5de2efa2
822f20a706e4402d0dd7a932de882536ec647ad0c9ff915e68c4b39488c151df,train/images/vid4_frame_00012_jpg.rf.1e244d87cc65861d36420f58392e1808.jpg,train/labels/vid4_frame_00012_jpg.rf.1e244d87cc65861d36420f58392e1808.txt,vid4,12,6.0,train,labeled,47,1:5;2:12;3:30,bbox:4;polygon:43,822f20a706e4402d0dd7a932de882536ec647ad0c9ff915e68c4b39488c151df
626ed0ddc3eaf058e69bf1f2c2f51c8ab173f8adc880dd296f25fdd577515505,train/images/vid4_frame_00013_jpg.rf.07dc1f5cb3a096b31b976188065ddefd.jpg,train/labels/vid4_frame_00013_jpg.rf.07dc1f5cb3a096b31b976188065ddefd.txt,vid4,13,6.5,train,labeled,45,1:5;2:14;3:26,polygon:45,626ed0ddc3eaf058e69bf1f2c2f51c8ab173f8adc880dd296f25fdd577515505
a585a43246f33f96856d6a120ec0aac5f6d068b40729976b81bc63636f0f0b44,train/images/vid4_frame_00014_jpg.rf.77a1d3c1b46524f19e3ceedd92543c1c.jpg,train/labels/vid4_frame_00014_jpg.rf.77a1d3c1b46524f19e3ceedd92543c1c.txt,vid4,14,7.0,train,labeled,40,1:4;2:10;3:26,bbox:3;polygon:37,a585a43246f33f96856d6a120ec0aac5f6d068b40729976b81bc63636f0f0b44
4719f18679b8ae4419c2710104c65dfa4670dd59aa071e56f1d79a9addad5b08,train/images/vid4_frame_00016_jpg.rf.b6d83ce7bdbb1bf3987892aa186a3e9f.jpg,train/labels/vid4_frame_00016_jpg.rf.b6d83ce7bdbb1bf3987892aa186a3e9f.txt,vid4,16,8.0,train,labeled,84,1:9;2:9;3:65;4:1,bbox:1;polygon:83,4719f18679b8ae4419c2710104c65dfa4670dd59aa071e56f1d79a9addad5b08
e86e285e37cd8d1a85816b315d0b85616e10a8707642b6a073f304caef7bb6b3,train/images/vid4_frame_00017_jpg.rf.73da8b527d7580e5c528059b49a3287a.jpg,train/labels/vid4_frame_00017_jpg.rf.73da8b527d7580e5c528059b49a3287a.txt,vid4,17,8.5,train,labeled,42,1:4;2:8;3:30,bbox:2;polygon:40,e86e285e37cd8d1a85816b315d0b85616e10a8707642b6a073f304caef7bb6b3
67796211c079d7309f515e696f3fe6c5af4307dc9de03251791b5c3ddcfd030a,train/images/vid4_frame_00017_jpg.rf.90e1414cdc67b836899dae833ffefa15.jpg,train/labels/vid4_frame_00017_jpg.rf.90e1414cdc67b836899dae833ffefa15.txt,vid4,17,8.5,train,labeled,92,1:9;2:6;3:75;4:2,bbox:6;polygon:86,67796211c079d7309f515e696f3fe6c5af4307dc9de03251791b5c3ddcfd030a
bfbb7b1d8d0cc7396adcb2f7e1725e4864ef155aa0ec7dbda97fd58dc7745e19,train/images/vid4_frame_00018_jpg.rf.6d8272c018611dc5bdf4333076b36a82.jpg,train/labels/vid4_frame_00018_jpg.rf.6d8272c018611dc5bdf4333076b36a82.txt,vid4,18,9.0,train,labeled,36,1:4;2:5;3:27,bbox:3;polygon:33,bfbb7b1d8d0cc7396adcb2f7e1725e4864ef155aa0ec7dbda97fd58dc7745e19
265b68dfc98d9669e8456c3c41edf52785046ab17485d8e4d21290ce78b0db30,train/images/vid4_frame_00018_jpg.rf.8911efac2784e583fd39e85a1dcdbab5.jpg,train/labels/vid4_frame_00018_jpg.rf.8911efac2784e583fd39e85a1dcdbab5.txt,vid4,18,9.0,train,labeled,68,1:13;2:5;3:46;4:4,bbox:6;polygon:62,265b68dfc98d9669e8456c3c41edf52785046ab17485d8e4d21290ce78b0db30
0bb99b515e352259c7fbfd0b3e94bb80e7124cf6dcb9322d56e9cf80c353f570,train/images/vid4_frame_00019_jpg.rf.1dfcaa94170888bb0b0e3b5f96bf2acb.jpg,train/labels/vid4_frame_00019_jpg.rf.1dfcaa94170888bb0b0e3b5f96bf2acb.txt,vid4,19,9.5,train,labeled,61,1:17;2:4;3:36;4:4,bbox:5;polygon:56,0bb99b515e352259c7fbfd0b3e94bb80e7124cf6dcb9322d56e9cf80c353f570
18249e4c939b50767ac127f15f78a995ae83a4a22aa71d038518657a04376588,train/images/vid4_frame_00019_jpg.rf.a0e4b6af1e6d22c497942f184c1fc231.jpg,train/labels/vid4_frame_00019_jpg.rf.a0e4b6af1e6d22c497942f184c1fc231.txt,vid4,19,9.5,train,labeled,44,1:3;2:6;3:35,bbox:7;polygon:37,18249e4c939b50767ac127f15f78a995ae83a4a22aa71d038518657a04376588
7d6978f53c53b44354137bba76af1c5736f7aa3be47d5050bb0362d9b2a7c0e6,train/images/vid4_frame_00020_jpg.rf.59dba0f6e4a7569cc3a89ef0f128fe91.jpg,train/labels/vid4_frame_00020_jpg.rf.59dba0f6e4a7569cc3a89ef0f128fe91.txt,vid4,20,10.0,train,labeled,43,1:4;2:9;3:30,bbox:4;polygon:39,7d6978f53c53b44354137bba76af1c5736f7aa3be47d5050bb0362d9b2a7c0e6
92d0ee4f2dba6761262f059890b7a9b17b367a6698387777db00e4087130b7b7,train/images/vid4_frame_00021_jpg.rf.24b6379d285584adebe2c474bfcb406b.jpg,train/labels/vid4_frame_00021_jpg.rf.24b6379d285584adebe2c474bfcb406b.txt,vid4,21,10.5,train,labeled,34,1:10;2:1;3:19;4:4,bbox:2;polygon:32,92d0ee4f2dba6761262f059890b7a9b17b367a6698387777db00e4087130b7b7
dd608f76320bb8e7b25fff0f6bdd8d46d706bbd1ec3004e1584ba3dfbe81a1cc,train/images/vid4_frame_00021_jpg.rf.8474ece9f98dd328b895d5d7b91e892e.jpg,train/labels/vid4_frame_00021_jpg.rf.8474ece9f98dd328b895d5d7b91e892e.txt,vid4,21,10.5,train,labeled,46,0:1;1:6;2:10;3:29,bbox:4;polygon:42,dd608f76320bb8e7b25fff0f6bdd8d46d706bbd1ec3004e1584ba3dfbe81a1cc
02cca1502205320438c4c91be267737e503b24bc2c14522fe878276494c7d24c,train/images/vid4_frame_00022_jpg.rf.7c171f2a7ecd03e828dc8cbde0348180.jpg,train/labels/vid4_frame_00022_jpg.rf.7c171f2a7ecd03e828dc8cbde0348180.txt,vid4,22,11.0,train,labeled,42,1:5;2:9;3:26;4:2,bbox:3;polygon:39,02cca1502205320438c4c91be267737e503b24bc2c14522fe878276494c7d24c
e5baedc0837a4e112c7b639170c4d3c8af5661ff5886c0653f491b2e1479dcf7,train/images/vid4_frame_00022_jpg.rf.861f743c90c6eaa0e3af665834d6bca3.jpg,train/labels/vid4_frame_00022_jpg.rf.861f743c90c6eaa0e3af665834d6bca3.txt,vid4,22,11.0,train,labeled,152,1:14;2:2;3:132;4:4,bbox:6;polygon:146,e5baedc0837a4e112c7b639170c4d3c8af5661ff5886c0653f491b2e1479dcf7
9a3fc416577a614e035b6fe7c3eb0df37f69ad76d3e853541580d1b62d9c078e,train/images/vid4_frame_00024_jpg.rf.bdff7441ff915a65cec1e9ee9bbf19a3.jpg,train/labels/vid4_frame_00024_jpg.rf.bdff7441ff915a65cec1e9ee9bbf19a3.txt,vid4,24,12.0,train,labeled,76,1:18;3:53;4:5,bbox:3;polygon:73,9a3fc416577a614e035b6fe7c3eb0df37f69ad76d3e853541580d1b62d9c078e
33c49817d4c79db65744dae70ce4cba73a6dbbfbd54416155ebfd479c46b5fd8,train/images/vid4_frame_00024_jpg.rf.e7828c2ebf73a67efeab545ae7de8979.jpg,train/labels/vid4_frame_00024_jpg.rf.e7828c2ebf73a67efeab545ae7de8979.txt,vid4,24,12.0,train,labeled,42,1:5;2:5;3:29;4:3,bbox:5;polygon:37,33c49817d4c79db65744dae70ce4cba73a6dbbfbd54416155ebfd479c46b5fd8
1c04f7b29dee0f719a8135f01e6b2083e1b8da18a5e85b29edd51909047fcd54,train/images/vid4_frame_00025_jpg.rf.45610422e6664ab1d11064cec0d72d89.jpg,train/labels/vid4_frame_00025_jpg.rf.45610422e6664ab1d11064cec0d72d89.txt,vid4,25,12.5,train,labeled,40,1:15;2:1;3:16;4:8,bbox:2;polygon:38,1c04f7b29dee0f719a8135f01e6b2083e1b8da18a5e85b29edd51909047fcd54
858521dba68cf02974c8618bf5667a3e064bd85b4ef9134c6b8c471d90ab776d,train/images/vid4_frame_00026_jpg.rf.7f2caaa85226ad93b384dac70f28a10d.jpg,train/labels/vid4_frame_00026_jpg.rf.7f2caaa85226ad93b384dac70f28a10d.txt,vid4,26,13.0,train,labeled,42,1:10;2:7;3:25,bbox:2;polygon:40,858521dba68cf02974c8618bf5667a3e064bd85b4ef9134c6b8c471d90ab776d
57e72763a71e6b36a9ffaf6870c3bc54e94cd8947a62b8ff75d73c4e8c8b0087,train/images/vid4_frame_00027_jpg.rf.a8349176b3abf9eb75fb19d81e87adf4.jpg,train/labels/vid4_frame_00027_jpg.rf.a8349176b3abf9eb75fb19d81e87adf4.txt,vid4,27,13.5,train,labeled,47,0:2;1:7;2:5;3:33,bbox:2;polygon:45,57e72763a71e6b36a9ffaf6870c3bc54e94cd8947a62b8ff75d73c4e8c8b0087
dcd4983fa675441226c232bc247665ced2d819f6375f55642a59f81447c067e4,train/images/vid4_frame_00030_jpg.rf.b0e64d0da4283c1100984ee7b83d1448.jpg,train/labels/vid4_frame_00030_jpg.rf.b0e64d0da4283c1100984ee7b83d1448.txt,vid4,30,15.0,train,labeled,51,1:7;2:8;3:36,bbox:2;polygon:49,dcd4983fa675441226c232bc247665ced2d819f6375f55642a59f81447c067e4
0e83536da1847452e70468ccdeaab09cd173c2f615b378a3c251c83dd3686653,train/images/vid4_frame_00031_jpg.rf.e598dd90808776de5019ee2aafed2522.jpg,train/labels/vid4_frame_00031_jpg.rf.e598dd90808776de5019ee2aafed2522.txt,vid4,31,15.5,train,labeled,57,0:2;1:7;2:5;3:43,bbox:1;polygon:56,0e83536da1847452e70468ccdeaab09cd173c2f615b378a3c251c83dd3686653
e3ea448f9d9de3cc5370191d7df043d3ad57b733846aa03d67409166bc038ec3,train/images/vid4_frame_00032_jpg.rf.82682502915ff98c156e1dc357afac2e.jpg,train/labels/vid4_frame_00032_jpg.rf.82682502915ff98c156e1dc357afac2e.txt,vid4,32,16.0,train,labeled,50,1:7;2:5;3:37;4:1,bbox:3;polygon:47,e3ea448f9d9de3cc5370191d7df043d3ad57b733846aa03d67409166bc038ec3
5f119d6fa9ba53e71b1ff4f30968eb796b048a0d5aab23bde1c6bd47cdcfeda6,train/images/vid4_frame_00033_jpg.rf.d774aef3b6becf5f5d9a240383c8647e.jpg,train/labels/vid4_frame_00033_jpg.rf.d774aef3b6becf5f5d9a240383c8647e.txt,vid4,33,16.5,train,labeled,53,1:8;2:6;3:39,bbox:3;polygon:50,5f119d6fa9ba53e71b1ff4f30968eb796b048a0d5aab23bde1c6bd47cdcfeda6
eaa119aba3a71fe6b93ef482536ee083e3305f1dae2d940f5b7cc7c264b8becb,train/images/vid4_frame_00035_jpg.rf.f8941eb625e79002cf7ad1e606007bb3.jpg,train/labels/vid4_frame_00035_jpg.rf.f8941eb625e79002cf7ad1e606007bb3.txt,vid4,35,17.5,train,labeled,57,0:1;1:8;2:12;3:36,bbox:3;polygon:54,eaa119aba3a71fe6b93ef482536ee083e3305f1dae2d940f5b7cc7c264b8becb
a2faa97b1b2fe5140e1850bc3d60fa56e5be11d519687a9c990a043a66a4915b,train/images/vid4_frame_00036_jpg.rf.e795908a536db7f778bf07cbc237b583.jpg,train/labels/vid4_frame_00036_jpg.rf.e795908a536db7f778bf07cbc237b583.txt,vid4,36,18.0,train,labeled,56,1:7;2:10;3:37;4:2,bbox:3;polygon:53,a2faa97b1b2fe5140e1850bc3d60fa56e5be11d519687a9c990a043a66a4915b
99da7836b11a34c606e1adcd3c39369d93b143040d55c892e90c21319c3e1770,train/images/vid4_frame_00037_jpg.rf.411ae700abf90d81bddffaa6ffde3592.jpg,train/labels/vid4_frame_00037_jpg.rf.411ae700abf90d81bddffaa6ffde3592.txt,vid4,37,18.5,train,labeled,55,1:8;2:7;3:38;4:2,bbox:4;polygon:51,99da7836b11a34c606e1adcd3c39369d93b143040d55c892e90c21319c3e1770
e84b1cde52254cb960e5127783484e6ddde4afeab915c134470b81a85e86112b,train/images/vid4_frame_00038_jpg.rf.fff743a4bedc3ad166076d7d1aeb4c14.jpg,train/labels/vid4_frame_00038_jpg.rf.fff743a4bedc3ad166076d7d1aeb4c14.txt,vid4,38,19.0,train,labeled,59,1:8;2:7;3:41;4:3,bbox:4;polygon:55,e84b1cde52254cb960e5127783484e6ddde4afeab915c134470b81a85e86112b
8c015033eb9574f5f57d0e2b5eee6260534dd2bcae349df4f0631994856ecf71,train/images/vid4_frame_00039_jpg.rf.e146debdcdcc7eada86057fad34d970a.jpg,train/labels/vid4_frame_00039_jpg.rf.e146debdcdcc7eada86057fad34d970a.txt,vid4,39,19.5,train,labeled,52,1:8;2:6;3:33;4:5,bbox:4;polygon:48,8c015033eb9574f5f57d0e2b5eee6260534dd2bcae349df4f0631994856ecf71
7c9517c4ff4958fdfff9d41550fec74358047ca9e3448d1f553ad0636f397a08,train/images/vid4_frame_00040_jpg.rf.4ab988b4923bef8218b03fceff71a098.jpg,train/labels/vid4_frame_00040_jpg.rf.4ab988b4923bef8218b03fceff71a098.txt,vid4,40,20.0,train,labeled,55,1:10;2:7;3:34;4:4,bbox:4;polygon:51,7c9517c4ff4958fdfff9d41550fec74358047ca9e3448d1f553ad0636f397a08
c73d70f0980188f818b1c53420e1438e280759b2086a00a3f6432f0918e67b6e,train/images/vid4_frame_00043_jpg.rf.877792dd644b0877fdceaad26c7cf667.jpg,train/labels/vid4_frame_00043_jpg.rf.877792dd644b0877fdceaad26c7cf667.txt,vid4,43,21.5,train,labeled,64,0:1;1:12;2:7;3:42;4:2,bbox:4;polygon:60,c73d70f0980188f818b1c53420e1438e280759b2086a00a3f6432f0918e67b6e
a75a70e6a50887c3e3258c30a1244f2595e5ba76cbaaaa7cb5fa74b0d604aa55,train/images/vid4_frame_00044_jpg.rf.94cdd55675bbeaf247331fba3560f46e.jpg,train/labels/vid4_frame_00044_jpg.rf.94cdd55675bbeaf247331fba3560f46e.txt,vid4,44,22.0,train,labeled,66,1:10;2:8;3:45;4:3,bbox:5;polygon:61,a75a70e6a50887c3e3258c30a1244f2595e5ba76cbaaaa7cb5fa74b0d604aa55
92ff2bb71b6c00a289e0f0c4c1f640f817ebe40605088ac0d4bfbad35254f718,train/images/vid4_frame_00045_jpg.rf.adb690cc2b14c16c8cde183c3db5c82e.jpg,train/labels/vid4_frame_00045_jpg.rf.adb690cc2b14c16c8cde183c3db5c82e.txt,vid4,45,22.5,train,labeled,64,1:12;2:9;3:40;4:3,bbox:2;polygon:62,92ff2bb71b6c00a289e0f0c4c1f640f817ebe40605088ac0d4bfbad35254f718
72bc7b16023d43e744f267fd14c5b858e3cbafa6eec74e9728512dee52037c07,train/images/vid4_frame_00047_jpg.rf.e6c642967763307d88e050e5ec40a090.jpg,train/labels/vid4_frame_00047_jpg.rf.e6c642967763307d88e050e5ec40a090.txt,vid4,47,23.5,train,labeled,65,1:14;2:9;3:40;4:2,bbox:3;polygon:62,72bc7b16023d43e744f267fd14c5b858e3cbafa6eec74e9728512dee52037c07
e7d9f7fa471664b07e82caad6f748805479dd50d9f56d5a688f87a154008f76e,train/images/vid4_frame_00048_jpg.rf.afd3f9bc171d2e2e7175e4d8bcca8281.jpg,train/labels/vid4_frame_00048_jpg.rf.afd3f9bc171d2e2e7175e4d8bcca8281.txt,vid4,48,24.0,train,labeled,62,1:13;2:9;3:38;4:2,bbox:1;polygon:61,e7d9f7fa471664b07e82caad6f748805479dd50d9f56d5a688f87a154008f76e
99a963db1773c0221fca5cc7da2eebd390307ec226cf62bf7cabbf414b7743e8,train/images/vid4_frame_00050_jpg.rf.dab14afeb462fcec1035abe73325a9dd.jpg,train/labels/vid4_frame_00050_jpg.rf.dab14afeb462fcec1035abe73325a9dd.txt,vid4,50,25.0,train,labeled,58,1:10;2:8;3:39;4:1,bbox:3;polygon:55,99a963db1773c0221fca5cc7da2eebd390307ec226cf62bf7cabbf414b7743e8
844bff48fc46dcaa84dca548f6cd56291be59c66b02ec1d2dd25d23e6881a59b,train/images/vid4_frame_00051_jpg.rf.ab443dfc77c78a696cb96f210d4a93d3.jpg,train/labels/vid4_frame_00051_jpg.rf.ab443dfc77c78a696cb96f210d4a93d3.txt,vid4,51,25.5,train,labeled,67,1:12;2:7;3:46;4:2,bbox:2;polygon:65,844bff48fc46dcaa84dca548f6cd56291be59c66b02ec1d2dd25d23e6881a59b
f1ce9fc594379c31e1e8a93d3cc065426999439f22c7d7f401d4121e39edb580,train/images/vid4_frame_00053_jpg.rf.38b781979381810a46c1da8ab1853a26.jpg,train/labels/vid4_frame_00053_jpg.rf.38b781979381810a46c1da8ab1853a26.txt,vid4,53,26.5,train,labeled,55,1:6;2:5;3:41;4:3,bbox:4;polygon:51,f1ce9fc594379c31e1e8a93d3cc065426999439f22c7d7f401d4121e39edb580
511051b1d637cd4fb83d91798e9adb356da1080b8672e8b36160b1cbadf9b3ed,train/images/vid4_frame_00054_jpg.rf.a992dd221e20306ef227d420d725bf0f.jpg,train/labels/vid4_frame_00054_jpg.rf.a992dd221e20306ef227d420d725bf0f.txt,vid4,54,27.0,train,labeled,59,1:8;2:6;3:41;4:4,bbox:3;polygon:56,511051b1d637cd4fb83d91798e9adb356da1080b8672e8b36160b1cbadf9b3ed
764829546b9719f8aa89347a2c8e859df3ef71a74d7103f111a4043e96e0aebb,train/images/vid4_frame_00057_jpg.rf.13c05bda707944bf00f5c5329d1172eb.jpg,train/labels/vid4_frame_00057_jpg.rf.13c05bda707944bf00f5c5329d1172eb.txt,vid4,57,28.5,train,labeled,62,1:12;2:5;3:40;4:5,bbox:6;polygon:56,764829546b9719f8aa89347a2c8e859df3ef71a74d7103f111a4043e96e0aebb
d7737bc44ab3f8ef2c54cf239494fd9d41d7cde6dacd880cfd1f7e510d69a290,train/images/vid4_frame_00058_jpg.rf.d02f101ddce44f69b7ad638e374c9897.jpg,train/labels/vid4_frame_00058_jpg.rf.d02f101ddce44f69b7ad638e374c9897.txt,vid4,58,29.0,train,labeled,64,1:16;2:5;3:38;4:5,bbox:6;polygon:58,d7737bc44ab3f8ef2c54cf239494fd9d41d7cde6dacd880cfd1f7e510d69a290
57287d20487cfe67d62a47823d1c11074ea07ca6aa399e3ade8f4b9a1ac53d41,train/images/vid4_frame_00060_jpg.rf.55a12b3e5f1221de3c01bc57c69f3919.jpg,train/labels/vid4_frame_00060_jpg.rf.55a12b3e5f1221de3c01bc57c69f3919.txt,vid4,60,30.0,train,labeled,60,1:13;2:4;3:39;4:4,bbox:5;polygon:55,57287d20487cfe67d62a47823d1c11074ea07ca6aa399e3ade8f4b9a1ac53d41
0de507f30164ab76ebec9c1b38585cbcdd034abc4fe793285c462446a7c59279,train/images/vid4_frame_00061_jpg.rf.3af549b888546e8a6847d67dd5e832a9.jpg,train/labels/vid4_frame_00061_jpg.rf.3af549b888546e8a6847d67dd5e832a9.txt,vid4,61,30.5,train,labeled,50,1:12;2:6;3:27;4:5,bbox:9;polygon:41,0de507f30164ab76ebec9c1b38585cbcdd034abc4fe793285c462446a7c59279
1a83bc7c47734f2c20b5a3aba59894d969f492ac88e5328fdc0b9c8ca2d13f6d,train/images/vid4_frame_00063_jpg.rf.f189cb23fb2d1d09522147d03c2f7ce4.jpg,train/labels/vid4_frame_00063_jpg.rf.f189cb23fb2d1d09522147d03c2f7ce4.txt,vid4,63,31.5,train,labeled,46,1:13;2:3;3:27;4:3,bbox:2;polygon:44,1a83bc7c47734f2c20b5a3aba59894d969f492ac88e5328fdc0b9c8ca2d13f6d
8e007216afc738a2a52baea167e352ae247bae31d404a5a36b49ac6621b6a849,train/images/vid4_frame_00064_jpg.rf.c0a843c629bd3093b46672c25dec3f2a.jpg,train/labels/vid4_frame_00064_jpg.rf.c0a843c629bd3093b46672c25dec3f2a.txt,vid4,64,32.0,train,labeled,38,1:12;2:4;3:19;4:3,bbox:2;polygon:36,8e007216afc738a2a52baea167e352ae247bae31d404a5a36b49ac6621b6a849
54b637a25bb572764692dbee303604bcd70da53341fa3c996b242ad2470a7ced,train/images/vid4_frame_00068_jpg.rf.b491e288046569425f4f520cbbefb47f.jpg,train/labels/vid4_frame_00068_jpg.rf.b491e288046569425f4f520cbbefb47f.txt,vid4,68,34.0,train,labeled,38,1:13;2:2;3:20;4:3,bbox:2;polygon:36,54b637a25bb572764692dbee303604bcd70da53341fa3c996b242ad2470a7ced
15fd751695b10ff3dd56a8828c28daa7f7ceb19d662162360e0807326ffece34,train/images/vid4_frame_00069_jpg.rf.46792a0e34a9539868802cdc280618d7.jpg,train/labels/vid4_frame_00069_jpg.rf.46792a0e34a9539868802cdc280618d7.txt,vid4,69,34.5,train,labeled,41,1:13;2:2;3:20;4:6,bbox:2;polygon:39,15fd751695b10ff3dd56a8828c28daa7f7ceb19d662162360e0807326ffece34
db6bfd46d01ba7be300fe22d550f59806c2138e5d55d605a74b654c8968dee31,train/images/vid4_frame_00071_jpg.rf.48d2352269c855238a2bee05a12a08e2.jpg,train/labels/vid4_frame_00071_jpg.rf.48d2352269c855238a2bee05a12a08e2.txt,vid4,71,35.5,train,labeled,46,1:17;2:2;3:25;4:2,bbox:3;polygon:43,db6bfd46d01ba7be300fe22d550f59806c2138e5d55d605a74b654c8968dee31
6424a546dcd3e64101cff7e249c92bd61ffd33472d662a13e288efdc812d0263,train/images/vid4_frame_00072_jpg.rf.78913345182697b3267f831ab2a81bfb.jpg,train/labels/vid4_frame_00072_jpg.rf.78913345182697b3267f831ab2a81bfb.txt,vid4,72,36.0,train,labeled,39,1:15;3:20;4:4,bbox:3;polygon:36,6424a546dcd3e64101cff7e249c92bd61ffd33472d662a13e288efdc812d0263
61eb49ca004baf07e1d2d9850137085bb1275953ee1d2b0d370e126ffda61a3f,train/images/vid4_frame_00073_jpg.rf.afb9cd08c47adcc759b9ac0e256cb33f.jpg,train/labels/vid4_frame_00073_jpg.rf.afb9cd08c47adcc759b9ac0e256cb33f.txt,vid4,73,36.5,train,labeled,39,1:17;3:19;4:3,bbox:2;polygon:37,61eb49ca004baf07e1d2d9850137085bb1275953ee1d2b0d370e126ffda61a3f
764371ba8bf01831cb9eaeed2a9d32a326266d99ed8bd2bd72271fa4f1e65abf,train/images/vid4_frame_00075_jpg.rf.0199ebc376f3afb68f3c6f6a47584a70.jpg,train/labels/vid4_frame_00075_jpg.rf.0199ebc376f3afb68f3c6f6a47584a70.txt,vid4,75,37.5,train,labeled,37,1:16;2:2;3:14;4:5,bbox:5;polygon:32,764371ba8bf01831cb9eaeed2a9d32a326266d99ed8bd2bd72271fa4f1e65abf
e2aab98dcfb722ac754fcdd75331563af2509d38494ccce34ab038b19df9d7af,train/images/vid4_frame_00076_jpg.rf.e4948bc4b3093adfc9321edf31392f12.jpg,train/labels/vid4_frame_00076_jpg.rf.e4948bc4b3093adfc9321edf31392f12.txt,vid4,76,38.0,train,labeled,38,0:1;1:13;2:2;3:15;4:7,bbox:7;polygon:31,e2aab98dcfb722ac754fcdd75331563af2509d38494ccce34ab038b19df9d7af
854f523ce693b815dbdcb5e249b5746f9e0a46ebfa4e96c27d948271106c8555,train/images/vid4_frame_00077_jpg.rf.5db8482e821bb850ea67dbc073773a6e.jpg,train/labels/vid4_frame_00077_jpg.rf.5db8482e821bb850ea67dbc073773a6e.txt,vid4,77,38.5,train,labeled,36,1:13;2:1;3:15;4:7,bbox:5;polygon:31,854f523ce693b815dbdcb5e249b5746f9e0a46ebfa4e96c27d948271106c8555
244d17ef1bd82559b1681f7274e9080845996e60fa84c599c1219c5d06acbcdf,train/images/vid4_frame_00078_jpg.rf.7f80113aa004f2515fbac2c33ec93cd9.jpg,train/labels/vid4_frame_00078_jpg.rf.7f80113aa004f2515fbac2c33ec93cd9.txt,vid4,78,39.0,train,labeled,34,1:13;3:16;4:5,bbox:1;polygon:33,244d17ef1bd82559b1681f7274e9080845996e60fa84c599c1219c5d06acbcdf
d84e65b0a5b4753f7d65f4efe7fd0993eaf0a8d968fa04e0e1dc5ceb3dffc3c7,train/images/vid4_frame_00079_jpg.rf.15b822012a41082dd8399f977951daac.jpg,train/labels/vid4_frame_00079_jpg.rf.15b822012a41082dd8399f977951daac.txt,vid4,79,39.5,train,labeled,31,1:15;3:10;4:6,bbox:4;polygon:27,d84e65b0a5b4753f7d65f4efe7fd0993eaf0a8d968fa04e0e1dc5ceb3dffc3c7
bc4506a388b7fc3a4785299c42d2ea8d2c52afc27265dd015db9791f225888b0,train/images/vid4_frame_00080_jpg.rf.7a967d6d949abcd9e587d02ba86ccbab.jpg,train/labels/vid4_frame_00080_jpg.rf.7a967d6d949abcd9e587d02ba86ccbab.txt,vid4,80,40.0,train,labeled,34,1:15;2:2;3:9;4:8,bbox:7;polygon:27,bc4506a388b7fc3a4785299c42d2ea8d2c52afc27265dd015db9791f225888b0
a5e24c4ac77829a375863cd730f215bbd61ccab2a617b49e9af18dc9bb162f96,train/images/vid4_frame_00081_jpg.rf.eb5300021b440a6238520f595e804f3a.jpg,train/labels/vid4_frame_00081_jpg.rf.eb5300021b440a6238520f595e804f3a.txt,vid4,81,40.5,train,labeled,35,1:15;2:2;3:11;4:7,bbox:1;polygon:34,a5e24c4ac77829a375863cd730f215bbd61ccab2a617b49e9af18dc9bb162f96
a4d60441ae79a096ac25c9d78e25474f59f888141ca61501c6df86310ccdf3d2,train/images/vid4_frame_00083_jpg.rf.fc13fac7a59dae57f436decf6883ceb7.jpg,train/labels/vid4_frame_00083_jpg.rf.fc13fac7a59dae57f436decf6883ceb7.txt,vid4,83,41.5,train,labeled,27,1:14;3:6;4:7,bbox:2;polygon:25,a4d60441ae79a096ac25c9d78e25474f59f888141ca61501c6df86310ccdf3d2
ae87bc36ada8fa01117965e3864aae0000d9b6b33656435c0629e5133147de50,train/images/vid4_frame_00084_jpg.rf.7ea9faa6ab5440a4c147670e1956fefd.jpg,train/labels/vid4_frame_00084_jpg.rf.7ea9faa6ab5440a4c147670e1956fefd.txt,vid4,84,42.0,train,labeled,26,1:14;3:6;4:6,bbox:2;polygon:24,ae87bc36ada8fa01117965e3864aae0000d9b6b33656435c0629e5133147de50
0e63532b1bbb2574af512d233d924e69ecf38864ef7561875bc1d99013a13aac,train/images/vid4_frame_00085_jpg.rf.a82f77ba826f836233e3dd560551dbab.jpg,train/labels/vid4_frame_00085_jpg.rf.a82f77ba826f836233e3dd560551dbab.txt,vid4,85,42.5,train,labeled,29,1:14;3:8;4:7,bbox:2;polygon:27,0e63532b1bbb2574af512d233d924e69ecf38864ef7561875bc1d99013a13aac
c34e1ae73da2a1c61ac88fc4f168dae1d66ae4cad424294be82d71126d2dbb69,train/images/vid4_frame_00086_jpg.rf.3dbf00e2df6d5bd371ce982653cdaf6a.jpg,train/labels/vid4_frame_00086_jpg.rf.3dbf00e2df6d5bd371ce982653cdaf6a.txt,vid4,86,43.0,train,labeled,19,1:14;3:2;4:3,bbox:3;polygon:16,c34e1ae73da2a1c61ac88fc4f168dae1d66ae4cad424294be82d71126d2dbb69
a10e531f8fadf4edd669bf9abc2e5a0378f2fa6265de04fc72b0c69942f89e52,train/images/vid4_frame_00087_jpg.rf.b6f9353ebd8dd7b9873cd6c7b1e5dbfc.jpg,train/labels/vid4_frame_00087_jpg.rf.b6f9353ebd8dd7b9873cd6c7b1e5dbfc.txt,vid4,87,43.5,train,labeled,22,1:15;3:2;4:5,bbox:2;polygon:20,a10e531f8fadf4edd669bf9abc2e5a0378f2fa6265de04fc72b0c69942f89e52
f44755efacdc104332542204c3ef7672f3249723ded729a401cb354aa7d42b0a,train/images/vid4_frame_00088_jpg.rf.65f8fb311f4f05b1fad61cf64e714fb8.jpg,train/labels/vid4_frame_00088_jpg.rf.65f8fb311f4f05b1fad61cf64e714fb8.txt,vid4,88,44.0,train,labeled,21,1:14;3:2;4:5,bbox:4;polygon:17,f44755efacdc104332542204c3ef7672f3249723ded729a401cb354aa7d42b0a
790d73309f0498d48619fd90482b417a2be93783f5ff567e7e7c6ddc34220aa0,train/images/vid4_frame_00091_jpg.rf.9b59214a637a479e7dd86c6f35bbca5c.jpg,train/labels/vid4_frame_00091_jpg.rf.9b59214a637a479e7dd86c6f35bbca5c.txt,vid4,91,45.5,train,labeled,19,1:16;3:1;4:2,bbox:1;polygon:18,790d73309f0498d48619fd90482b417a2be93783f5ff567e7e7c6ddc34220aa0
f87cce89ed187ed14ba39ee5b501ca8376ac467df80797d69e275444b58f85c3,train/images/vid4_frame_00092_jpg.rf.841bf924716c1e975698094a80dacaed.jpg,train/labels/vid4_frame_00092_jpg.rf.841bf924716c1e975698094a80dacaed.txt,vid4,92,46.0,train,labeled,19,1:16;4:3,bbox:2;polygon:17,f87cce89ed187ed14ba39ee5b501ca8376ac467df80797d69e275444b58f85c3
f4c2ddf01049481bd6bba6cc16f5ca75c45e6031b3b78fbf5ae92f51b7267586,train/images/vid4_frame_00093_jpg.rf.2603159fbf8df25e6cd02564596e3bb8.jpg,train/labels/vid4_frame_00093_jpg.rf.2603159fbf8df25e6cd02564596e3bb8.txt,vid4,93,46.5,train,labeled,18,1:15;3:1;4:2,bbox:2;polygon:16,f4c2ddf01049481bd6bba6cc16f5ca75c45e6031b3b78fbf5ae92f51b7267586
1c51b0570271b27a3cbe89ee3f6e09e187d78967cee738595072cba0fcf7b025,train/images/vid4_frame_00095_jpg.rf.7150b775438c45efa6a85979fdca1a71.jpg,train/labels/vid4_frame_00095_jpg.rf.7150b775438c45efa6a85979fdca1a71.txt,vid4,95,47.5,train,labeled,19,1:16;3:1;4:2,bbox:4;polygon:15,1c51b0570271b27a3cbe89ee3f6e09e187d78967cee738595072cba0fcf7b025
0c06078d69e3a50e3c1ffaea015b6bba57343b9f9edb2deb444ee602cda6b09c,train/images/vid4_frame_00096_jpg.rf.ed8586a9804a826c63e38481df1cbba9.jpg,train/labels/vid4_frame_00096_jpg.rf.ed8586a9804a826c63e38481df1cbba9.txt,vid4,96,48.0,train,labeled,21,1:16;3:2;4:3,bbox:3;polygon:18,0c06078d69e3a50e3c1ffaea015b6bba57343b9f9edb2deb444ee602cda6b09c
c09de85f8400bafb8b83798c4f83bc9404eb6c1fb98b0634d733ab6e5ac5aa5c,train/images/vid4_frame_00097_jpg.rf.008bb11775fca72d9f1e2df7a0e66589.jpg,train/labels/vid4_frame_00097_jpg.rf.008bb11775fca72d9f1e2df7a0e66589.txt,vid4,97,48.5,train,labeled,17,1:14;3:1;4:2,bbox:5;polygon:12,c09de85f8400bafb8b83798c4f83bc9404eb6c1fb98b0634d733ab6e5ac5aa5c
67cfa9121343008a5351725e665738d3d43405e81775a2e7d6d238eaf48ada27,train/images/vid4_frame_00098_jpg.rf.d9b0f78a747b8db703a91170594791e9.jpg,train/labels/vid4_frame_00098_jpg.rf.d9b0f78a747b8db703a91170594791e9.txt,vid4,98,49.0,train,labeled,16,1:13;4:3,bbox:2;polygon:14,67cfa9121343008a5351725e665738d3d43405e81775a2e7d6d238eaf48ada27
e7237e2634430ffb4d1492ac277d845c76c41f255fe525efc605ca5f6af4fc64,train/images/vid4_frame_00101_jpg.rf.d08a71af33e9dce352f683cb9821a6c4.jpg,train/labels/vid4_frame_00101_jpg.rf.d08a71af33e9dce352f683cb9821a6c4.txt,vid4,101,50.5,train,labeled,13,1:10;4:3,polygon:13,e7237e2634430ffb4d1492ac277d845c76c41f255fe525efc605ca5f6af4fc64
49a57d13c46f158badd0d6938f835a23cb5a7e7c6499b69a8699bb9d6c984de9,train/images/vid4_frame_00102_jpg.rf.ab8bd3a717da6c7555ed3408cf7458a2.jpg,train/labels/vid4_frame_00102_jpg.rf.ab8bd3a717da6c7555ed3408cf7458a2.txt,vid4,102,51.0,train,labeled,16,1:12;4:4,bbox:1;polygon:15,49a57d13c46f158badd0d6938f835a23cb5a7e7c6499b69a8699bb9d6c984de9
d8f00d815802adfdc8d1b64d4bda5294449880f6839e974ce48e0c53d486f3a6,train/images/vid4_frame_00103_jpg.rf.997e6230725e3a0d7476cebc88df6930.jpg,train/labels/vid4_frame_00103_jpg.rf.997e6230725e3a0d7476cebc88df6930.txt,vid4,103,51.5,train,labeled,16,1:15;4:1,bbox:6;polygon:10,d8f00d815802adfdc8d1b64d4bda5294449880f6839e974ce48e0c53d486f3a6
0eec46e1e068a8196d0902f949f8831605100745a5e5596856fc364195a6e88c,train/images/vid4_frame_00104_jpg.rf.5db6108fe443a0d24b66112d6e397df8.jpg,train/labels/vid4_frame_00104_jpg.rf.5db6108fe443a0d24b66112d6e397df8.txt,vid4,104,52.0,train,labeled,10,1:9;4:1,bbox:2;polygon:8,0eec46e1e068a8196d0902f949f8831605100745a5e5596856fc364195a6e88c
d1e10237b4a80d01cce2b70519cbdb0ac1704e41483f10298d7cb744c6ba809a,train/images/vid4_frame_00105_jpg.rf.1ecb5920570f4a354fac3d10af789cc2.jpg,train/labels/vid4_frame_00105_jpg.rf.1ecb5920570f4a354fac3d10af789cc2.txt,vid4,105,52.5,train,labeled,14,1:11;4:3,bbox:2;polygon:12,d1e10237b4a80d01cce2b70519cbdb0ac1704e41483f10298d7cb744c6ba809a
eee5c78c15097f8f5f8080211e22aaf6ca4161755d82ef1c150eddb03d6c4da1,train/images/vid4_frame_00108_jpg.rf.763f46dfbbacefb589cd42a1a6999dd4.jpg,train/labels/vid4_frame_00108_jpg.rf.763f46dfbbacefb589cd42a1a6999dd4.txt,vid4,108,54.0,train,labeled,12,1:11;4:1,bbox:1;polygon:11,eee5c78c15097f8f5f8080211e22aaf6ca4161755d82ef1c150eddb03d6c4da1
c511490be274f2e2b03564f689f58364e86a39eb6a58d18b9c819b5b1eeb8a82,train/images/vid4_frame_00109_jpg.rf.f52b5aec40cbd45e2197df42a6ed480f.jpg,train/labels/vid4_frame_00109_jpg.rf.f52b5aec40cbd45e2197df42a6ed480f.txt,vid4,109,54.5,train,labeled,14,1:13;4:1,bbox:3;polygon:11,c511490be274f2e2b03564f689f58364e86a39eb6a58d18b9c819b5b1eeb8a82
af0719e2b4c199e99126aba631062673829d45648323900135cedec5651dba6e,train/images/vid4_frame_00110_jpg.rf.ebac862dac6e3029bc222790b4354b0f.jpg,train/labels/vid4_frame_00110_jpg.rf.ebac862dac6e3029bc222790b4354b0f.txt,vid4,110,55.0,train,labeled,9,1:7;4:2,bbox:2;polygon:7,af0719e2b4c199e99126aba631062673829d45648323900135cedec5651dba6e
8ff377fe59adafbccfe448c891a8443eda9fb13166641b29f4c0761f93f0942d,train/images/vid4_frame_00111_jpg.rf.20caa6ca3ac7079a9da1c758371b1848.jpg,train/labels/vid4_frame_00111_jpg.rf.20caa6ca3ac7079a9da1c758371b1848.txt,vid4,111,55.5,train,labeled,9,1:7;3:1;4:1,polygon:9,8ff377fe59adafbccfe448c891a8443eda9fb13166641b29f4c0761f93f0942d
b444435af0b864775afddd977bf07ac0dad45d8513f0fe2d8f52e39a684cd205,train/images/vid4_frame_00112_jpg.rf.b3a648f399df578f334cf9f1c9d81e91.jpg,train/labels/vid4_frame_00112_jpg.rf.b3a648f399df578f334cf9f1c9d81e91.txt,vid4,112,56.0,train,labeled,7,1:6;4:1,polygon:7,b444435af0b864775afddd977bf07ac0dad45d8513f0fe2d8f52e39a684cd205
52364903d22ae1f5000fad9fe3c0fc4b38c51389f99e64115d8e60ffca851ee8,train/images/vid4_frame_00114_jpg.rf.ad128f93e56667210d4872b0ff905709.jpg,train/labels/vid4_frame_00114_jpg.rf.ad128f93e56667210d4872b0ff905709.txt,vid4,114,57.0,train,labeled,13,1:11;3:2,bbox:1;polygon:12,52364903d22ae1f5000fad9fe3c0fc4b38c51389f99e64115d8e60ffca851ee8
2b04ffaba2413e410793e70147d3efabf6f3df68ef6bcfbe95a421c007695994,train/images/vid4_frame_00115_jpg.rf.3cbedf806842bb1af4668a242277de30.jpg,train/labels/vid4_frame_00115_jpg.rf.3cbedf806842bb1af4668a242277de30.txt,vid4,115,57.5,train,labeled,8,1:6;3:1;4:1,bbox:2;polygon:6,2b04ffaba2413e410793e70147d3efabf6f3df68ef6bcfbe95a421c007695994
ed0c616312c27eb7e7551aedfca3539ce808b96fbc8fc95d857c68531218ac47,train/images/vid4_frame_00116_jpg.rf.7a4e51759614c734f0eac8657a391c63.jpg,train/labels/vid4_frame_00116_jpg.rf.7a4e51759614c734f0eac8657a391c63.txt,vid4,116,58.0,train,labeled,12,1:9;3:1;4:2,polygon:12,ed0c616312c27eb7e7551aedfca3539ce808b96fbc8fc95d857c68531218ac47
c09b565539b61ae9277369358f19d337fb0fc341603492e5e30369cd01a03172,train/images/vid4_frame_00117_jpg.rf.d5c078a7dafe390694e59d3323904eca.jpg,train/labels/vid4_frame_00117_jpg.rf.d5c078a7dafe390694e59d3323904eca.txt,vid4,117,58.5,train,labeled,14,1:10;3:1;4:3,bbox:1;polygon:13,c09b565539b61ae9277369358f19d337fb0fc341603492e5e30369cd01a03172
d90d6c843780899595a89e7087d3d124ee87537fbe77e9ecb2d024890a6a51e3,train/images/vid4_frame_00118_jpg.rf.f133bca4a863196d539869be3b4faa96.jpg,train/labels/vid4_frame_00118_jpg.rf.f133bca4a863196d539869be3b4faa96.txt,vid4,118,59.0,train,labeled,10,1:9;4:1,bbox:1;polygon:9,d90d6c843780899595a89e7087d3d124ee87537fbe77e9ecb2d024890a6a51e3
85b200ecfb5ceeb185a7c3387e2552f27718a5448e1f3e86bde58d5e1865dea3,train/images/vid4_frame_00119_jpg.rf.ce02a96ec8e9cc18ac2d82d583aa95e6.jpg,train/labels/vid4_frame_00119_jpg.rf.ce02a96ec8e9cc18ac2d82d583aa95e6.txt,vid4,119,59.5,train,labeled,10,1:9;4:1,bbox:4;polygon:6,85b200ecfb5ceeb185a7c3387e2552f27718a5448e1f3e86bde58d5e1865dea3
922cd88601987b19790188fe56ff2e6ef9b6497ece2debc96bdf9d0865221c90,train/images/vid4_frame_00120_jpg.rf.8dc34a281491aa21a3e3285a67a30d63.jpg,train/labels/vid4_frame_00120_jpg.rf.8dc34a281491aa21a3e3285a67a30d63.txt,vid4,120,60.0,train,labeled,11,1:9;4:2,bbox:1;polygon:10,922cd88601987b19790188fe56ff2e6ef9b6497ece2debc96bdf9d0865221c90
c6e38ad4ca617c6bcee3f52d89061ed2a518dfee41207c002b7ae7fcae2e55ae,train/images/vid4_frame_00121_jpg.rf.35845dc2cffda4a2a2ff92f36d652e97.jpg,train/labels/vid4_frame_00121_jpg.rf.35845dc2cffda4a2a2ff92f36d652e97.txt,vid4,121,60.5,train,labeled,7,1:6;4:1,polygon:7,c6e38ad4ca617c6bcee3f52d89061ed2a518dfee41207c002b7ae7fcae2e55ae
3b373dd314353a93906b54ab2871123dc786ba363d377cfda1684563546e7a96,train/images/vid4_frame_00123_jpg.rf.14ce2f2aeac62254e388648cce00bf33.jpg,train/labels/vid4_frame_00123_jpg.rf.14ce2f2aeac62254e388648cce00bf33.txt,vid4,123,61.5,train,labeled,6,1:5;4:1,bbox:2;polygon:4,3b373dd314353a93906b54ab2871123dc786ba363d377cfda1684563546e7a96
31773eac0048c8d961c9d8789a13eed2099158e3fa70c7614618ad0170ea104b,train/images/vid4_frame_00124_jpg.rf.76e822f3350834b62d881aae60e7300a.jpg,train/labels/vid4_frame_00124_jpg.rf.76e822f3350834b62d881aae60e7300a.txt,vid4,124,62.0,train,labeled,3,1:3,polygon:3,31773eac0048c8d961c9d8789a13eed2099158e3fa70c7614618ad0170ea104b
562e951cceb42bf8afa62e31bee7e29eaa880b5dacb81a5a6bf2b379be9a1775,train/images/vid4_frame_00125_jpg.rf.820466bd0578b41e86a0ea1970ed03b4.jpg,train/labels/vid4_frame_00125_jpg.rf.820466bd0578b41e86a0ea1970ed03b4.txt,vid4,125,62.5,train,labeled,2,1:2,polygon:2,562e951cceb42bf8afa62e31bee7e29eaa880b5dacb81a5a6bf2b379be9a1775
fde586eea1d3fa18cde14674015709514495e9a5c494c95bec923c7a808d75bf,train/images/vid4_frame_00127_jpg.rf.5765d4aff4f1eeeca21bce9f841393d6.jpg,train/labels/vid4_frame_00127_jpg.rf.5765d4aff4f1eeeca21bce9f841393d6.txt,vid4,127,63.5,train,labeled,4,1:3;4:1,polygon:4,fde586eea1d3fa18cde14674015709514495e9a5c494c95bec923c7a808d75bf
c027d16cd02c7951b117641f3ccde163809b36e8d2147ae219dacf81d68fd686,train/images/vid4_frame_00128_jpg.rf.af6b29e06a2d4a543f7d6d26e03b763d.jpg,train/labels/vid4_frame_00128_jpg.rf.af6b29e06a2d4a543f7d6d26e03b763d.txt,vid4,128,64.0,train,labeled,3,1:2;4:1,polygon:3,c027d16cd02c7951b117641f3ccde163809b36e8d2147ae219dacf81d68fd686
60eb7a6eb75daeb8879e0412356256d5e40bcd283ea1bb297725043a7dc98e80,train/images/vid4_frame_00129_jpg.rf.7590f12a547fdb60afb189c32faa501c.jpg,train/labels/vid4_frame_00129_jpg.rf.7590f12a547fdb60afb189c32faa501c.txt,vid4,129,64.5,train,labeled,2,1:1;4:1,polygon:2,60eb7a6eb75daeb8879e0412356256d5e40bcd283ea1bb297725043a7dc98e80
6576cbc891426649700bd0fd89d84d943f071da1e0ed80f73e2ff8a4f1c2fc18,train/images/vid4_frame_00131_jpg.rf.a19aba0f561a51dd399f116ac77bfdfd.jpg,train/labels/vid4_frame_00131_jpg.rf.a19aba0f561a51dd399f116ac77bfdfd.txt,vid4,131,65.5,train,labeled,2,1:1;4:1,polygon:2,6576cbc891426649700bd0fd89d84d943f071da1e0ed80f73e2ff8a4f1c2fc18
48b3f7c7f0395afd0ac451135aaab048767b400f8f7304071cde3673f8971a86,train/images/vid4_frame_00132_jpg.rf.1867c629094824a7c66cd42ef34f45ed.jpg,train/labels/vid4_frame_00132_jpg.rf.1867c629094824a7c66cd42ef34f45ed.txt,vid4,132,66.0,train,labeled,3,1:3,bbox:1;polygon:2,48b3f7c7f0395afd0ac451135aaab048767b400f8f7304071cde3673f8971a86
78e7fe08b8f48fd04cfe66fb2f8d3f5d3517bf9c5561e2864f956536b9d3c0ef,train/images/vid4_frame_00135_jpg.rf.4796593a104a3fbadf5fc951db024cec.jpg,train/labels/vid4_frame_00135_jpg.rf.4796593a104a3fbadf5fc951db024cec.txt,vid4,135,67.5,train,labeled,5,1:4;4:1,bbox:1;polygon:4,78e7fe08b8f48fd04cfe66fb2f8d3f5d3517bf9c5561e2864f956536b9d3c0ef
e829c1dff195dfc3c24c915e5e10977de97a3a96b197b770aa917d91444d32cf,train/images/vid4_frame_00136_jpg.rf.297484c74138ee44dcc238122f4dcb65.jpg,train/labels/vid4_frame_00136_jpg.rf.297484c74138ee44dcc238122f4dcb65.txt,vid4,136,68.0,train,labeled,7,1:6;4:1,polygon:7,e829c1dff195dfc3c24c915e5e10977de97a3a96b197b770aa917d91444d32cf
a5d620b4d79d1fed55de41e6eb318623664c1f5c74bca5bbac45e0a2b5e9070d,train/images/vid4_frame_00137_jpg.rf.cb870d1879069398c9231574535e8fef.jpg,train/labels/vid4_frame_00137_jpg.rf.cb870d1879069398c9231574535e8fef.txt,vid4,137,68.5,train,labeled,10,1:8;4:2,bbox:2;polygon:8,a5d620b4d79d1fed55de41e6eb318623664c1f5c74bca5bbac45e0a2b5e9070d
ab4a44941358222df99104955fd3e15629a243d11b111878aecfa7af94eee3f7,train/images/vid4_frame_00138_jpg.rf.bf9a4a070f81dc8dbc7b256f750d64c7.jpg,train/labels/vid4_frame_00138_jpg.rf.bf9a4a070f81dc8dbc7b256f750d64c7.txt,vid4,138,69.0,train,labeled,7,1:5;4:2,polygon:7,ab4a44941358222df99104955fd3e15629a243d11b111878aecfa7af94eee3f7
143f41b59a56b687425e8e13c3e487a0fd39bf5a4dbd789ca343e3b8f929e22d,train/images/vid4_frame_00139_jpg.rf.c7cf26194cc222f1dfb4af41c06e715d.jpg,train/labels/vid4_frame_00139_jpg.rf.c7cf26194cc222f1dfb4af41c06e715d.txt,vid4,139,69.5,train,labeled,8,1:7;4:1,polygon:8,143f41b59a56b687425e8e13c3e487a0fd39bf5a4dbd789ca343e3b8f929e22d
7359eebba99ae2559240a876557233822c0441063a3490aa4216f5ec1bfa47fb,train/images/YTDown-com_YouTube_Crazy-rush-hour-traffic-in-Saigon-Ho-Chi_Media_V8paX22Sgzg_001_1080p_frame_00000_jpg.rf.a530c2fd738481df59bde09a1cc78a9e.jpg,train/labels/YTDown-com_YouTube_Crazy-rush-hour-traffic-in-Saigon-Ho-Chi_Media_V8paX22Sgzg_001_1080p_frame_00000_jpg.rf.a530c2fd738481df59bde09a1cc78a9e.txt,YTDown-com_YouTube_Crazy-rush-hour-traffic-in-Saigon-Ho-Chi_Media_V8paX22Sgzg_001_1080p,0,0.0,train,labeled,55,0:1;1:5;2:49,bbox:3;polygon:52,7359eebba99ae2559240a876557233822c0441063a3490aa4216f5ec1bfa47fb
b5043d7724d175190e600261317c7d013457b755ca5b6b2a8f8df192c3ae5a97,train/images/YTDown-com_YouTube_Crazy-rush-hour-traffic-in-Saigon-Ho-Chi_Media_V8paX22Sgzg_001_1080p_frame_00001_jpg.rf.402c998c5e06d664633831887b44943b.jpg,train/labels/YTDown-com_YouTube_Crazy-rush-hour-traffic-in-Saigon-Ho-Chi_Media_V8paX22Sgzg_001_1080p_frame_00001_jpg.rf.402c998c5e06d664633831887b44943b.txt,YTDown-com_YouTube_Crazy-rush-hour-traffic-in-Saigon-Ho-Chi_Media_V8paX22Sgzg_001_1080p,1,0.5,train,labeled,60,0:2;1:5;2:51;3:2,bbox:2;polygon:58,b5043d7724d175190e600261317c7d013457b755ca5b6b2a8f8df192c3ae5a97
b36bd9fc654b9cd7aa199889b9ea6d761b828591e1a912309139253d5e83e16f,train/images/YTDown-com_YouTube_Crazy-rush-hour-traffic-in-Saigon-Ho-Chi_Media_V8paX22Sgzg_001_1080p_frame_00003_jpg.rf.005d3e2fdac45de7c72c5135f2e0846f.jpg,train/labels/YTDown-com_YouTube_Crazy-rush-hour-traffic-in-Saigon-Ho-Chi_Media_V8paX22Sgzg_001_1080p_frame_00003_jpg.rf.005d3e2fdac45de7c72c5135f2e0846f.txt,YTDown-com_YouTube_Crazy-rush-hour-traffic-in-Saigon-Ho-Chi_Media_V8paX22Sgzg_001_1080p,3,1.5,train,labeled,51,0:2;1:5;2:43;3:1,bbox:1;polygon:50,b36bd9fc654b9cd7aa199889b9ea6d761b828591e1a912309139253d5e83e16f
faef821a1ca8e71c1aeef67b13f47d05ed26c19b913204511e0d6e7566142bb7,train/images/YTDown-com_YouTube_Crazy-rush-hour-traffic-in-Saigon-Ho-Chi_Media_V8paX22Sgzg_001_1080p_frame_00004_jpg.rf.e72cbc55950f2536f4bfa284ee56fe0b.jpg,train/labels/YTDown-com_YouTube_Crazy-rush-hour-traffic-in-Saigon-Ho-Chi_Media_V8paX22Sgzg_001_1080p_frame_00004_jpg.rf.e72cbc55950f2536f4bfa284ee56fe0b.txt,YTDown-com_YouTube_Crazy-rush-hour-traffic-in-Saigon-Ho-Chi_Media_V8paX22Sgzg_001_1080p,4,2.0,train,labeled,47,0:2;1:5;2:37;3:3,polygon:47,faef821a1ca8e71c1aeef67b13f47d05ed26c19b913204511e0d6e7566142bb7
8e889d0b19f33a842e7d6373163092e128245a6077a857af06a97cb05b34b39b,train/images/YTDown-com_YouTube_Crazy-rush-hour-traffic-in-Saigon-Ho-Chi_Media_V8paX22Sgzg_001_1080p_frame_00006_jpg.rf.81d034799ab8eecf7f7b04fd5ddb8867.jpg,train/labels/YTDown-com_YouTube_Crazy-rush-hour-traffic-in-Saigon-Ho-Chi_Media_V8paX22Sgzg_001_1080p_frame_00006_jpg.rf.81d034799ab8eecf7f7b04fd5ddb8867.txt,YTDown-com_YouTube_Crazy-rush-hour-traffic-in-Saigon-Ho-Chi_Media_V8paX22Sgzg_001_1080p,6,3.0,train,labeled,51,0:1;1:4;2:44;3:2,bbox:1;polygon:50,8e889d0b19f33a842e7d6373163092e128245a6077a857af06a97cb05b34b39b
edf9fae0093a4bdab9a9270dee9fc7a087171e8f664a177f6d9020f3d658096d,train/images/YTDown-com_YouTube_Crazy-rush-hour-traffic-in-Saigon-Ho-Chi_Media_V8paX22Sgzg_001_1080p_frame_00007_jpg.rf.d8f990ad5c58738a57f3360959350a86.jpg,train/labels/YTDown-com_YouTube_Crazy-rush-hour-traffic-in-Saigon-Ho-Chi_Media_V8paX22Sgzg_001_1080p_frame_00007_jpg.rf.d8f990ad5c58738a57f3360959350a86.txt,YTDown-com_YouTube_Crazy-rush-hour-traffic-in-Saigon-Ho-Chi_Media_V8paX22Sgzg_001_1080p,7,3.5,train,labeled,55,0:1;1:5;2:47;3:2,polygon:55,edf9fae0093a4bdab9a9270dee9fc7a087171e8f664a177f6d9020f3d658096d
ebafc9ac136c08f2317ee646a1591b89cac8deec0a5678ac000f93ebfa0ec6fd,train/images/YTDown-com_YouTube_Crazy-rush-hour-traffic-in-Saigon-Ho-Chi_Media_V8paX22Sgzg_001_1080p_frame_00008_jpg.rf.87db7b2c7841e6400f185cc6f24f80bc.jpg,train/labels/YTDown-com_YouTube_Crazy-rush-hour-traffic-in-Saigon-Ho-Chi_Media_V8paX22Sgzg_001_1080p_frame_00008_jpg.rf.87db7b2c7841e6400f185cc6f24f80bc.txt,YTDown-com_YouTube_Crazy-rush-hour-traffic-in-Saigon-Ho-Chi_Media_V8paX22Sgzg_001_1080p,8,4.0,train,labeled,52,0:2;1:4;2:46,bbox:1;polygon:51,ebafc9ac136c08f2317ee646a1591b89cac8deec0a5678ac000f93ebfa0ec6fd
b5657c01c65cad6817b6b849fe1928d4bf225b0504322d9acf2e3f72bad4aea7,train/images/YTDown-com_YouTube_Crazy-rush-hour-traffic-in-Saigon-Ho-Chi_Media_V8paX22Sgzg_001_1080p_frame_00009_jpg.rf.bf2992cb02b280b3336f4444bb94ddb5.jpg,train/labels/YTDown-com_YouTube_Crazy-rush-hour-traffic-in-Saigon-Ho-Chi_Media_V8paX22Sgzg_001_1080p_frame_00009_jpg.rf.bf2992cb02b280b3336f4444bb94ddb5.txt,YTDown-com_YouTube_Crazy-rush-hour-traffic-in-Saigon-Ho-Chi_Media_V8paX22Sgzg_001_1080p,9,4.5,train,labeled,51,0:1;1:4;2:46,bbox:2;polygon:49,b5657c01c65cad6817b6b849fe1928d4bf225b0504322d9acf2e3f72bad4aea7
b165fc08fedad697da694de01c41a2ac4f22759130eda5919b617b8270b07af7,train/images/YTDown-com_YouTube_Crazy-rush-hour-traffic-in-Saigon-Ho-Chi_Media_V8paX22Sgzg_001_1080p_frame_00011_jpg.rf.340286f5690bf090845e3788472ba386.jpg,train/labels/YTDown-com_YouTube_Crazy-rush-hour-traffic-in-Saigon-Ho-Chi_Media_V8paX22Sgzg_001_1080p_frame_00011_jpg.rf.340286f5690bf090845e3788472ba386.txt,YTDown-com_YouTube_Crazy-rush-hour-traffic-in-Saigon-Ho-Chi_Media_V8paX22Sgzg_001_1080p,11,5.5,train,labeled,55,0:1;1:4;2:50,polygon:55,b165fc08fedad697da694de01c41a2ac4f22759130eda5919b617b8270b07af7
fb208f35e69d49a8c6ad2b4bf284714f6d085c93d805535bd167525c2c78302d,train/images/YTDown-com_YouTube_Crazy-rush-hour-traffic-in-Saigon-Ho-Chi_Media_V8paX22Sgzg_001_1080p_frame_00012_jpg.rf.cd52fd07fd73dac2cb50bf5baedfb4c5.jpg,train/labels/YTDown-com_YouTube_Crazy-rush-hour-traffic-in-Saigon-Ho-Chi_Media_V8paX22Sgzg_001_1080p_frame_00012_jpg.rf.cd52fd07fd73dac2cb50bf5baedfb4c5.txt,YTDown-com_YouTube_Crazy-rush-hour-traffic-in-Saigon-Ho-Chi_Media_V8paX22Sgzg_001_1080p,12,6.0,train,labeled,46,0:1;1:4;2:41,bbox:1;polygon:45,fb208f35e69d49a8c6ad2b4bf284714f6d085c93d805535bd167525c2c78302d
9049aeb236e678f8dd91caadd971a05b65bd11b6d565c02e945da999dd4b4e61,train/images/YTDown-com_YouTube_Crazy-rush-hour-traffic-in-Saigon-Ho-Chi_Media_V8paX22Sgzg_001_1080p_frame_00013_jpg.rf.c6cfb4b183fef02fe5fb977c14470981.jpg,train/labels/YTDown-com_YouTube_Crazy-rush-hour-traffic-in-Saigon-Ho-Chi_Media_V8paX22Sgzg_001_1080p_frame_00013_jpg.rf.c6cfb4b183fef02fe5fb977c14470981.txt,YTDown-com_YouTube_Crazy-rush-hour-traffic-in-Saigon-Ho-Chi_Media_V8paX22Sgzg_001_1080p,13,6.5,train,labeled,40,0:1;1:5;2:34,bbox:1;polygon:39,9049aeb236e678f8dd91caadd971a05b65bd11b6d565c02e945da999dd4b4e61
ba69e478c501324be76ac7de672a12b1a7f572c9dcd030af1924802361861318,train/images/YTDown-com_YouTube_Crazy-rush-hour-traffic-in-Saigon-Ho-Chi_Media_V8paX22Sgzg_001_1080p_frame_00015_jpg.rf.a8706349cbe4559a94e395721a569667.jpg,train/labels/YTDown-com_YouTube_Crazy-rush-hour-traffic-in-Saigon-Ho-Chi_Media_V8paX22Sgzg_001_1080p_frame_00015_jpg.rf.a8706349cbe4559a94e395721a569667.txt,YTDown-com_YouTube_Crazy-rush-hour-traffic-in-Saigon-Ho-Chi_Media_V8paX22Sgzg_001_1080p,15,7.5,train,labeled,45,0:1;1:7;2:36;3:1,bbox:1;polygon:44,ba69e478c501324be76ac7de672a12b1a7f572c9dcd030af1924802361861318
44e7937b660c96f25ebeee4d4d275aabb632caa9c7d99f5770526643468f2b38,train/images/YTDown-com_YouTube_Crazy-rush-hour-traffic-in-Saigon-Ho-Chi_Media_V8paX22Sgzg_001_1080p_frame_00019_jpg.rf.ed7a45094c2a17926864bcc07f1b525b.jpg,train/labels/YTDown-com_YouTube_Crazy-rush-hour-traffic-in-Saigon-Ho-Chi_Media_V8paX22Sgzg_001_1080p_frame_00019_jpg.rf.ed7a45094c2a17926864bcc07f1b525b.txt,YTDown-com_YouTube_Crazy-rush-hour-traffic-in-Saigon-Ho-Chi_Media_V8paX22Sgzg_001_1080p,19,9.5,train,labeled,41,0:1;1:11;2:26;3:3,bbox:1;polygon:40,44e7937b660c96f25ebeee4d4d275aabb632caa9c7d99f5770526643468f2b38
8610d6cbee65d6e28fc9f48000ee128b9a03e4ec19edc30333ac21978e95d69a,train/images/YTDown-com_YouTube_Crazy-rush-hour-traffic-in-Saigon-Ho-Chi_Media_V8paX22Sgzg_001_1080p_frame_00020_jpg.rf.7802137cd3c6ee36e4a9d68d244fb224.jpg,train/labels/YTDown-com_YouTube_Crazy-rush-hour-traffic-in-Saigon-Ho-Chi_Media_V8paX22Sgzg_001_1080p_frame_00020_jpg.rf.7802137cd3c6ee36e4a9d68d244fb224.txt,YTDown-com_YouTube_Crazy-rush-hour-traffic-in-Saigon-Ho-Chi_Media_V8paX22Sgzg_001_1080p,20,10.0,train,labeled,37,0:2;1:7;2:26;3:2,polygon:37,8610d6cbee65d6e28fc9f48000ee128b9a03e4ec19edc30333ac21978e95d69a
0eff75b5a19c62e08f6add710331b710d9ce91273c65fb4569a8238715a116cb,train/images/YTDown-com_YouTube_Crazy-rush-hour-traffic-in-Saigon-Ho-Chi_Media_V8paX22Sgzg_001_1080p_frame_00021_jpg.rf.fa0884090b5489b1689198e7ac7c7fc6.jpg,train/labels/YTDown-com_YouTube_Crazy-rush-hour-traffic-in-Saigon-Ho-Chi_Media_V8paX22Sgzg_001_1080p_frame_00021_jpg.rf.fa0884090b5489b1689198e7ac7c7fc6.txt,YTDown-com_YouTube_Crazy-rush-hour-traffic-in-Saigon-Ho-Chi_Media_V8paX22Sgzg_001_1080p,21,10.5,train,labeled,38,0:1;1:7;2:27;3:3,polygon:38,0eff75b5a19c62e08f6add710331b710d9ce91273c65fb4569a8238715a116cb
2f3e550c97954f8914b7340d74f11a3df2c34fe83827cfd526e0d60ef80b8303,train/images/YTDown-com_YouTube_Crazy-rush-hour-traffic-in-Saigon-Ho-Chi_Media_V8paX22Sgzg_001_1080p_frame_00022_jpg.rf.1b6e29c379f091056989ce308d1503fa.jpg,train/labels/YTDown-com_YouTube_Crazy-rush-hour-traffic-in-Saigon-Ho-Chi_Media_V8paX22Sgzg_001_1080p_frame_00022_jpg.rf.1b6e29c379f091056989ce308d1503fa.txt,YTDown-com_YouTube_Crazy-rush-hour-traffic-in-Saigon-Ho-Chi_Media_V8paX22Sgzg_001_1080p,22,11.0,train,labeled,39,0:1;1:10;2:25;3:3,bbox:1;polygon:38,2f3e550c97954f8914b7340d74f11a3df2c34fe83827cfd526e0d60ef80b8303
6f8d30c70a6ab498eec6ffa08673025477794108897e751396c5ee5832e9895b,train/images/YTDown-com_YouTube_Crazy-rush-hour-traffic-in-Saigon-Ho-Chi_Media_V8paX22Sgzg_001_1080p_frame_00023_jpg.rf.ad6391d53173c0792dac944ab064795a.jpg,train/labels/YTDown-com_YouTube_Crazy-rush-hour-traffic-in-Saigon-Ho-Chi_Media_V8paX22Sgzg_001_1080p_frame_00023_jpg.rf.ad6391d53173c0792dac944ab064795a.txt,YTDown-com_YouTube_Crazy-rush-hour-traffic-in-Saigon-Ho-Chi_Media_V8paX22Sgzg_001_1080p,23,11.5,train,labeled,42,0:1;1:8;2:26;3:7,bbox:3;polygon:39,6f8d30c70a6ab498eec6ffa08673025477794108897e751396c5ee5832e9895b
d3b1d7ff525dc6e55097d73c88e9f6ed698304bcd1bfd5ac7a9ddde788033bd2,train/images/YTDown-com_YouTube_Crazy-rush-hour-traffic-in-Saigon-Ho-Chi_Media_V8paX22Sgzg_001_1080p_frame_00024_jpg.rf.bdab8d31d82cf69f573c3b0e7537830f.jpg,train/labels/YTDown-com_YouTube_Crazy-rush-hour-traffic-in-Saigon-Ho-Chi_Media_V8paX22Sgzg_001_1080p_frame_00024_jpg.rf.bdab8d31d82cf69f573c3b0e7537830f.txt,YTDown-com_YouTube_Crazy-rush-hour-traffic-in-Saigon-Ho-Chi_Media_V8paX22Sgzg_001_1080p,24,12.0,train,labeled,44,0:2;1:7;2:29;3:6,bbox:1;polygon:43,d3b1d7ff525dc6e55097d73c88e9f6ed698304bcd1bfd5ac7a9ddde788033bd2
4181cf2d08232f6d5f3c572d580e52469215e7f6efd0d03e3239e35c053afd35,train/images/YTDown-com_YouTube_Crazy-rush-hour-traffic-in-Saigon-Ho-Chi_Media_V8paX22Sgzg_001_1080p_frame_00025_jpg.rf.6a9233ead66c667779e59b7cab93ae12.jpg,train/labels/YTDown-com_YouTube_Crazy-rush-hour-traffic-in-Saigon-Ho-Chi_Media_V8paX22Sgzg_001_1080p_frame_00025_jpg.rf.6a9233ead66c667779e59b7cab93ae12.txt,YTDown-com_YouTube_Crazy-rush-hour-traffic-in-Saigon-Ho-Chi_Media_V8paX22Sgzg_001_1080p,25,12.5,train,labeled,47,0:3;1:9;2:32;3:3,bbox:1;polygon:46,4181cf2d08232f6d5f3c572d580e52469215e7f6efd0d03e3239e35c053afd35
abd46958f3f80388d596951b062d9ef7a0e0833bbc6b261f51ebf192b9563c96,train/images/YTDown-com_YouTube_Crazy-rush-hour-traffic-in-Saigon-Ho-Chi_Media_V8paX22Sgzg_001_1080p_frame_00026_jpg.rf.f8a2a56bbd0109dd1205a8bd499624f1.jpg,train/labels/YTDown-com_YouTube_Crazy-rush-hour-traffic-in-Saigon-Ho-Chi_Media_V8paX22Sgzg_001_1080p_frame_00026_jpg.rf.f8a2a56bbd0109dd1205a8bd499624f1.txt,YTDown-com_YouTube_Crazy-rush-hour-traffic-in-Saigon-Ho-Chi_Media_V8paX22Sgzg_001_1080p,26,13.0,train,labeled,48,0:1;1:8;2:37;3:2,bbox:1;polygon:47,abd46958f3f80388d596951b062d9ef7a0e0833bbc6b261f51ebf192b9563c96
556819af5755c4baedfd08e792f87c13ff7801de2c862313db7f19958df901cb,train/images/YTDown-com_YouTube_Crazy-rush-hour-traffic-in-Saigon-Ho-Chi_Media_V8paX22Sgzg_001_1080p_frame_00027_jpg.rf.9edfed6dc300331c445049098e128f70.jpg,train/labels/YTDown-com_YouTube_Crazy-rush-hour-traffic-in-Saigon-Ho-Chi_Media_V8paX22Sgzg_001_1080p_frame_00027_jpg.rf.9edfed6dc300331c445049098e128f70.txt,YTDown-com_YouTube_Crazy-rush-hour-traffic-in-Saigon-Ho-Chi_Media_V8paX22Sgzg_001_1080p,27,13.5,train,labeled,58,0:1;1:9;2:41;3:7,bbox:2;polygon:56,556819af5755c4baedfd08e792f87c13ff7801de2c862313db7f19958df901cb
113988f77cca06cb592250a2a0a261c9210f7c002509716240b2d4af2d7587f8,train/images/YTDown-com_YouTube_Crazy-rush-hour-traffic-in-Saigon-Ho-Chi_Media_V8paX22Sgzg_001_1080p_frame_00028_jpg.rf.0d9692985267b5d4b979303033c42a4c.jpg,train/labels/YTDown-com_YouTube_Crazy-rush-hour-traffic-in-Saigon-Ho-Chi_Media_V8paX22Sgzg_001_1080p_frame_00028_jpg.rf.0d9692985267b5d4b979303033c42a4c.txt,YTDown-com_YouTube_Crazy-rush-hour-traffic-in-Saigon-Ho-Chi_Media_V8paX22Sgzg_001_1080p,28,14.0,train,labeled,51,0:1;1:4;2:44;3:2,polygon:51,113988f77cca06cb592250a2a0a261c9210f7c002509716240b2d4af2d7587f8
156a1ff9364c706cfd719dfbcb3b4650997be8205a3aa07917afc98c6b9f9563,train/images/YTDown-com_YouTube_Crazy-rush-hour-traffic-in-Saigon-Ho-Chi_Media_V8paX22Sgzg_001_1080p_frame_00029_jpg.rf.7e6e9311547d55e73d65413ecd800867.jpg,train/labels/YTDown-com_YouTube_Crazy-rush-hour-traffic-in-Saigon-Ho-Chi_Media_V8paX22Sgzg_001_1080p_frame_00029_jpg.rf.7e6e9311547d55e73d65413ecd800867.txt,YTDown-com_YouTube_Crazy-rush-hour-traffic-in-Saigon-Ho-Chi_Media_V8paX22Sgzg_001_1080p,29,14.5,train,labeled,55,0:1;1:4;2:48;3:2,bbox:3;polygon:52,156a1ff9364c706cfd719dfbcb3b4650997be8205a3aa07917afc98c6b9f9563
a7f59839941617fee3a55d97cde0139bb26d3c6b703048b38cc40a48208f27e8,train/images/YTDown-com_YouTube_Crazy-rush-hour-traffic-in-Saigon-Ho-Chi_Media_V8paX22Sgzg_001_1080p_frame_00030_jpg.rf.2cfd34c69b408d934d19eec4313887fe.jpg,train/labels/YTDown-com_YouTube_Crazy-rush-hour-traffic-in-Saigon-Ho-Chi_Media_V8paX22Sgzg_001_1080p_frame_00030_jpg.rf.2cfd34c69b408d934d19eec4313887fe.txt,YTDown-com_YouTube_Crazy-rush-hour-traffic-in-Saigon-Ho-Chi_Media_V8paX22Sgzg_001_1080p,30,15.0,train,labeled,53,0:1;1:2;2:48;3:2,bbox:1;polygon:52,a7f59839941617fee3a55d97cde0139bb26d3c6b703048b38cc40a48208f27e8
6b1fc0e173b669d4f63d1747914360f10396a746f4a42c85315ef223c15e8887,train/images/YTDown-com_YouTube_Crazy-rush-hour-traffic-in-Saigon-Ho-Chi_Media_V8paX22Sgzg_001_1080p_frame_00031_jpg.rf.23c0d8abf3800e999df33580551bf82e.jpg,train/labels/YTDown-com_YouTube_Crazy-rush-hour-traffic-in-Saigon-Ho-Chi_Media_V8paX22Sgzg_001_1080p_frame_00031_jpg.rf.23c0d8abf3800e999df33580551bf82e.txt,YTDown-com_YouTube_Crazy-rush-hour-traffic-in-Saigon-Ho-Chi_Media_V8paX22Sgzg_001_1080p,31,15.5,train,labeled,45,0:1;1:2;2:41;3:1,polygon:45,6b1fc0e173b669d4f63d1747914360f10396a746f4a42c85315ef223c15e8887
e8fde1f6dbcac26be5b5a9733029c2ea9d07c115c42d04227e583c6efb4f7765,train/images/YTDown-com_YouTube_Crazy-rush-hour-traffic-in-Saigon-Ho-Chi_Media_V8paX22Sgzg_001_1080p_frame_00032_jpg.rf.ae038ccb1e6fbd69dfb0a26d8603b41e.jpg,train/labels/YTDown-com_YouTube_Crazy-rush-hour-traffic-in-Saigon-Ho-Chi_Media_V8paX22Sgzg_001_1080p_frame_00032_jpg.rf.ae038ccb1e6fbd69dfb0a26d8603b41e.txt,YTDown-com_YouTube_Crazy-rush-hour-traffic-in-Saigon-Ho-Chi_Media_V8paX22Sgzg_001_1080p,32,16.0,train,labeled,44,0:1;2:37;3:6,polygon:44,e8fde1f6dbcac26be5b5a9733029c2ea9d07c115c42d04227e583c6efb4f7765
64c00f7381971e3260392491b247f395eaadb25d120e1ba3e83b4001897ae5c5,train/images/YTDown-com_YouTube_Crazy-rush-hour-traffic-in-Saigon-Ho-Chi_Media_V8paX22Sgzg_001_1080p_frame_00033_jpg.rf.a28572fc6a6623ac481b1ff6ce4ee07a.jpg,train/labels/YTDown-com_YouTube_Crazy-rush-hour-traffic-in-Saigon-Ho-Chi_Media_V8paX22Sgzg_001_1080p_frame_00033_jpg.rf.a28572fc6a6623ac481b1ff6ce4ee07a.txt,YTDown-com_YouTube_Crazy-rush-hour-traffic-in-Saigon-Ho-Chi_Media_V8paX22Sgzg_001_1080p,33,16.5,train,labeled,36,0:1;2:31;3:4,polygon:36,64c00f7381971e3260392491b247f395eaadb25d120e1ba3e83b4001897ae5c5
d52cf253c055c886f97563ef13e043e5e6f16ebccaf88b0d7765981e16163d9c,train/images/YTDown-com_YouTube_Crazy-rush-hour-traffic-in-Saigon-Ho-Chi_Media_V8paX22Sgzg_001_1080p_frame_00035_jpg.rf.d7420b9a4f8a738e2443b80fe37fd1ed.jpg,train/labels/YTDown-com_YouTube_Crazy-rush-hour-traffic-in-Saigon-Ho-Chi_Media_V8paX22Sgzg_001_1080p_frame_00035_jpg.rf.d7420b9a4f8a738e2443b80fe37fd1ed.txt,YTDown-com_YouTube_Crazy-rush-hour-traffic-in-Saigon-Ho-Chi_Media_V8paX22Sgzg_001_1080p,35,17.5,train,labeled,52,0:1;2:36;3:15,bbox:2;polygon:50,d52cf253c055c886f97563ef13e043e5e6f16ebccaf88b0d7765981e16163d9c
c9b20d625c3076f5934bd9349bed28b5a5455d61044f1bfd239a84973173971a,train/images/YTDown-com_YouTube_Crazy-rush-hour-traffic-in-Saigon-Ho-Chi_Media_V8paX22Sgzg_001_1080p_frame_00036_jpg.rf.362665a4d981c63470c8b5fd88d403e0.jpg,train/labels/YTDown-com_YouTube_Crazy-rush-hour-traffic-in-Saigon-Ho-Chi_Media_V8paX22Sgzg_001_1080p_frame_00036_jpg.rf.362665a4d981c63470c8b5fd88d403e0.txt,YTDown-com_YouTube_Crazy-rush-hour-traffic-in-Saigon-Ho-Chi_Media_V8paX22Sgzg_001_1080p,36,18.0,train,labeled,41,0:1;2:31;3:9,bbox:1;polygon:40,c9b20d625c3076f5934bd9349bed28b5a5455d61044f1bfd239a84973173971a
9d696597c6533acf48590361c5d4bca46138fd720fc68441021256f2f61f0422,train/images/YTDown-com_YouTube_Crazy-rush-hour-traffic-in-Saigon-Ho-Chi_Media_V8paX22Sgzg_001_1080p_frame_00037_jpg.rf.50fff034798ccb50fa7fc6879e0b2acd.jpg,train/labels/YTDown-com_YouTube_Crazy-rush-hour-traffic-in-Saigon-Ho-Chi_Media_V8paX22Sgzg_001_1080p_frame_00037_jpg.rf.50fff034798ccb50fa7fc6879e0b2acd.txt,YTDown-com_YouTube_Crazy-rush-hour-traffic-in-Saigon-Ho-Chi_Media_V8paX22Sgzg_001_1080p,37,18.5,train,labeled,45,0:1;2:37;3:7,bbox:3;polygon:42,9d696597c6533acf48590361c5d4bca46138fd720fc68441021256f2f61f0422
f167034bc589d21b61757a3c34b958acd3558098dad4355fbcde0fa7c5748ea5,train/images/YTDown-com_YouTube_Crazy-rush-hour-traffic-in-Saigon-Ho-Chi_Media_V8paX22Sgzg_001_1080p_frame_00038_jpg.rf.442c1a45f1e82a8404a6d89d30d28501.jpg,train/labels/YTDown-com_YouTube_Crazy-rush-hour-traffic-in-Saigon-Ho-Chi_Media_V8paX22Sgzg_001_1080p_frame_00038_jpg.rf.442c1a45f1e82a8404a6d89d30d28501.txt,YTDown-com_YouTube_Crazy-rush-hour-traffic-in-Saigon-Ho-Chi_Media_V8paX22Sgzg_001_1080p,38,19.0,train,labeled,40,0:1;2:36;3:3,bbox:2;polygon:38,f167034bc589d21b61757a3c34b958acd3558098dad4355fbcde0fa7c5748ea5
5c5f33f597fdd0b4353b8963770fe1fc2817a9ba30ef01a4ad8d8d99d1b829ea,train/images/YTDown-com_YouTube_Crazy-rush-hour-traffic-in-Saigon-Ho-Chi_Media_V8paX22Sgzg_001_1080p_frame_00040_jpg.rf.3f6fc2de46619145515307b6fc2e8327.jpg,train/labels/YTDown-com_YouTube_Crazy-rush-hour-traffic-in-Saigon-Ho-Chi_Media_V8paX22Sgzg_001_1080p_frame_00040_jpg.rf.3f6fc2de46619145515307b6fc2e8327.txt,YTDown-com_YouTube_Crazy-rush-hour-traffic-in-Saigon-Ho-Chi_Media_V8paX22Sgzg_001_1080p,40,20.0,train,labeled,53,0:1;1:4;2:43;3:5,bbox:1;polygon:52,5c5f33f597fdd0b4353b8963770fe1fc2817a9ba30ef01a4ad8d8d99d1b829ea
9bd8f98c64c214e6b414cf1d28a6f12e0537ee49ddfbd4bc15c625b64e8b5c1e,train/images/YTDown-com_YouTube_Crazy-rush-hour-traffic-in-Saigon-Ho-Chi_Media_V8paX22Sgzg_001_1080p_frame_00041_jpg.rf.242849c56b477e0f2ebd2f7118d6674e.jpg,train/labels/YTDown-com_YouTube_Crazy-rush-hour-traffic-in-Saigon-Ho-Chi_Media_V8paX22Sgzg_001_1080p_frame_00041_jpg.rf.242849c56b477e0f2ebd2f7118d6674e.txt,YTDown-com_YouTube_Crazy-rush-hour-traffic-in-Saigon-Ho-Chi_Media_V8paX22Sgzg_001_1080p,41,20.5,train,labeled,43,0:1;1:4;2:37;3:1,polygon:43,9bd8f98c64c214e6b414cf1d28a6f12e0537ee49ddfbd4bc15c625b64e8b5c1e
76bd0be98aca17d4fba41dadd7c1082d093cef4a8fa81080d8bda72b54e0ca12,train/images/YTDown-com_YouTube_Crazy-rush-hour-traffic-in-Saigon-Ho-Chi_Media_V8paX22Sgzg_001_1080p_frame_00042_jpg.rf.e7e7385a83020e4a05d84d971d9490d2.jpg,train/labels/YTDown-com_YouTube_Crazy-rush-hour-traffic-in-Saigon-Ho-Chi_Media_V8paX22Sgzg_001_1080p_frame_00042_jpg.rf.e7e7385a83020e4a05d84d971d9490d2.txt,YTDown-com_YouTube_Crazy-rush-hour-traffic-in-Saigon-Ho-Chi_Media_V8paX22Sgzg_001_1080p,42,21.0,train,labeled,40,0:1;1:2;2:37,bbox:1;polygon:39,76bd0be98aca17d4fba41dadd7c1082d093cef4a8fa81080d8bda72b54e0ca12
d87918ca277cb412e5e2f59045dc5b471a7de8a9066d31ce0335f36e9b8c9df6,train/images/YTDown-com_YouTube_Crazy-rush-hour-traffic-in-Saigon-Ho-Chi_Media_V8paX22Sgzg_001_1080p_frame_00044_jpg.rf.b428d037f5b59e6030fb3b5b504ec06e.jpg,train/labels/YTDown-com_YouTube_Crazy-rush-hour-traffic-in-Saigon-Ho-Chi_Media_V8paX22Sgzg_001_1080p_frame_00044_jpg.rf.b428d037f5b59e6030fb3b5b504ec06e.txt,YTDown-com_YouTube_Crazy-rush-hour-traffic-in-Saigon-Ho-Chi_Media_V8paX22Sgzg_001_1080p,44,22.0,train,labeled,42,0:1;1:2;2:39,polygon:42,d87918ca277cb412e5e2f59045dc5b471a7de8a9066d31ce0335f36e9b8c9df6
7321c58c16ad96cf4bbff741774fbe8f6f47e15f0d47646deb04cd64d128343a,train/images/YTDown-com_YouTube_Crazy-rush-hour-traffic-in-Saigon-Ho-Chi_Media_V8paX22Sgzg_001_1080p_frame_00046_jpg.rf.ea9d6a340d972ab8f63049752060df62.jpg,train/labels/YTDown-com_YouTube_Crazy-rush-hour-traffic-in-Saigon-Ho-Chi_Media_V8paX22Sgzg_001_1080p_frame_00046_jpg.rf.ea9d6a340d972ab8f63049752060df62.txt,YTDown-com_YouTube_Crazy-rush-hour-traffic-in-Saigon-Ho-Chi_Media_V8paX22Sgzg_001_1080p,46,23.0,train,labeled,42,0:2;1:3;2:37,bbox:1;polygon:41,7321c58c16ad96cf4bbff741774fbe8f6f47e15f0d47646deb04cd64d128343a
99e74b6bc048a611231a5d105d887d2a518bfe743ee3640c5588a68b324126c0,train/images/YTDown-com_YouTube_Crazy-rush-hour-traffic-in-Saigon-Ho-Chi_Media_V8paX22Sgzg_001_1080p_frame_00048_jpg.rf.dc9e11f35ec287e8968a4a2076a7e0f8.jpg,train/labels/YTDown-com_YouTube_Crazy-rush-hour-traffic-in-Saigon-Ho-Chi_Media_V8paX22Sgzg_001_1080p_frame_00048_jpg.rf.dc9e11f35ec287e8968a4a2076a7e0f8.txt,YTDown-com_YouTube_Crazy-rush-hour-traffic-in-Saigon-Ho-Chi_Media_V8paX22Sgzg_001_1080p,48,24.0,train,labeled,40,0:2;1:5;2:33,polygon:40,99e74b6bc048a611231a5d105d887d2a518bfe743ee3640c5588a68b324126c0
bd6f5aad7c5388a5ffb7045a28a128d6ea9905795ed7e072f56b812de2939815,train/images/YTDown-com_YouTube_Crazy-rush-hour-traffic-in-Saigon-Ho-Chi_Media_V8paX22Sgzg_001_1080p_frame_00049_jpg.rf.77caf81fa75d5b265d2d8fc27ae3f3be.jpg,train/labels/YTDown-com_YouTube_Crazy-rush-hour-traffic-in-Saigon-Ho-Chi_Media_V8paX22Sgzg_001_1080p_frame_00049_jpg.rf.77caf81fa75d5b265d2d8fc27ae3f3be.txt,YTDown-com_YouTube_Crazy-rush-hour-traffic-in-Saigon-Ho-Chi_Media_V8paX22Sgzg_001_1080p,49,24.5,train,labeled,39,0:2;1:5;2:32,bbox:2;polygon:37,bd6f5aad7c5388a5ffb7045a28a128d6ea9905795ed7e072f56b812de2939815
b66cd36a60ac813d7cf8aa01e88310656fa2d4a3b6e0d2bf7bb506ce25b5f3fd,train/images/YTDown-com_YouTube_Crazy-rush-hour-traffic-in-Saigon-Ho-Chi_Media_V8paX22Sgzg_001_1080p_frame_00050_jpg.rf.dde141f14a21bfe7e48ee4f36fc06ff9.jpg,train/labels/YTDown-com_YouTube_Crazy-rush-hour-traffic-in-Saigon-Ho-Chi_Media_V8paX22Sgzg_001_1080p_frame_00050_jpg.rf.dde141f14a21bfe7e48ee4f36fc06ff9.txt,YTDown-com_YouTube_Crazy-rush-hour-traffic-in-Saigon-Ho-Chi_Media_V8paX22Sgzg_001_1080p,50,25.0,train,labeled,40,0:2;1:5;2:33,bbox:1;polygon:39,b66cd36a60ac813d7cf8aa01e88310656fa2d4a3b6e0d2bf7bb506ce25b5f3fd
b308454b510a48f023855e82f3a9dd40fc71c2e6cf4dfbde22b950ae9fa99eba,train/images/YTDown-com_YouTube_Crazy-rush-hour-traffic-in-Saigon-Ho-Chi_Media_V8paX22Sgzg_001_1080p_frame_00051_jpg.rf.bf6b1d668fdc30e8ae1f1e9329a7d2a0.jpg,train/labels/YTDown-com_YouTube_Crazy-rush-hour-traffic-in-Saigon-Ho-Chi_Media_V8paX22Sgzg_001_1080p_frame_00051_jpg.rf.bf6b1d668fdc30e8ae1f1e9329a7d2a0.txt,YTDown-com_YouTube_Crazy-rush-hour-traffic-in-Saigon-Ho-Chi_Media_V8paX22Sgzg_001_1080p,51,25.5,train,labeled,45,0:2;1:5;2:37;3:1,polygon:45,b308454b510a48f023855e82f3a9dd40fc71c2e6cf4dfbde22b950ae9fa99eba
1633440e0df248a553b08a6a19ab90f4cec6d9f3d0487fec071a4de0c96407b7,train/images/YTDown-com_YouTube_Crazy-rush-hour-traffic-in-Saigon-Ho-Chi_Media_V8paX22Sgzg_001_1080p_frame_00052_jpg.rf.2bf8e1507ebf994b2d63fc0ea1408e6c.jpg,train/labels/YTDown-com_YouTube_Crazy-rush-hour-traffic-in-Saigon-Ho-Chi_Media_V8paX22Sgzg_001_1080p_frame_00052_jpg.rf.2bf8e1507ebf994b2d63fc0ea1408e6c.txt,YTDown-com_YouTube_Crazy-rush-hour-traffic-in-Saigon-Ho-Chi_Media_V8paX22Sgzg_001_1080p,52,26.0,train,labeled,39,0:2;1:5;2:32,bbox:1;polygon:38,1633440e0df248a553b08a6a19ab90f4cec6d9f3d0487fec071a4de0c96407b7
9759d33565c6a30c466715718f0e09dcb47975a0785e8fdeb2f681640e46a8ca,train/images/YTDown-com_YouTube_Crazy-rush-hour-traffic-in-Saigon-Ho-Chi_Media_V8paX22Sgzg_001_1080p_frame_00053_jpg.rf.0661e52dd3c3fa87e2b5762a5fe6b1d2.jpg,train/labels/YTDown-com_YouTube_Crazy-rush-hour-traffic-in-Saigon-Ho-Chi_Media_V8paX22Sgzg_001_1080p_frame_00053_jpg.rf.0661e52dd3c3fa87e2b5762a5fe6b1d2.txt,YTDown-com_YouTube_Crazy-rush-hour-traffic-in-Saigon-Ho-Chi_Media_V8paX22Sgzg_001_1080p,53,26.5,train,labeled,38,0:2;1:5;2:31,polygon:38,9759d33565c6a30c466715718f0e09dcb47975a0785e8fdeb2f681640e46a8ca
277ad9e9589bbd802726986988984c36af1ce2abfd9297199a60283359706598,train/images/YTDown-com_YouTube_Crazy-rush-hour-traffic-in-Saigon-Ho-Chi_Media_V8paX22Sgzg_001_1080p_frame_00055_jpg.rf.54df9ce2914addbdc92c23f07d011a48.jpg,train/labels/YTDown-com_YouTube_Crazy-rush-hour-traffic-in-Saigon-Ho-Chi_Media_V8paX22Sgzg_001_1080p_frame_00055_jpg.rf.54df9ce2914addbdc92c23f07d011a48.txt,YTDown-com_YouTube_Crazy-rush-hour-traffic-in-Saigon-Ho-Chi_Media_V8paX22Sgzg_001_1080p,55,27.5,train,labeled,47,0:2;1:5;2:40,polygon:47,277ad9e9589bbd802726986988984c36af1ce2abfd9297199a60283359706598
51b3ee112464efe07b49e94472883ee3f409f5032955e09b9df79e8b84d0fc72,train/images/YTDown-com_YouTube_Crazy-rush-hour-traffic-in-Saigon-Ho-Chi_Media_V8paX22Sgzg_001_1080p_frame_00056_jpg.rf.d9e4e8f938ffe3f734b68164d94e59a5.jpg,train/labels/YTDown-com_YouTube_Crazy-rush-hour-traffic-in-Saigon-Ho-Chi_Media_V8paX22Sgzg_001_1080p_frame_00056_jpg.rf.d9e4e8f938ffe3f734b68164d94e59a5.txt,YTDown-com_YouTube_Crazy-rush-hour-traffic-in-Saigon-Ho-Chi_Media_V8paX22Sgzg_001_1080p,56,28.0,train,labeled,42,0:2;1:5;2:35,bbox:2;polygon:40,51b3ee112464efe07b49e94472883ee3f409f5032955e09b9df79e8b84d0fc72
fc0797efa29c11136f1ec6cf9cd243d2f0b5382d559763d09efad5e77ceadbca,train/images/YTDown-com_YouTube_Crazy-rush-hour-traffic-in-Saigon-Ho-Chi_Media_V8paX22Sgzg_001_1080p_frame_00057_jpg.rf.9fadcaac4f9bf5576f371680f1d3f415.jpg,train/labels/YTDown-com_YouTube_Crazy-rush-hour-traffic-in-Saigon-Ho-Chi_Media_V8paX22Sgzg_001_1080p_frame_00057_jpg.rf.9fadcaac4f9bf5576f371680f1d3f415.txt,YTDown-com_YouTube_Crazy-rush-hour-traffic-in-Saigon-Ho-Chi_Media_V8paX22Sgzg_001_1080p,57,28.5,train,labeled,43,0:2;1:5;2:36,bbox:1;polygon:42,fc0797efa29c11136f1ec6cf9cd243d2f0b5382d559763d09efad5e77ceadbca
c5426738573cfd4a798481dcf4cdea89b9d45a5d7e448caa6d913979f248392b,train/images/YTDown-com_YouTube_Crazy-rush-hour-traffic-in-Saigon-Ho-Chi_Media_V8paX22Sgzg_001_1080p_frame_00059_jpg.rf.fa2280e7a5b577f49b8448cd177d6e0a.jpg,train/labels/YTDown-com_YouTube_Crazy-rush-hour-traffic-in-Saigon-Ho-Chi_Media_V8paX22Sgzg_001_1080p_frame_00059_jpg.rf.fa2280e7a5b577f49b8448cd177d6e0a.txt,YTDown-com_YouTube_Crazy-rush-hour-traffic-in-Saigon-Ho-Chi_Media_V8paX22Sgzg_001_1080p,59,29.5,train,labeled,41,0:2;1:5;2:33;3:1,polygon:41,c5426738573cfd4a798481dcf4cdea89b9d45a5d7e448caa6d913979f248392b
33d8f29cdee5706967229f2098f47fe014c88fe875971981da2665c31fb15af9,train/images/YTDown-com_YouTube_Crazy-rush-hour-traffic-in-Saigon-Ho-Chi_Media_V8paX22Sgzg_001_1080p_frame_00060_jpg.rf.2d1f681aa4fa6b36f0dffc7961690bff.jpg,train/labels/YTDown-com_YouTube_Crazy-rush-hour-traffic-in-Saigon-Ho-Chi_Media_V8paX22Sgzg_001_1080p_frame_00060_jpg.rf.2d1f681aa4fa6b36f0dffc7961690bff.txt,YTDown-com_YouTube_Crazy-rush-hour-traffic-in-Saigon-Ho-Chi_Media_V8paX22Sgzg_001_1080p,60,30.0,train,labeled,37,0:2;1:5;2:30,polygon:37,33d8f29cdee5706967229f2098f47fe014c88fe875971981da2665c31fb15af9
dd4b318678f34c53e1c92219dbf9a8006d07589623228bb716474b34bba27bc0,train/images/YTDown-com_YouTube_Crazy-rush-hour-traffic-in-Saigon-Ho-Chi_Media_V8paX22Sgzg_001_1080p_frame_00063_jpg.rf.a768f88da1fbeaf7ea03b2e244c669ff.jpg,train/labels/YTDown-com_YouTube_Crazy-rush-hour-traffic-in-Saigon-Ho-Chi_Media_V8paX22Sgzg_001_1080p_frame_00063_jpg.rf.a768f88da1fbeaf7ea03b2e244c669ff.txt,YTDown-com_YouTube_Crazy-rush-hour-traffic-in-Saigon-Ho-Chi_Media_V8paX22Sgzg_001_1080p,63,31.5,train,labeled,36,0:2;1:4;2:29;3:1,bbox:1;polygon:35,dd4b318678f34c53e1c92219dbf9a8006d07589623228bb716474b34bba27bc0
89d695afdff1d4cb8e9814a9f066e4cfc0885ecb29e5c9d7de6bcbd8cdaa624f,train/images/YTDown-com_YouTube_Crazy-rush-hour-traffic-in-Saigon-Ho-Chi_Media_V8paX22Sgzg_001_1080p_frame_00064_jpg.rf.aa586b2b739663c3f9242c0a0aa82033.jpg,train/labels/YTDown-com_YouTube_Crazy-rush-hour-traffic-in-Saigon-Ho-Chi_Media_V8paX22Sgzg_001_1080p_frame_00064_jpg.rf.aa586b2b739663c3f9242c0a0aa82033.txt,YTDown-com_YouTube_Crazy-rush-hour-traffic-in-Saigon-Ho-Chi_Media_V8paX22Sgzg_001_1080p,64,32.0,train,labeled,29,0:3;1:8;2:18,polygon:29,89d695afdff1d4cb8e9814a9f066e4cfc0885ecb29e5c9d7de6bcbd8cdaa624f
bd52ec4dd5d2a161e04493e7208e638156d5330f7c6fc421a7815e49a03fe03e,train/images/YTDown-com_YouTube_Crazy-rush-hour-traffic-in-Saigon-Ho-Chi_Media_V8paX22Sgzg_001_1080p_frame_00065_jpg.rf.7f706e03b2bea9a2b8bd77bc07865f74.jpg,train/labels/YTDown-com_YouTube_Crazy-rush-hour-traffic-in-Saigon-Ho-Chi_Media_V8paX22Sgzg_001_1080p_frame_00065_jpg.rf.7f706e03b2bea9a2b8bd77bc07865f74.txt,YTDown-com_YouTube_Crazy-rush-hour-traffic-in-Saigon-Ho-Chi_Media_V8paX22Sgzg_001_1080p,65,32.5,train,labeled,35,0:4;1:9;2:21;3:1,polygon:35,bd52ec4dd5d2a161e04493e7208e638156d5330f7c6fc421a7815e49a03fe03e
381c5540395caa07f0f12bd1022862dcd73fd8e5f6baca30efc0d8198782f1af,train/images/YTDown-com_YouTube_Crazy-rush-hour-traffic-in-Saigon-Ho-Chi_Media_V8paX22Sgzg_001_1080p_frame_00066_jpg.rf.f51671b14e503f6155fd2795b683b63f.jpg,train/labels/YTDown-com_YouTube_Crazy-rush-hour-traffic-in-Saigon-Ho-Chi_Media_V8paX22Sgzg_001_1080p_frame_00066_jpg.rf.f51671b14e503f6155fd2795b683b63f.txt,YTDown-com_YouTube_Crazy-rush-hour-traffic-in-Saigon-Ho-Chi_Media_V8paX22Sgzg_001_1080p,66,33.0,train,labeled,31,0:3;1:9;2:17;3:2,polygon:31,381c5540395caa07f0f12bd1022862dcd73fd8e5f6baca30efc0d8198782f1af
39b43a8f6fe1c4cba3f7e87ebf67cdd45738c63e8cd2ce1025e530c14ef92432,train/images/YTDown-com_YouTube_Crazy-rush-hour-traffic-in-Saigon-Ho-Chi_Media_V8paX22Sgzg_001_1080p_frame_00069_jpg.rf.2c069740767173d138e279b4ce506894.jpg,train/labels/YTDown-com_YouTube_Crazy-rush-hour-traffic-in-Saigon-Ho-Chi_Media_V8paX22Sgzg_001_1080p_frame_00069_jpg.rf.2c069740767173d138e279b4ce506894.txt,YTDown-com_YouTube_Crazy-rush-hour-traffic-in-Saigon-Ho-Chi_Media_V8paX22Sgzg_001_1080p,69,34.5,train,labeled,31,0:3;1:10;2:18,bbox:1;polygon:30,39b43a8f6fe1c4cba3f7e87ebf67cdd45738c63e8cd2ce1025e530c14ef92432
df846e66c3e3d8acb9cf0c392fb4c5a6e405b8b775f63ac3e1cdb04fc762819e,train/images/YTDown-com_YouTube_Crazy-rush-hour-traffic-in-Saigon-Ho-Chi_Media_V8paX22Sgzg_001_1080p_frame_00071_jpg.rf.55f98f6229d1205463f509b8423e4f22.jpg,train/labels/YTDown-com_YouTube_Crazy-rush-hour-traffic-in-Saigon-Ho-Chi_Media_V8paX22Sgzg_001_1080p_frame_00071_jpg.rf.55f98f6229d1205463f509b8423e4f22.txt,YTDown-com_YouTube_Crazy-rush-hour-traffic-in-Saigon-Ho-Chi_Media_V8paX22Sgzg_001_1080p,71,35.5,train,labeled,25,0:3;1:10;2:12,polygon:25,df846e66c3e3d8acb9cf0c392fb4c5a6e405b8b775f63ac3e1cdb04fc762819e
d9ca160f1ddca0a8841d5787d2c8a8e034c651ab74715192058dc1835f81de79,train/images/YTDown-com_YouTube_Crazy-rush-hour-traffic-in-Saigon-Ho-Chi_Media_V8paX22Sgzg_001_1080p_frame_00072_jpg.rf.49fbd0e0fead5675e8995f4536d1ac50.jpg,train/labels/YTDown-com_YouTube_Crazy-rush-hour-traffic-in-Saigon-Ho-Chi_Media_V8paX22Sgzg_001_1080p_frame_00072_jpg.rf.49fbd0e0fead5675e8995f4536d1ac50.txt,YTDown-com_YouTube_Crazy-rush-hour-traffic-in-Saigon-Ho-Chi_Media_V8paX22Sgzg_001_1080p,72,36.0,train,labeled,26,0:4;1:10;2:12,polygon:26,d9ca160f1ddca0a8841d5787d2c8a8e034c651ab74715192058dc1835f81de79
3bccc58829b0af73a16e3a0e2ce4c5b73fc9a07c2846e796d1d8f132d9d97ff4,train/images/YTDown-com_YouTube_Crazy-rush-hour-traffic-in-Saigon-Ho-Chi_Media_V8paX22Sgzg_001_1080p_frame_00073_jpg.rf.c05220a123111bd74eb18a98d872eeab.jpg,train/labels/YTDown-com_YouTube_Crazy-rush-hour-traffic-in-Saigon-Ho-Chi_Media_V8paX22Sgzg_001_1080p_frame_00073_jpg.rf.c05220a123111bd74eb18a98d872eeab.txt,YTDown-com_YouTube_Crazy-rush-hour-traffic-in-Saigon-Ho-Chi_Media_V8paX22Sgzg_001_1080p,73,36.5,train,labeled,32,0:4;1:11;2:16;3:1,bbox:2;polygon:30,3bccc58829b0af73a16e3a0e2ce4c5b73fc9a07c2846e796d1d8f132d9d97ff4
5a7374f59402db3c7408718ff643ae7524b56f2314cdfe5c438ab05561ac28d9,train/images/YTDown-com_YouTube_Crazy-rush-hour-traffic-in-Saigon-Ho-Chi_Media_V8paX22Sgzg_001_1080p_frame_00074_jpg.rf.d552dd69d6b41505a6ae3ee29d1d9cb2.jpg,train/labels/YTDown-com_YouTube_Crazy-rush-hour-traffic-in-Saigon-Ho-Chi_Media_V8paX22Sgzg_001_1080p_frame_00074_jpg.rf.d552dd69d6b41505a6ae3ee29d1d9cb2.txt,YTDown-com_YouTube_Crazy-rush-hour-traffic-in-Saigon-Ho-Chi_Media_V8paX22Sgzg_001_1080p,74,37.0,train,labeled,32,0:3;1:10;2:19,polygon:32,5a7374f59402db3c7408718ff643ae7524b56f2314cdfe5c438ab05561ac28d9
9531c28c548acc81806ba57be55f8983eac15cd8abb49e4de98a991099415a85,train/images/YTDown-com_YouTube_Crazy-rush-hour-traffic-in-Saigon-Ho-Chi_Media_V8paX22Sgzg_001_1080p_frame_00075_jpg.rf.162b58d779b381f2a9091c10be8b8113.jpg,train/labels/YTDown-com_YouTube_Crazy-rush-hour-traffic-in-Saigon-Ho-Chi_Media_V8paX22Sgzg_001_1080p_frame_00075_jpg.rf.162b58d779b381f2a9091c10be8b8113.txt,YTDown-com_YouTube_Crazy-rush-hour-traffic-in-Saigon-Ho-Chi_Media_V8paX22Sgzg_001_1080p,75,37.5,train,labeled,34,0:4;1:9;2:21,bbox:2;polygon:32,9531c28c548acc81806ba57be55f8983eac15cd8abb49e4de98a991099415a85
7c624198c9eb09af4927c5db59e704541343875cba30bf0e55229da03686591b,train/images/YTDown-com_YouTube_Crazy-yet-Organized-Traffic-in-Vietnam-H_Media_fm0cX7P6PSw_001_1080p_frame_00001_jpg.rf.34ed083351ec22276d09fb44804f2b45.jpg,train/labels/YTDown-com_YouTube_Crazy-yet-Organized-Traffic-in-Vietnam-H_Media_fm0cX7P6PSw_001_1080p_frame_00001_jpg.rf.34ed083351ec22276d09fb44804f2b45.txt,YTDown-com_YouTube_Crazy-yet-Organized-Traffic-in-Vietnam-H_Media_fm0cX7P6PSw_001_1080p,1,0.5,train,labeled,50,0:6;1:13;2:29;3:1;4:1,bbox:1;polygon:49,7c624198c9eb09af4927c5db59e704541343875cba30bf0e55229da03686591b
2e6712f3afb336464dbb14b1108144f3963c93544cdc5d860b604637fe5f369e,train/images/YTDown-com_YouTube_Crazy-yet-Organized-Traffic-in-Vietnam-H_Media_fm0cX7P6PSw_001_1080p_frame_00002_jpg.rf.dcc2328391e24f7287e2df4e9b511c4a.jpg,train/labels/YTDown-com_YouTube_Crazy-yet-Organized-Traffic-in-Vietnam-H_Media_fm0cX7P6PSw_001_1080p_frame_00002_jpg.rf.dcc2328391e24f7287e2df4e9b511c4a.txt,YTDown-com_YouTube_Crazy-yet-Organized-Traffic-in-Vietnam-H_Media_fm0cX7P6PSw_001_1080p,2,1.0,train,labeled,50,0:5;1:14;2:31,bbox:1;polygon:49,2e6712f3afb336464dbb14b1108144f3963c93544cdc5d860b604637fe5f369e
83bc055b3459ab019a43064f2b95c54201d5d00dbecbf0b503a7d737ea283728,train/images/YTDown-com_YouTube_Crazy-yet-Organized-Traffic-in-Vietnam-H_Media_fm0cX7P6PSw_001_1080p_frame_00003_jpg.rf.767e1b04a7fa863030ff6078791d2ad4.jpg,train/labels/YTDown-com_YouTube_Crazy-yet-Organized-Traffic-in-Vietnam-H_Media_fm0cX7P6PSw_001_1080p_frame_00003_jpg.rf.767e1b04a7fa863030ff6078791d2ad4.txt,YTDown-com_YouTube_Crazy-yet-Organized-Traffic-in-Vietnam-H_Media_fm0cX7P6PSw_001_1080p,3,1.5,train,labeled,49,0:5;1:12;2:32,polygon:49,83bc055b3459ab019a43064f2b95c54201d5d00dbecbf0b503a7d737ea283728
745b787ef352b27f469849926398befa7fec52254faa6fb574fb3e53c9fd45e8,train/images/YTDown-com_YouTube_Crazy-yet-Organized-Traffic-in-Vietnam-H_Media_fm0cX7P6PSw_001_1080p_frame_00004_jpg.rf.49dfc3b961dd2b207705f3f657c14f90.jpg,train/labels/YTDown-com_YouTube_Crazy-yet-Organized-Traffic-in-Vietnam-H_Media_fm0cX7P6PSw_001_1080p_frame_00004_jpg.rf.49dfc3b961dd2b207705f3f657c14f90.txt,YTDown-com_YouTube_Crazy-yet-Organized-Traffic-in-Vietnam-H_Media_fm0cX7P6PSw_001_1080p,4,2.0,train,labeled,53,0:5;1:13;2:34;3:1,bbox:1;polygon:52,745b787ef352b27f469849926398befa7fec52254faa6fb574fb3e53c9fd45e8
7eed0e2a098471802cf53b6c99c118e35a9d98edc17ef84218cf4e1b59ae8336,train/images/YTDown-com_YouTube_Crazy-yet-Organized-Traffic-in-Vietnam-H_Media_fm0cX7P6PSw_001_1080p_frame_00005_jpg.rf.d12721f6038642b60d0cdd7e5f1be63b.jpg,train/labels/YTDown-com_YouTube_Crazy-yet-Organized-Traffic-in-Vietnam-H_Media_fm0cX7P6PSw_001_1080p_frame_00005_jpg.rf.d12721f6038642b60d0cdd7e5f1be63b.txt,YTDown-com_YouTube_Crazy-yet-Organized-Traffic-in-Vietnam-H_Media_fm0cX7P6PSw_001_1080p,5,2.5,train,labeled,53,0:5;1:13;2:35,bbox:1;polygon:52,7eed0e2a098471802cf53b6c99c118e35a9d98edc17ef84218cf4e1b59ae8336
c2f33afb2baaadbb6d2942533123bcfeddd56445806483c76b26d44f62143c60,train/images/YTDown-com_YouTube_Crazy-yet-Organized-Traffic-in-Vietnam-H_Media_fm0cX7P6PSw_001_1080p_frame_00007_jpg.rf.5bc48bfa8a759bf2700bd89744b7c24f.jpg,train/labels/YTDown-com_YouTube_Crazy-yet-Organized-Traffic-in-Vietnam-H_Media_fm0cX7P6PSw_001_1080p_frame_00007_jpg.rf.5bc48bfa8a759bf2700bd89744b7c24f.txt,YTDown-com_YouTube_Crazy-yet-Organized-Traffic-in-Vietnam-H_Media_fm0cX7P6PSw_001_1080p,7,3.5,train,labeled,48,0:4;1:13;2:31,bbox:1;polygon:47,c2f33afb2baaadbb6d2942533123bcfeddd56445806483c76b26d44f62143c60
1815e233a90f4c950cf56af7c20bed9f791725b3866ac5b17a18a4c9ae2a1fbc,train/images/YTDown-com_YouTube_Crazy-yet-Organized-Traffic-in-Vietnam-H_Media_fm0cX7P6PSw_001_1080p_frame_00008_jpg.rf.7b097e181f373f18d765954223f7f57c.jpg,train/labels/YTDown-com_YouTube_Crazy-yet-Organized-Traffic-in-Vietnam-H_Media_fm0cX7P6PSw_001_1080p_frame_00008_jpg.rf.7b097e181f373f18d765954223f7f57c.txt,YTDown-com_YouTube_Crazy-yet-Organized-Traffic-in-Vietnam-H_Media_fm0cX7P6PSw_001_1080p,8,4.0,train,labeled,49,0:4;1:14;2:31,bbox:3;polygon:46,1815e233a90f4c950cf56af7c20bed9f791725b3866ac5b17a18a4c9ae2a1fbc
af66f146353204b9798e78b47287f78dd39076e0e45ef83e3e0b7f203cbfb978,train/images/YTDown-com_YouTube_Crazy-yet-Organized-Traffic-in-Vietnam-H_Media_fm0cX7P6PSw_001_1080p_frame_00010_jpg.rf.4c8e5d770959e81e84c2f1c3299a1ec1.jpg,train/labels/YTDown-com_YouTube_Crazy-yet-Organized-Traffic-in-Vietnam-H_Media_fm0cX7P6PSw_001_1080p_frame_00010_jpg.rf.4c8e5d770959e81e84c2f1c3299a1ec1.txt,YTDown-com_YouTube_Crazy-yet-Organized-Traffic-in-Vietnam-H_Media_fm0cX7P6PSw_001_1080p,10,5.0,train,labeled,46,0:5;1:10;2:31,bbox:1;polygon:45,af66f146353204b9798e78b47287f78dd39076e0e45ef83e3e0b7f203cbfb978
8d1ff1540c78995ea868a01b3aea5f10c3c627b4de6986db65187307484e6dbc,train/images/YTDown-com_YouTube_Crazy-yet-Organized-Traffic-in-Vietnam-H_Media_fm0cX7P6PSw_001_1080p_frame_00011_jpg.rf.3b4ec5332789bdef16d382008700f072.jpg,train/labels/YTDown-com_YouTube_Crazy-yet-Organized-Traffic-in-Vietnam-H_Media_fm0cX7P6PSw_001_1080p_frame_00011_jpg.rf.3b4ec5332789bdef16d382008700f072.txt,YTDown-com_YouTube_Crazy-yet-Organized-Traffic-in-Vietnam-H_Media_fm0cX7P6PSw_001_1080p,11,5.5,train,labeled,44,0:4;1:9;2:31,bbox:1;polygon:43,8d1ff1540c78995ea868a01b3aea5f10c3c627b4de6986db65187307484e6dbc
8068af1ed41dd87eb4cbb1999c891030e34a10d7026895169a99962f3b83dca6,train/images/YTDown-com_YouTube_Crazy-yet-Organized-Traffic-in-Vietnam-H_Media_fm0cX7P6PSw_001_1080p_frame_00012_jpg.rf.a1eff9e61f2926b53069eab21f9f11a3.jpg,train/labels/YTDown-com_YouTube_Crazy-yet-Organized-Traffic-in-Vietnam-H_Media_fm0cX7P6PSw_001_1080p_frame_00012_jpg.rf.a1eff9e61f2926b53069eab21f9f11a3.txt,YTDown-com_YouTube_Crazy-yet-Organized-Traffic-in-Vietnam-H_Media_fm0cX7P6PSw_001_1080p,12,6.0,train,labeled,52,0:4;1:12;2:36,bbox:2;polygon:50,8068af1ed41dd87eb4cbb1999c891030e34a10d7026895169a99962f3b83dca6
69f0f4724c82694ae3a90ba05df636e591cabfd1aeaf349e39c8277666965fc3,train/images/YTDown-com_YouTube_Crazy-yet-Organized-Traffic-in-Vietnam-H_Media_fm0cX7P6PSw_001_1080p_frame_00013_jpg.rf.4fda2b447661a10ed62362b73ff60cbc.jpg,train/labels/YTDown-com_YouTube_Crazy-yet-Organized-Traffic-in-Vietnam-H_Media_fm0cX7P6PSw_001_1080p_frame_00013_jpg.rf.4fda2b447661a10ed62362b73ff60cbc.txt,YTDown-com_YouTube_Crazy-yet-Organized-Traffic-in-Vietnam-H_Media_fm0cX7P6PSw_001_1080p,13,6.5,train,labeled,46,0:4;1:12;2:30,bbox:1;polygon:45,69f0f4724c82694ae3a90ba05df636e591cabfd1aeaf349e39c8277666965fc3
91b86bb9dc21f33fdce918dc5c1224687b04efe09901d6522c839843584c2dbd,train/images/YTDown-com_YouTube_Crazy-yet-Organized-Traffic-in-Vietnam-H_Media_fm0cX7P6PSw_001_1080p_frame_00014_jpg.rf.7ea085d0c98a8926ad6a90986ffeef68.jpg,train/labels/YTDown-com_YouTube_Crazy-yet-Organized-Traffic-in-Vietnam-H_Media_fm0cX7P6PSw_001_1080p_frame_00014_jpg.rf.7ea085d0c98a8926ad6a90986ffeef68.txt,YTDown-com_YouTube_Crazy-yet-Organized-Traffic-in-Vietnam-H_Media_fm0cX7P6PSw_001_1080p,14,7.0,train,labeled,56,0:4;1:12;2:40,bbox:2;polygon:54,91b86bb9dc21f33fdce918dc5c1224687b04efe09901d6522c839843584c2dbd
35a63ef404201d1dafeab6cd2f2f22eea362a406d7abfae2458a0414082721af,train/images/YTDown-com_YouTube_Crazy-yet-Organized-Traffic-in-Vietnam-H_Media_fm0cX7P6PSw_001_1080p_frame_00015_jpg.rf.2fa42d5bc3cf9d7d44ef1e9af4248a94.jpg,train/labels/YTDown-com_YouTube_Crazy-yet-Organized-Traffic-in-Vietnam-H_Media_fm0cX7P6PSw_001_1080p_frame_00015_jpg.rf.2fa42d5bc3cf9d7d44ef1e9af4248a94.txt,YTDown-com_YouTube_Crazy-yet-Organized-Traffic-in-Vietnam-H_Media_fm0cX7P6PSw_001_1080p,15,7.5,train,labeled,48,0:4;1:11;2:33,bbox:1;polygon:47,35a63ef404201d1dafeab6cd2f2f22eea362a406d7abfae2458a0414082721af
ba205dcf8c77086793624209ee3f061912d6b9777c20b35403382a5e3f9cd2ce,train/images/YTDown-com_YouTube_Crazy-yet-Organized-Traffic-in-Vietnam-H_Media_fm0cX7P6PSw_001_1080p_frame_00016_jpg.rf.86315b8b487de48c06fa15368c498c0b.jpg,train/labels/YTDown-com_YouTube_Crazy-yet-Organized-Traffic-in-Vietnam-H_Media_fm0cX7P6PSw_001_1080p_frame_00016_jpg.rf.86315b8b487de48c06fa15368c498c0b.txt,YTDown-com_YouTube_Crazy-yet-Organized-Traffic-in-Vietnam-H_Media_fm0cX7P6PSw_001_1080p,16,8.0,train,labeled,60,0:4;1:13;2:43,bbox:4;polygon:56,ba205dcf8c77086793624209ee3f061912d6b9777c20b35403382a5e3f9cd2ce
07a77676581ff1e00da86760303e6502f3a5ffb535b112343d50fa2b59bc1de8,train/images/YTDown-com_YouTube_Crazy-yet-Organized-Traffic-in-Vietnam-H_Media_fm0cX7P6PSw_001_1080p_frame_00017_jpg.rf.efb177f25ed5862336e3b2748e5b2c76.jpg,train/labels/YTDown-com_YouTube_Crazy-yet-Organized-Traffic-in-Vietnam-H_Media_fm0cX7P6PSw_001_1080p_frame_00017_jpg.rf.efb177f25ed5862336e3b2748e5b2c76.txt,YTDown-com_YouTube_Crazy-yet-Organized-Traffic-in-Vietnam-H_Media_fm0cX7P6PSw_001_1080p,17,8.5,train,labeled,60,0:5;1:11;2:44,bbox:2;polygon:58,07a77676581ff1e00da86760303e6502f3a5ffb535b112343d50fa2b59bc1de8
eb13298493c59f43bdd3c976a89ce6137e54705327b3ad39c7550d6e534f745a,train/images/YTDown-com_YouTube_Crazy-yet-Organized-Traffic-in-Vietnam-H_Media_fm0cX7P6PSw_001_1080p_frame_00020_jpg.rf.37e36d8bfaf34aab31ef59ce817d4ebb.jpg,train/labels/YTDown-com_YouTube_Crazy-yet-Organized-Traffic-in-Vietnam-H_Media_fm0cX7P6PSw_001_1080p_frame_00020_jpg.rf.37e36d8bfaf34aab31ef59ce817d4ebb.txt,YTDown-com_YouTube_Crazy-yet-Organized-Traffic-in-Vietnam-H_Media_fm0cX7P6PSw_001_1080p,20,10.0,train,labeled,48,0:3;1:13;2:32,bbox:1;polygon:47,eb13298493c59f43bdd3c976a89ce6137e54705327b3ad39c7550d6e534f745a
bb66d39fef0463419e9d245bb60ffbfbf8ce2bc19d7dac7384da9ee085c8e888,train/images/YTDown-com_YouTube_Crazy-yet-Organized-Traffic-in-Vietnam-H_Media_fm0cX7P6PSw_001_1080p_frame_00022_jpg.rf.9bb14df8358bca72ceb081dec751393e.jpg,train/labels/YTDown-com_YouTube_Crazy-yet-Organized-Traffic-in-Vietnam-H_Media_fm0cX7P6PSw_001_1080p_frame_00022_jpg.rf.9bb14df8358bca72ceb081dec751393e.txt,YTDown-com_YouTube_Crazy-yet-Organized-Traffic-in-Vietnam-H_Media_fm0cX7P6PSw_001_1080p,22,11.0,train,labeled,57,0:3;1:10;2:44,bbox:3;polygon:54,bb66d39fef0463419e9d245bb60ffbfbf8ce2bc19d7dac7384da9ee085c8e888
58952462cf7de0de1cd7a51895258c015a683a81f92a87c3a6e8c8fdb978d0e2,train/images/YTDown-com_YouTube_Crazy-yet-Organized-Traffic-in-Vietnam-H_Media_fm0cX7P6PSw_001_1080p_frame_00023_jpg.rf.3fb3d1450125586ff393213b646d2954.jpg,train/labels/YTDown-com_YouTube_Crazy-yet-Organized-Traffic-in-Vietnam-H_Media_fm0cX7P6PSw_001_1080p_frame_00023_jpg.rf.3fb3d1450125586ff393213b646d2954.txt,YTDown-com_YouTube_Crazy-yet-Organized-Traffic-in-Vietnam-H_Media_fm0cX7P6PSw_001_1080p,23,11.5,train,labeled,57,0:5;1:10;2:41;3:1,bbox:3;polygon:54,58952462cf7de0de1cd7a51895258c015a683a81f92a87c3a6e8c8fdb978d0e2
c110345d4c76f946a6e43e3f198a3c10ee00fec1f9261a05e7aa5389a0293cfe,train/images/YTDown-com_YouTube_Crazy-yet-Organized-Traffic-in-Vietnam-H_Media_fm0cX7P6PSw_001_1080p_frame_00025_jpg.rf.f71f5c37637e895f7a4f23db741d7182.jpg,train/labels/YTDown-com_YouTube_Crazy-yet-Organized-Traffic-in-Vietnam-H_Media_fm0cX7P6PSw_001_1080p_frame_00025_jpg.rf.f71f5c37637e895f7a4f23db741d7182.txt,YTDown-com_YouTube_Crazy-yet-Organized-Traffic-in-Vietnam-H_Media_fm0cX7P6PSw_001_1080p,25,12.5,train,labeled,53,0:4;1:9;2:40,bbox:3;polygon:50,c110345d4c76f946a6e43e3f198a3c10ee00fec1f9261a05e7aa5389a0293cfe
b86f40c26b7e67db267fb93d38514e82fe7bd188a7eae3bffae9fc0631821968,train/images/YTDown-com_YouTube_Crazy-yet-Organized-Traffic-in-Vietnam-H_Media_fm0cX7P6PSw_001_1080p_frame_00027_jpg.rf.54e3a9ec81ecdf3c46141b04cbf94069.jpg,train/labels/YTDown-com_YouTube_Crazy-yet-Organized-Traffic-in-Vietnam-H_Media_fm0cX7P6PSw_001_1080p_frame_00027_jpg.rf.54e3a9ec81ecdf3c46141b04cbf94069.txt,YTDown-com_YouTube_Crazy-yet-Organized-Traffic-in-Vietnam-H_Media_fm0cX7P6PSw_001_1080p,27,13.5,train,labeled,57,0:3;1:10;2:44,polygon:57,b86f40c26b7e67db267fb93d38514e82fe7bd188a7eae3bffae9fc0631821968
26630ee015a3828fc9f7dac77b069377d4e65a68ceda9a62dc51dc6f894d91e5,train/images/YTDown-com_YouTube_Crazy-yet-Organized-Traffic-in-Vietnam-H_Media_fm0cX7P6PSw_001_1080p_frame_00028_jpg.rf.7021cf491e643fc7789077e9171055bc.jpg,train/labels/YTDown-com_YouTube_Crazy-yet-Organized-Traffic-in-Vietnam-H_Media_fm0cX7P6PSw_001_1080p_frame_00028_jpg.rf.7021cf491e643fc7789077e9171055bc.txt,YTDown-com_YouTube_Crazy-yet-Organized-Traffic-in-Vietnam-H_Media_fm0cX7P6PSw_001_1080p,28,14.0,train,labeled,48,0:3;1:8;2:37,bbox:1;polygon:47,26630ee015a3828fc9f7dac77b069377d4e65a68ceda9a62dc51dc6f894d91e5
e6115e49026c68f352199f7d025dde3dd50b01eaeab9b2b2cec59d341ec4cb17,train/images/YTDown-com_YouTube_Crazy-yet-Organized-Traffic-in-Vietnam-H_Media_fm0cX7P6PSw_001_1080p_frame_00029_jpg.rf.7bd8c85f379a357506fea6bb91dece52.jpg,train/labels/YTDown-com_YouTube_Crazy-yet-Organized-Traffic-in-Vietnam-H_Media_fm0cX7P6PSw_001_1080p_frame_00029_jpg.rf.7bd8c85f379a357506fea6bb91dece52.txt,YTDown-com_YouTube_Crazy-yet-Organized-Traffic-in-Vietnam-H_Media_fm0cX7P6PSw_001_1080p,29,14.5,train,labeled,55,0:3;1:10;2:42,bbox:1;polygon:54,e6115e49026c68f352199f7d025dde3dd50b01eaeab9b2b2cec59d341ec4cb17
477bcc676a84cc1e70078ed08833e1d8cc376335bf3ce2f17cfcc2d656f4d163,train/images/YTDown-com_YouTube_Crazy-yet-Organized-Traffic-in-Vietnam-H_Media_fm0cX7P6PSw_001_1080p_frame_00030_jpg.rf.30b7bb1bc297caabe4fd4783b0c5ecef.jpg,train/labels/YTDown-com_YouTube_Crazy-yet-Organized-Traffic-in-Vietnam-H_Media_fm0cX7P6PSw_001_1080p_frame_00030_jpg.rf.30b7bb1bc297caabe4fd4783b0c5ecef.txt,YTDown-com_YouTube_Crazy-yet-Organized-Traffic-in-Vietnam-H_Media_fm0cX7P6PSw_001_1080p,30,15.0,train,labeled,57,0:4;1:10;2:41;3:2,bbox:3;polygon:54,477bcc676a84cc1e70078ed08833e1d8cc376335bf3ce2f17cfcc2d656f4d163
5f180622d8690949824b7f10709176212b85359d32b80e0bb5a3faf12d86bb67,train/images/YTDown-com_YouTube_Crazy-yet-Organized-Traffic-in-Vietnam-H_Media_fm0cX7P6PSw_001_1080p_frame_00031_jpg.rf.793ab11ebcc3a3fdc743b74fa8b0df2f.jpg,train/labels/YTDown-com_YouTube_Crazy-yet-Organized-Traffic-in-Vietnam-H_Media_fm0cX7P6PSw_001_1080p_frame_00031_jpg.rf.793ab11ebcc3a3fdc743b74fa8b0df2f.txt,YTDown-com_YouTube_Crazy-yet-Organized-Traffic-in-Vietnam-H_Media_fm0cX7P6PSw_001_1080p,31,15.5,train,labeled,47,0:3;1:10;2:34,bbox:2;polygon:45,5f180622d8690949824b7f10709176212b85359d32b80e0bb5a3faf12d86bb67
9850ff25a11c97483baceeabf60ecb98d7631289d54297585618625682f1031f,train/images/YTDown-com_YouTube_Crazy-yet-Organized-Traffic-in-Vietnam-H_Media_fm0cX7P6PSw_001_1080p_frame_00032_jpg.rf.9eb42d4176b7ff7a9ebd7d6ef7682123.jpg,train/labels/YTDown-com_YouTube_Crazy-yet-Organized-Traffic-in-Vietnam-H_Media_fm0cX7P6PSw_001_1080p_frame_00032_jpg.rf.9eb42d4176b7ff7a9ebd7d6ef7682123.txt,YTDown-com_YouTube_Crazy-yet-Organized-Traffic-in-Vietnam-H_Media_fm0cX7P6PSw_001_1080p,32,16.0,train,labeled,49,0:3;1:10;2:36,bbox:2;polygon:47,9850ff25a11c97483baceeabf60ecb98d7631289d54297585618625682f1031f
67454581f07b32ba86291c593ec77a4ca9ead9e760d6ef96d17b443c38787e10,train/images/YTDown-com_YouTube_Crazy-yet-Organized-Traffic-in-Vietnam-H_Media_fm0cX7P6PSw_001_1080p_frame_00036_jpg.rf.b886dc4a919ed849fa47c18e5a80329a.jpg,train/labels/YTDown-com_YouTube_Crazy-yet-Organized-Traffic-in-Vietnam-H_Media_fm0cX7P6PSw_001_1080p_frame_00036_jpg.rf.b886dc4a919ed849fa47c18e5a80329a.txt,YTDown-com_YouTube_Crazy-yet-Organized-Traffic-in-Vietnam-H_Media_fm0cX7P6PSw_001_1080p,36,18.0,train,labeled,53,0:4;1:12;2:37,bbox:2;polygon:51,67454581f07b32ba86291c593ec77a4ca9ead9e760d6ef96d17b443c38787e10
7d0206b03dd51c9c8e1e1cd32375573257ef7163783c4a937bfcdc3d1a1e2d83,train/images/YTDown-com_YouTube_Crazy-yet-Organized-Traffic-in-Vietnam-H_Media_fm0cX7P6PSw_001_1080p_frame_00037_jpg.rf.0267cbb22d2350a42d7f98deba24bc62.jpg,train/labels/YTDown-com_YouTube_Crazy-yet-Organized-Traffic-in-Vietnam-H_Media_fm0cX7P6PSw_001_1080p_frame_00037_jpg.rf.0267cbb22d2350a42d7f98deba24bc62.txt,YTDown-com_YouTube_Crazy-yet-Organized-Traffic-in-Vietnam-H_Media_fm0cX7P6PSw_001_1080p,37,18.5,train,labeled,48,0:5;1:11;2:32,bbox:2;polygon:46,7d0206b03dd51c9c8e1e1cd32375573257ef7163783c4a937bfcdc3d1a1e2d83
4640238880169c1ec6cb035a8fc2a9215120b8ca41012b2fdee887fdecdc8b7d,train/images/YTDown-com_YouTube_Crazy-yet-Organized-Traffic-in-Vietnam-H_Media_fm0cX7P6PSw_001_1080p_frame_00038_jpg.rf.a4df12a50975728e022322f335a41ff4.jpg,train/labels/YTDown-com_YouTube_Crazy-yet-Organized-Traffic-in-Vietnam-H_Media_fm0cX7P6PSw_001_1080p_frame_00038_jpg.rf.a4df12a50975728e022322f335a41ff4.txt,YTDown-com_YouTube_Crazy-yet-Organized-Traffic-in-Vietnam-H_Media_fm0cX7P6PSw_001_1080p,38,19.0,train,labeled,49,0:3;1:14;2:32,bbox:4;polygon:45,4640238880169c1ec6cb035a8fc2a9215120b8ca41012b2fdee887fdecdc8b7d
e90f8f0e946dd5046a578f5ca4388fee6a3375b557604c58e531ca5de817578e,train/images/YTDown-com_YouTube_Crazy-yet-Organized-Traffic-in-Vietnam-H_Media_fm0cX7P6PSw_001_1080p_frame_00044_jpg.rf.1983eb6cd44bf8feabc0ba1058a35d4b.jpg,train/labels/YTDown-com_YouTube_Crazy-yet-Organized-Traffic-in-Vietnam-H_Media_fm0cX7P6PSw_001_1080p_frame_00044_jpg.rf.1983eb6cd44bf8feabc0ba1058a35d4b.txt,YTDown-com_YouTube_Crazy-yet-Organized-Traffic-in-Vietnam-H_Media_fm0cX7P6PSw_001_1080p,44,22.0,train,labeled,54,0:3;1:12;2:39,bbox:1;polygon:53,e90f8f0e946dd5046a578f5ca4388fee6a3375b557604c58e531ca5de817578e
49a384a257050c2e2c0a60664965bad91f228cd490e0d881fb935803d4cc9f87,train/images/YTDown-com_YouTube_Crazy-yet-Organized-Traffic-in-Vietnam-H_Media_fm0cX7P6PSw_001_1080p_frame_00045_jpg.rf.4e13eb624af07b33d7e85a906a3cca51.jpg,train/labels/YTDown-com_YouTube_Crazy-yet-Organized-Traffic-in-Vietnam-H_Media_fm0cX7P6PSw_001_1080p_frame_00045_jpg.rf.4e13eb624af07b33d7e85a906a3cca51.txt,YTDown-com_YouTube_Crazy-yet-Organized-Traffic-in-Vietnam-H_Media_fm0cX7P6PSw_001_1080p,45,22.5,train,labeled,56,0:4;1:9;2:43,bbox:3;polygon:53,49a384a257050c2e2c0a60664965bad91f228cd490e0d881fb935803d4cc9f87
b6bff9064da7e5eda462ebb45912085e1fa0b5c4735e6f890675920e375ec1ed,train/images/YTDown-com_YouTube_Crazy-yet-Organized-Traffic-in-Vietnam-H_Media_fm0cX7P6PSw_001_1080p_frame_00046_jpg.rf.a0129568be97151798b61a56f04229c9.jpg,train/labels/YTDown-com_YouTube_Crazy-yet-Organized-Traffic-in-Vietnam-H_Media_fm0cX7P6PSw_001_1080p_frame_00046_jpg.rf.a0129568be97151798b61a56f04229c9.txt,YTDown-com_YouTube_Crazy-yet-Organized-Traffic-in-Vietnam-H_Media_fm0cX7P6PSw_001_1080p,46,23.0,train,labeled,51,0:3;1:9;2:37;3:2,bbox:3;polygon:48,b6bff9064da7e5eda462ebb45912085e1fa0b5c4735e6f890675920e375ec1ed
63efd01b71e783607f6a2c2f8d88aeabcc072495a1aba5940b626d6b7cb9e7c2,train/images/YTDown-com_YouTube_Crazy-yet-Organized-Traffic-in-Vietnam-H_Media_fm0cX7P6PSw_001_1080p_frame_00047_jpg.rf.3f1cdcf5864497050837deb363a4b9a4.jpg,train/labels/YTDown-com_YouTube_Crazy-yet-Organized-Traffic-in-Vietnam-H_Media_fm0cX7P6PSw_001_1080p_frame_00047_jpg.rf.3f1cdcf5864497050837deb363a4b9a4.txt,YTDown-com_YouTube_Crazy-yet-Organized-Traffic-in-Vietnam-H_Media_fm0cX7P6PSw_001_1080p,47,23.5,train,labeled,53,0:4;1:7;2:41;3:1,bbox:1;polygon:52,63efd01b71e783607f6a2c2f8d88aeabcc072495a1aba5940b626d6b7cb9e7c2
0634c96d7ab404a016ccf8a3d85a6fc354b386ce9a4b5cb65ae88d7a32ab8585,train/images/YTDown-com_YouTube_Crazy-yet-Organized-Traffic-in-Vietnam-H_Media_fm0cX7P6PSw_001_1080p_frame_00049_jpg.rf.68d7da35b44c12ec4bfcb663178710aa.jpg,train/labels/YTDown-com_YouTube_Crazy-yet-Organized-Traffic-in-Vietnam-H_Media_fm0cX7P6PSw_001_1080p_frame_00049_jpg.rf.68d7da35b44c12ec4bfcb663178710aa.txt,YTDown-com_YouTube_Crazy-yet-Organized-Traffic-in-Vietnam-H_Media_fm0cX7P6PSw_001_1080p,49,24.5,train,labeled,60,0:4;1:10;2:44;3:2,bbox:4;polygon:56,0634c96d7ab404a016ccf8a3d85a6fc354b386ce9a4b5cb65ae88d7a32ab8585
84e9ee44f80af559e03708bdf1743b3a4d5082321d45e7e950e4731823e6aa5e,train/images/YTDown-com_YouTube_Crazy-yet-Organized-Traffic-in-Vietnam-H_Media_fm0cX7P6PSw_001_1080p_frame_00050_jpg.rf.bf788079729b4ba5266e00e4c913b238.jpg,train/labels/YTDown-com_YouTube_Crazy-yet-Organized-Traffic-in-Vietnam-H_Media_fm0cX7P6PSw_001_1080p_frame_00050_jpg.rf.bf788079729b4ba5266e00e4c913b238.txt,YTDown-com_YouTube_Crazy-yet-Organized-Traffic-in-Vietnam-H_Media_fm0cX7P6PSw_001_1080p,50,25.0,train,labeled,59,0:3;1:8;2:45;3:2;4:1,bbox:1;polygon:58,84e9ee44f80af559e03708bdf1743b3a4d5082321d45e7e950e4731823e6aa5e
9c0feb0238e46de6eb8f5257a3f7259bfad495d457f5cf400292808a53278c94,train/images/YTDown-com_YouTube_Crazy-yet-Organized-Traffic-in-Vietnam-H_Media_fm0cX7P6PSw_001_1080p_frame_00052_jpg.rf.e2252bbae3f7a7b0d32eaa7739842a8a.jpg,train/labels/YTDown-com_YouTube_Crazy-yet-Organized-Traffic-in-Vietnam-H_Media_fm0cX7P6PSw_001_1080p_frame_00052_jpg.rf.e2252bbae3f7a7b0d32eaa7739842a8a.txt,YTDown-com_YouTube_Crazy-yet-Organized-Traffic-in-Vietnam-H_Media_fm0cX7P6PSw_001_1080p,52,26.0,train,labeled,53,0:3;1:8;2:39;3:2;4:1,polygon:53,9c0feb0238e46de6eb8f5257a3f7259bfad495d457f5cf400292808a53278c94
6c07cdcbb26109631da92b398dad99077b1c2d6664128094fff6c7e57de22e9a,train/images/YTDown-com_YouTube_Crazy-yet-Organized-Traffic-in-Vietnam-H_Media_fm0cX7P6PSw_001_1080p_frame_00055_jpg.rf.ef120417ab66997717537a61ae85c6ae.jpg,train/labels/YTDown-com_YouTube_Crazy-yet-Organized-Traffic-in-Vietnam-H_Media_fm0cX7P6PSw_001_1080p_frame_00055_jpg.rf.ef120417ab66997717537a61ae85c6ae.txt,YTDown-com_YouTube_Crazy-yet-Organized-Traffic-in-Vietnam-H_Media_fm0cX7P6PSw_001_1080p,55,27.5,train,labeled,55,0:2;1:9;2:42;3:1;4:1,bbox:2;polygon:53,6c07cdcbb26109631da92b398dad99077b1c2d6664128094fff6c7e57de22e9a
d70092dd79cb231d1d3839e7c9cdda0689323dc9992c8f9365babc883815a4ee,train/images/YTDown-com_YouTube_Crazy-yet-Organized-Traffic-in-Vietnam-H_Media_fm0cX7P6PSw_001_1080p_frame_00056_jpg.rf.dde1b64e4374866424223a0248482429.jpg,train/labels/YTDown-com_YouTube_Crazy-yet-Organized-Traffic-in-Vietnam-H_Media_fm0cX7P6PSw_001_1080p_frame_00056_jpg.rf.dde1b64e4374866424223a0248482429.txt,YTDown-com_YouTube_Crazy-yet-Organized-Traffic-in-Vietnam-H_Media_fm0cX7P6PSw_001_1080p,56,28.0,train,labeled,65,0:3;1:9;2:52;4:1,bbox:1;polygon:64,d70092dd79cb231d1d3839e7c9cdda0689323dc9992c8f9365babc883815a4ee
7813332c7d376cb9f310af6602bb79aeedd1cde8a28bddbfeee26824ddfb91a7,train/images/YTDown-com_YouTube_Crazy-yet-Organized-Traffic-in-Vietnam-H_Media_fm0cX7P6PSw_001_1080p_frame_00058_jpg.rf.6922dab772bd4f140678d547b89be917.jpg,train/labels/YTDown-com_YouTube_Crazy-yet-Organized-Traffic-in-Vietnam-H_Media_fm0cX7P6PSw_001_1080p_frame_00058_jpg.rf.6922dab772bd4f140678d547b89be917.txt,YTDown-com_YouTube_Crazy-yet-Organized-Traffic-in-Vietnam-H_Media_fm0cX7P6PSw_001_1080p,58,29.0,train,labeled,66,0:3;1:9;2:48;3:5;4:1,bbox:4;polygon:62,7813332c7d376cb9f310af6602bb79aeedd1cde8a28bddbfeee26824ddfb91a7
000e5c4a7fc8f912265e640e937acd56a3b30a13303aee58deeed14dd24cd7a5,train/images/YTDown-com_YouTube_Crazy-yet-Organized-Traffic-in-Vietnam-H_Media_fm0cX7P6PSw_001_1080p_frame_00059_jpg.rf.85e4de444ae69b106b125527bfce9d1a.jpg,train/labels/YTDown-com_YouTube_Crazy-yet-Organized-Traffic-in-Vietnam-H_Media_fm0cX7P6PSw_001_1080p_frame_00059_jpg.rf.85e4de444ae69b106b125527bfce9d1a.txt,YTDown-com_YouTube_Crazy-yet-Organized-Traffic-in-Vietnam-H_Media_fm0cX7P6PSw_001_1080p,59,29.5,train,labeled,68,0:3;1:9;2:52;3:3;4:1,bbox:4;polygon:64,000e5c4a7fc8f912265e640e937acd56a3b30a13303aee58deeed14dd24cd7a5
7f925ecf4b7f00d4dce9e32d12c5b41974ed0f3aa50dd618d1406948ca831e38,train/images/YTDown-com_YouTube_Crazy-yet-Organized-Traffic-in-Vietnam-H_Media_fm0cX7P6PSw_001_1080p_frame_00060_jpg.rf.0cbd89626c0e438b13c20ae798304fa1.jpg,train/labels/YTDown-com_YouTube_Crazy-yet-Organized-Traffic-in-Vietnam-H_Media_fm0cX7P6PSw_001_1080p_frame_00060_jpg.rf.0cbd89626c0e438b13c20ae798304fa1.txt,YTDown-com_YouTube_Crazy-yet-Organized-Traffic-in-Vietnam-H_Media_fm0cX7P6PSw_001_1080p,60,30.0,train,labeled,65,0:3;1:8;2:52;3:1;4:1,bbox:4;polygon:61,7f925ecf4b7f00d4dce9e32d12c5b41974ed0f3aa50dd618d1406948ca831e38
e53de4a49e6345e680b0704345efda4c2a21795d5ac81e429c8ec305bee2ace3,train/images/YTDown-com_YouTube_Crazy-yet-Organized-Traffic-in-Vietnam-H_Media_fm0cX7P6PSw_001_1080p_frame_00061_jpg.rf.66f7ac5ba98b2bd4069835f15f7accb0.jpg,train/labels/YTDown-com_YouTube_Crazy-yet-Organized-Traffic-in-Vietnam-H_Media_fm0cX7P6PSw_001_1080p_frame_00061_jpg.rf.66f7ac5ba98b2bd4069835f15f7accb0.txt,YTDown-com_YouTube_Crazy-yet-Organized-Traffic-in-Vietnam-H_Media_fm0cX7P6PSw_001_1080p,61,30.5,train,labeled,65,0:3;1:9;2:51;3:1;4:1,bbox:1;polygon:64,e53de4a49e6345e680b0704345efda4c2a21795d5ac81e429c8ec305bee2ace3
ab24a144eb0cfdc809ab1b0ccd8c0475140a8e745f22b00f37710b43233053c9,train/images/YTDown-com_YouTube_Crazy-yet-Organized-Traffic-in-Vietnam-H_Media_fm0cX7P6PSw_001_1080p_frame_00063_jpg.rf.c673214db62755ed79e586a33abfb8b9.jpg,train/labels/YTDown-com_YouTube_Crazy-yet-Organized-Traffic-in-Vietnam-H_Media_fm0cX7P6PSw_001_1080p_frame_00063_jpg.rf.c673214db62755ed79e586a33abfb8b9.txt,YTDown-com_YouTube_Crazy-yet-Organized-Traffic-in-Vietnam-H_Media_fm0cX7P6PSw_001_1080p,63,31.5,train,labeled,66,0:2;1:10;2:53;3:1,bbox:4;polygon:62,ab24a144eb0cfdc809ab1b0ccd8c0475140a8e745f22b00f37710b43233053c9
cce5dc20b10b33504498b95cfe699b400451d1412237bcc42a0bda7e9ceb3c10,train/images/YTDown-com_YouTube_Crazy-yet-Organized-Traffic-in-Vietnam-H_Media_fm0cX7P6PSw_001_1080p_frame_00064_jpg.rf.02c830ae05472d27b4834942eecfa298.jpg,train/labels/YTDown-com_YouTube_Crazy-yet-Organized-Traffic-in-Vietnam-H_Media_fm0cX7P6PSw_001_1080p_frame_00064_jpg.rf.02c830ae05472d27b4834942eecfa298.txt,YTDown-com_YouTube_Crazy-yet-Organized-Traffic-in-Vietnam-H_Media_fm0cX7P6PSw_001_1080p,64,32.0,train,labeled,64,0:2;1:7;2:52;3:2;4:1,bbox:2;polygon:62,cce5dc20b10b33504498b95cfe699b400451d1412237bcc42a0bda7e9ceb3c10
dfa02fa4acac6faea7eb7ea341c08b294aa815b4344e02a50a2f3a5484098435,train/images/YTDown-com_YouTube_Crazy-yet-Organized-Traffic-in-Vietnam-H_Media_fm0cX7P6PSw_001_1080p_frame_00065_jpg.rf.458344a81868fe38b349eeddb4c2e8ea.jpg,train/labels/YTDown-com_YouTube_Crazy-yet-Organized-Traffic-in-Vietnam-H_Media_fm0cX7P6PSw_001_1080p_frame_00065_jpg.rf.458344a81868fe38b349eeddb4c2e8ea.txt,YTDown-com_YouTube_Crazy-yet-Organized-Traffic-in-Vietnam-H_Media_fm0cX7P6PSw_001_1080p,65,32.5,train,labeled,56,0:2;1:7;2:47,bbox:2;polygon:54,dfa02fa4acac6faea7eb7ea341c08b294aa815b4344e02a50a2f3a5484098435
528aa64ac795f969605475c484b6e1ffdf9b833be986a54abab4d30a76bc2158,train/images/YTDown-com_YouTube_Crazy-yet-Organized-Traffic-in-Vietnam-H_Media_fm0cX7P6PSw_001_1080p_frame_00066_jpg.rf.04fed8609d4b2e1c078e191c654c7d1c.jpg,train/labels/YTDown-com_YouTube_Crazy-yet-Organized-Traffic-in-Vietnam-H_Media_fm0cX7P6PSw_001_1080p_frame_00066_jpg.rf.04fed8609d4b2e1c078e191c654c7d1c.txt,YTDown-com_YouTube_Crazy-yet-Organized-Traffic-in-Vietnam-H_Media_fm0cX7P6PSw_001_1080p,66,33.0,train,labeled,51,0:4;1:6;2:39;3:2,bbox:1;polygon:50,528aa64ac795f969605475c484b6e1ffdf9b833be986a54abab4d30a76bc2158
2a584801d84438ae5fa3d3ba198ec73d955b969dd08dc6a0f24428b505a95fa1,train/images/YTDown-com_YouTube_Crazy-yet-Organized-Traffic-in-Vietnam-H_Media_fm0cX7P6PSw_001_1080p_frame_00067_jpg.rf.f2ed4853d9a0b42954c0af86547b1ebe.jpg,train/labels/YTDown-com_YouTube_Crazy-yet-Organized-Traffic-in-Vietnam-H_Media_fm0cX7P6PSw_001_1080p_frame_00067_jpg.rf.f2ed4853d9a0b42954c0af86547b1ebe.txt,YTDown-com_YouTube_Crazy-yet-Organized-Traffic-in-Vietnam-H_Media_fm0cX7P6PSw_001_1080p,67,33.5,train,labeled,57,0:4;1:9;2:41;3:3,bbox:5;polygon:52,2a584801d84438ae5fa3d3ba198ec73d955b969dd08dc6a0f24428b505a95fa1
a466629edcb219962c2e48fba587251413071a7479c1ff12024978200677aa6e,train/images/YTDown-com_YouTube_Crazy-yet-Organized-Traffic-in-Vietnam-H_Media_fm0cX7P6PSw_001_1080p_frame_00068_jpg.rf.c1ce524d1669e3b75235b840594a7862.jpg,train/labels/YTDown-com_YouTube_Crazy-yet-Organized-Traffic-in-Vietnam-H_Media_fm0cX7P6PSw_001_1080p_frame_00068_jpg.rf.c1ce524d1669e3b75235b840594a7862.txt,YTDown-com_YouTube_Crazy-yet-Organized-Traffic-in-Vietnam-H_Media_fm0cX7P6PSw_001_1080p,68,34.0,train,labeled,62,0:4;1:10;2:45;3:3,bbox:3;polygon:59,a466629edcb219962c2e48fba587251413071a7479c1ff12024978200677aa6e
5392742765b59e3b8e0ab1c05379a44df218986678dbd9f8fcc8ae11ce3a0ba4,train/images/YTDown-com_YouTube_Crazy-yet-Organized-Traffic-in-Vietnam-H_Media_fm0cX7P6PSw_001_1080p_frame_00069_jpg.rf.5185d6a8bd56c700713da5e261926e52.jpg,train/labels/YTDown-com_YouTube_Crazy-yet-Organized-Traffic-in-Vietnam-H_Media_fm0cX7P6PSw_001_1080p_frame_00069_jpg.rf.5185d6a8bd56c700713da5e261926e52.txt,YTDown-com_YouTube_Crazy-yet-Organized-Traffic-in-Vietnam-H_Media_fm0cX7P6PSw_001_1080p,69,34.5,train,labeled,64,0:2;1:9;2:49;3:4,bbox:3;polygon:61,5392742765b59e3b8e0ab1c05379a44df218986678dbd9f8fcc8ae11ce3a0ba4
2c6de6c9bd4d8f2133df4d4d18d6ba83f1570c51878a18ca079e5b2fcd818179,train/images/YTDown-com_YouTube_Crazy-yet-Organized-Traffic-in-Vietnam-H_Media_fm0cX7P6PSw_001_1080p_frame_00070_jpg.rf.01c278f1bde6b767e1b6d082521f9be3.jpg,train/labels/YTDown-com_YouTube_Crazy-yet-Organized-Traffic-in-Vietnam-H_Media_fm0cX7P6PSw_001_1080p_frame_00070_jpg.rf.01c278f1bde6b767e1b6d082521f9be3.txt,YTDown-com_YouTube_Crazy-yet-Organized-Traffic-in-Vietnam-H_Media_fm0cX7P6PSw_001_1080p,70,35.0,train,labeled,63,0:4;1:11;2:44;3:4,bbox:2;polygon:61,2c6de6c9bd4d8f2133df4d4d18d6ba83f1570c51878a18ca079e5b2fcd818179
28420078349da0f9f25a88dc2c38ac00729c3ac7bc8728f35c4ac565c4a80e1e,train/images/YTDown-com_YouTube_Crazy-yet-Organized-Traffic-in-Vietnam-H_Media_fm0cX7P6PSw_001_1080p_frame_00071_jpg.rf.c14881ed7e7177f81c5b139101e5e2f3.jpg,train/labels/YTDown-com_YouTube_Crazy-yet-Organized-Traffic-in-Vietnam-H_Media_fm0cX7P6PSw_001_1080p_frame_00071_jpg.rf.c14881ed7e7177f81c5b139101e5e2f3.txt,YTDown-com_YouTube_Crazy-yet-Organized-Traffic-in-Vietnam-H_Media_fm0cX7P6PSw_001_1080p,71,35.5,train,labeled,59,0:3;1:12;2:40;3:4,bbox:1;polygon:58,28420078349da0f9f25a88dc2c38ac00729c3ac7bc8728f35c4ac565c4a80e1e
cf2a544425747f2102d3586c4501d013e8c268be2924f0b92fc569ea139eef13,train/images/YTDown-com_YouTube_Crazy-yet-Organized-Traffic-in-Vietnam-H_Media_fm0cX7P6PSw_001_1080p_frame_00075_jpg.rf.2b89a9ab47ccbe63925f7f293352c6c1.jpg,train/labels/YTDown-com_YouTube_Crazy-yet-Organized-Traffic-in-Vietnam-H_Media_fm0cX7P6PSw_001_1080p_frame_00075_jpg.rf.2b89a9ab47ccbe63925f7f293352c6c1.txt,YTDown-com_YouTube_Crazy-yet-Organized-Traffic-in-Vietnam-H_Media_fm0cX7P6PSw_001_1080p,75,37.5,train,labeled,67,0:2;1:11;2:51;3:3,bbox:3;polygon:64,cf2a544425747f2102d3586c4501d013e8c268be2924f0b92fc569ea139eef13
10daa67167a065b6402506124e4a46de69d80bed7c1fb3f4b58da89c4d087e4f,train/images/YTDown-com_YouTube_Crazy-yet-Organized-Traffic-in-Vietnam-H_Media_fm0cX7P6PSw_001_1080p_frame_00077_jpg.rf.2f745cf095c76178061897c7335f4c06.jpg,train/labels/YTDown-com_YouTube_Crazy-yet-Organized-Traffic-in-Vietnam-H_Media_fm0cX7P6PSw_001_1080p_frame_00077_jpg.rf.2f745cf095c76178061897c7335f4c06.txt,YTDown-com_YouTube_Crazy-yet-Organized-Traffic-in-Vietnam-H_Media_fm0cX7P6PSw_001_1080p,77,38.5,train,labeled,68,0:3;1:8;2:52;3:5,bbox:2;polygon:66,10daa67167a065b6402506124e4a46de69d80bed7c1fb3f4b58da89c4d087e4f
218cb18fe7902275e1abb1c12c1648c7266d38c20a7e5155b637240cd3f157b2,train/images/YTDown-com_YouTube_Crazy-yet-Organized-Traffic-in-Vietnam-H_Media_fm0cX7P6PSw_001_1080p_frame_00078_jpg.rf.41e855d1fc1fb07f56c2443631be5613.jpg,train/labels/YTDown-com_YouTube_Crazy-yet-Organized-Traffic-in-Vietnam-H_Media_fm0cX7P6PSw_001_1080p_frame_00078_jpg.rf.41e855d1fc1fb07f56c2443631be5613.txt,YTDown-com_YouTube_Crazy-yet-Organized-Traffic-in-Vietnam-H_Media_fm0cX7P6PSw_001_1080p,78,39.0,train,labeled,73,0:3;1:8;2:59;3:3,bbox:2;polygon:71,218cb18fe7902275e1abb1c12c1648c7266d38c20a7e5155b637240cd3f157b2
ccd31ee86eb685ce49d5679a2345a7d3e0894e98591efab82e65b054924eb23b,train/images/YTDown-com_YouTube_Crazy-yet-Organized-Traffic-in-Vietnam-H_Media_fm0cX7P6PSw_001_1080p_frame_00079_jpg.rf.d050e1273f25811bf331f7d322ed6c43.jpg,train/labels/YTDown-com_YouTube_Crazy-yet-Organized-Traffic-in-Vietnam-H_Media_fm0cX7P6PSw_001_1080p_frame_00079_jpg.rf.d050e1273f25811bf331f7d322ed6c43.txt,YTDown-com_YouTube_Crazy-yet-Organized-Traffic-in-Vietnam-H_Media_fm0cX7P6PSw_001_1080p,79,39.5,train,labeled,67,0:1;1:9;2:54;3:3,bbox:2;polygon:65,ccd31ee86eb685ce49d5679a2345a7d3e0894e98591efab82e65b054924eb23b
ebd7d167617e5e14cfe47d432e14f2fb01d2b058041f218c4cd316b8f914dea1,train/images/YTDown-com_YouTube_Crazy-yet-Organized-Traffic-in-Vietnam-H_Media_fm0cX7P6PSw_001_1080p_frame_00080_jpg.rf.c35b3b8bc944aaa8a030030f3e8ebf8b.jpg,train/labels/YTDown-com_YouTube_Crazy-yet-Organized-Traffic-in-Vietnam-H_Media_fm0cX7P6PSw_001_1080p_frame_00080_jpg.rf.c35b3b8bc944aaa8a030030f3e8ebf8b.txt,YTDown-com_YouTube_Crazy-yet-Organized-Traffic-in-Vietnam-H_Media_fm0cX7P6PSw_001_1080p,80,40.0,train,labeled,74,0:1;1:10;2:56;3:7,bbox:5;polygon:69,ebd7d167617e5e14cfe47d432e14f2fb01d2b058041f218c4cd316b8f914dea1
56eda92e9aa2775cd23b37f57ceabca9d9ef268a86e29676395e7353e46db696,train/images/YTDown-com_YouTube_Crazy-yet-Organized-Traffic-in-Vietnam-H_Media_fm0cX7P6PSw_001_1080p_frame_00081_jpg.rf.38f9cdb577b8809080d9f29747b32a5f.jpg,train/labels/YTDown-com_YouTube_Crazy-yet-Organized-Traffic-in-Vietnam-H_Media_fm0cX7P6PSw_001_1080p_frame_00081_jpg.rf.38f9cdb577b8809080d9f29747b32a5f.txt,YTDown-com_YouTube_Crazy-yet-Organized-Traffic-in-Vietnam-H_Media_fm0cX7P6PSw_001_1080p,81,40.5,train,labeled,68,0:1;1:11;2:53;3:3,polygon:68,56eda92e9aa2775cd23b37f57ceabca9d9ef268a86e29676395e7353e46db696
1666a13d1c9a837a7eca66f858c39b388c5a337c246edb1599eea91085ca954f,train/images/YTDown-com_YouTube_Crazy-yet-Organized-Traffic-in-Vietnam-H_Media_fm0cX7P6PSw_001_1080p_frame_00082_jpg.rf.4ee7792ecc245d543a8662fec1cf0f91.jpg,train/labels/YTDown-com_YouTube_Crazy-yet-Organized-Traffic-in-Vietnam-H_Media_fm0cX7P6PSw_001_1080p_frame_00082_jpg.rf.4ee7792ecc245d543a8662fec1cf0f91.txt,YTDown-com_YouTube_Crazy-yet-Organized-Traffic-in-Vietnam-H_Media_fm0cX7P6PSw_001_1080p,82,41.0,train,labeled,70,0:2;1:11;2:56;3:1,bbox:3;polygon:67,1666a13d1c9a837a7eca66f858c39b388c5a337c246edb1599eea91085ca954f
b802459ea7889cfe0866e6d796ed746bc7267cbed070136c3e9fcfd3cb047101,train/images/YTDown-com_YouTube_Crazy-yet-Organized-Traffic-in-Vietnam-H_Media_fm0cX7P6PSw_001_1080p_frame_00083_jpg.rf.28373989932712f238bb717df7ff2075.jpg,train/labels/YTDown-com_YouTube_Crazy-yet-Organized-Traffic-in-Vietnam-H_Media_fm0cX7P6PSw_001_1080p_frame_00083_jpg.rf.28373989932712f238bb717df7ff2075.txt,YTDown-com_YouTube_Crazy-yet-Organized-Traffic-in-Vietnam-H_Media_fm0cX7P6PSw_001_1080p,83,41.5,train,labeled,74,0:1;1:10;2:61;3:2,bbox:2;polygon:72,b802459ea7889cfe0866e6d796ed746bc7267cbed070136c3e9fcfd3cb047101
5cac73e8746d757f02d37f67faa44da13edefc8aa59e93afa90d9dec12fcde78,train/images/YTDown-com_YouTube_Crazy-yet-Organized-Traffic-in-Vietnam-H_Media_fm0cX7P6PSw_001_1080p_frame_00084_jpg.rf.a25d46291c57ed47e44002d644b29348.jpg,train/labels/YTDown-com_YouTube_Crazy-yet-Organized-Traffic-in-Vietnam-H_Media_fm0cX7P6PSw_001_1080p_frame_00084_jpg.rf.a25d46291c57ed47e44002d644b29348.txt,YTDown-com_YouTube_Crazy-yet-Organized-Traffic-in-Vietnam-H_Media_fm0cX7P6PSw_001_1080p,84,42.0,train,labeled,71,0:1;1:9;2:59;3:2,bbox:5;polygon:66,5cac73e8746d757f02d37f67faa44da13edefc8aa59e93afa90d9dec12fcde78
e55175e88998de8e6aae0619d0d1835af0e4cb0adeddcc018872c64c7d6abcf4,train/images/YTDown-com_YouTube_Crazy-yet-Organized-Traffic-in-Vietnam-H_Media_fm0cX7P6PSw_001_1080p_frame_00086_jpg.rf.12578aa6cbb5b3bf3f1c812c3f85048e.jpg,train/labels/YTDown-com_YouTube_Crazy-yet-Organized-Traffic-in-Vietnam-H_Media_fm0cX7P6PSw_001_1080p_frame_00086_jpg.rf.12578aa6cbb5b3bf3f1c812c3f85048e.txt,YTDown-com_YouTube_Crazy-yet-Organized-Traffic-in-Vietnam-H_Media_fm0cX7P6PSw_001_1080p,86,43.0,train,labeled,71,0:1;1:9;2:60;3:1,bbox:2;polygon:69,e55175e88998de8e6aae0619d0d1835af0e4cb0adeddcc018872c64c7d6abcf4
b33d21a7dfc12b44b209f8421a070eca86d6b8e5441ade72285b11b110e91040,train/images/YTDown-com_YouTube_Crazy-yet-Organized-Traffic-in-Vietnam-H_Media_fm0cX7P6PSw_001_1080p_frame_00087_jpg.rf.b183b25210f719f10b7d987a38f37db9.jpg,train/labels/YTDown-com_YouTube_Crazy-yet-Organized-Traffic-in-Vietnam-H_Media_fm0cX7P6PSw_001_1080p_frame_00087_jpg.rf.b183b25210f719f10b7d987a38f37db9.txt,YTDown-com_YouTube_Crazy-yet-Organized-Traffic-in-Vietnam-H_Media_fm0cX7P6PSw_001_1080p,87,43.5,train,labeled,71,0:1;1:10;2:55;3:5,bbox:1;polygon:70,b33d21a7dfc12b44b209f8421a070eca86d6b8e5441ade72285b11b110e91040
de8d17f0756031e36c1a40e27fc83ff8e6b181d3eb21e45593edecc283d9c509,train/images/YTDown-com_YouTube_Crazy-yet-Organized-Traffic-in-Vietnam-H_Media_fm0cX7P6PSw_001_1080p_frame_00088_jpg.rf.04524170c6946f4f4bc133a65ea011fd.jpg,train/labels/YTDown-com_YouTube_Crazy-yet-Organized-Traffic-in-Vietnam-H_Media_fm0cX7P6PSw_001_1080p_frame_00088_jpg.rf.04524170c6946f4f4bc133a65ea011fd.txt,YTDown-com_YouTube_Crazy-yet-Organized-Traffic-in-Vietnam-H_Media_fm0cX7P6PSw_001_1080p,88,44.0,train,labeled,72,0:4;1:9;2:58;3:1,bbox:1;polygon:71,de8d17f0756031e36c1a40e27fc83ff8e6b181d3eb21e45593edecc283d9c509
5c9428c5a9951c39cc3994b849425ab645e32875f7aeac1c81085f95de88c67a,train/images/YTDown-com_YouTube_Crazy-yet-Organized-Traffic-in-Vietnam-H_Media_fm0cX7P6PSw_001_1080p_frame_00089_jpg.rf.02e4ec9be45eb6d19628f5b4a6b0e0e2.jpg,train/labels/YTDown-com_YouTube_Crazy-yet-Organized-Traffic-in-Vietnam-H_Media_fm0cX7P6PSw_001_1080p_frame_00089_jpg.rf.02e4ec9be45eb6d19628f5b4a6b0e0e2.txt,YTDown-com_YouTube_Crazy-yet-Organized-Traffic-in-Vietnam-H_Media_fm0cX7P6PSw_001_1080p,89,44.5,train,labeled,68,0:5;1:10;2:50;3:3,bbox:3;polygon:65,5c9428c5a9951c39cc3994b849425ab645e32875f7aeac1c81085f95de88c67a
550f874b4415541683f9e4ed9ec70a483614d62bebffa4aeeb0ece3ac286c979,train/images/YTDown-com_YouTube_Crazy-yet-Organized-Traffic-in-Vietnam-H_Media_fm0cX7P6PSw_001_1080p_frame_00090_jpg.rf.7f089cfc44ce9242129c4e4860d25acd.jpg,train/labels/YTDown-com_YouTube_Crazy-yet-Organized-Traffic-in-Vietnam-H_Media_fm0cX7P6PSw_001_1080p_frame_00090_jpg.rf.7f089cfc44ce9242129c4e4860d25acd.txt,YTDown-com_YouTube_Crazy-yet-Organized-Traffic-in-Vietnam-H_Media_fm0cX7P6PSw_001_1080p,90,45.0,train,labeled,72,0:4;1:10;2:55;3:3,bbox:1;polygon:71,550f874b4415541683f9e4ed9ec70a483614d62bebffa4aeeb0ece3ac286c979
666bc04a682c53650d55d5b96cd2e409fd77271ae176ad47b54a782890c00e03,train/images/YTDown-com_YouTube_Crazy-yet-Organized-Traffic-in-Vietnam-H_Media_fm0cX7P6PSw_001_1080p_frame_00091_jpg.rf.161dad9a61f1dd51c3537336be371b76.jpg,train/labels/YTDown-com_YouTube_Crazy-yet-Organized-Traffic-in-Vietnam-H_Media_fm0cX7P6PSw_001_1080p_frame_00091_jpg.rf.161dad9a61f1dd51c3537336be371b76.txt,YTDown-com_YouTube_Crazy-yet-Organized-Traffic-in-Vietnam-H_Media_fm0cX7P6PSw_001_1080p,91,45.5,train,labeled,75,0:5;1:10;2:59;3:1,bbox:3;polygon:72,666bc04a682c53650d55d5b96cd2e409fd77271ae176ad47b54a782890c00e03
5524daed7771cba0b3f0aafa2da2965019ad6159297bb157eade1983dba03c5d,train/images/YTDown-com_YouTube_Crazy-yet-Organized-Traffic-in-Vietnam-H_Media_fm0cX7P6PSw_001_1080p_frame_00092_jpg.rf.b34417be37edcbeab4ea07fb32083512.jpg,train/labels/YTDown-com_YouTube_Crazy-yet-Organized-Traffic-in-Vietnam-H_Media_fm0cX7P6PSw_001_1080p_frame_00092_jpg.rf.b34417be37edcbeab4ea07fb32083512.txt,YTDown-com_YouTube_Crazy-yet-Organized-Traffic-in-Vietnam-H_Media_fm0cX7P6PSw_001_1080p,92,46.0,train,labeled,78,0:4;1:11;2:62;3:1,bbox:3;polygon:75,5524daed7771cba0b3f0aafa2da2965019ad6159297bb157eade1983dba03c5d
735f91085434f5e0ffbdd908d93fdca7938d2a1d2c6de10073ecd1bdb363bce5,train/images/YTDown-com_YouTube_Crazy-yet-Organized-Traffic-in-Vietnam-H_Media_fm0cX7P6PSw_001_1080p_frame_00093_jpg.rf.fe26920189ee42cc8dc05c28064616ef.jpg,train/labels/YTDown-com_YouTube_Crazy-yet-Organized-Traffic-in-Vietnam-H_Media_fm0cX7P6PSw_001_1080p_frame_00093_jpg.rf.fe26920189ee42cc8dc05c28064616ef.txt,YTDown-com_YouTube_Crazy-yet-Organized-Traffic-in-Vietnam-H_Media_fm0cX7P6PSw_001_1080p,93,46.5,train,labeled,77,0:2;1:13;2:60;3:2,bbox:1;polygon:76,735f91085434f5e0ffbdd908d93fdca7938d2a1d2c6de10073ecd1bdb363bce5
2488fc06e1391a118642b71fd50e0ec86646f57a4dc30a86c816140092d62f00,train/images/YTDown-com_YouTube_Crazy-yet-Organized-Traffic-in-Vietnam-H_Media_fm0cX7P6PSw_001_1080p_frame_00094_jpg.rf.a587e94d2c8e253dfdd9c2e2980a1f9c.jpg,train/labels/YTDown-com_YouTube_Crazy-yet-Organized-Traffic-in-Vietnam-H_Media_fm0cX7P6PSw_001_1080p_frame_00094_jpg.rf.a587e94d2c8e253dfdd9c2e2980a1f9c.txt,YTDown-com_YouTube_Crazy-yet-Organized-Traffic-in-Vietnam-H_Media_fm0cX7P6PSw_001_1080p,94,47.0,train,labeled,79,0:2;1:12;2:63;3:2,bbox:2;polygon:77,2488fc06e1391a118642b71fd50e0ec86646f57a4dc30a86c816140092d62f00
49aef5da25baca0f758644e3e52d168f7dc50bca5cdac9e390d0434169ad74a9,train/images/YTDown-com_YouTube_Crazy-yet-Organized-Traffic-in-Vietnam-H_Media_fm0cX7P6PSw_001_1080p_frame_00096_jpg.rf.39115239a587dd1ed658330a15cc7b92.jpg,train/labels/YTDown-com_YouTube_Crazy-yet-Organized-Traffic-in-Vietnam-H_Media_fm0cX7P6PSw_001_1080p_frame_00096_jpg.rf.39115239a587dd1ed658330a15cc7b92.txt,YTDown-com_YouTube_Crazy-yet-Organized-Traffic-in-Vietnam-H_Media_fm0cX7P6PSw_001_1080p,96,48.0,train,labeled,79,0:2;1:13;2:61;3:3,bbox:4;polygon:75,49aef5da25baca0f758644e3e52d168f7dc50bca5cdac9e390d0434169ad74a9
91b87cc817b615973559956cd1382a0ddfe97166efba23683a13f097f9cd62ec,train/images/YTDown-com_YouTube_Crazy-yet-Organized-Traffic-in-Vietnam-H_Media_fm0cX7P6PSw_001_1080p_frame_00098_jpg.rf.3ff30697edc303a31a9be435daf259ab.jpg,train/labels/YTDown-com_YouTube_Crazy-yet-Organized-Traffic-in-Vietnam-H_Media_fm0cX7P6PSw_001_1080p_frame_00098_jpg.rf.3ff30697edc303a31a9be435daf259ab.txt,YTDown-com_YouTube_Crazy-yet-Organized-Traffic-in-Vietnam-H_Media_fm0cX7P6PSw_001_1080p,98,49.0,train,labeled,73,0:3;1:13;2:57,bbox:4;polygon:69,91b87cc817b615973559956cd1382a0ddfe97166efba23683a13f097f9cd62ec
1ea626d7a00b32c93d20954668e7971d0bb771ac25313c931c45bc8205c278cd,train/images/YTDown-com_YouTube_Crazy-yet-Organized-Traffic-in-Vietnam-H_Media_fm0cX7P6PSw_001_1080p_frame_00099_jpg.rf.6bbabb18fba65297ae6016b24779df4f.jpg,train/labels/YTDown-com_YouTube_Crazy-yet-Organized-Traffic-in-Vietnam-H_Media_fm0cX7P6PSw_001_1080p_frame_00099_jpg.rf.6bbabb18fba65297ae6016b24779df4f.txt,YTDown-com_YouTube_Crazy-yet-Organized-Traffic-in-Vietnam-H_Media_fm0cX7P6PSw_001_1080p,99,49.5,train,labeled,73,0:2;1:14;2:55;3:2,bbox:3;polygon:70,1ea626d7a00b32c93d20954668e7971d0bb771ac25313c931c45bc8205c278cd
55265749e8c9685d032987aac0c1308b2036f17ebb5e13a99de92227fe896ee9,train/images/YTDown-com_YouTube_Crazy-yet-Organized-Traffic-in-Vietnam-H_Media_fm0cX7P6PSw_001_1080p_frame_00104_jpg.rf.fb81a7b7b93450f665024a665fe4811e.jpg,train/labels/YTDown-com_YouTube_Crazy-yet-Organized-Traffic-in-Vietnam-H_Media_fm0cX7P6PSw_001_1080p_frame_00104_jpg.rf.fb81a7b7b93450f665024a665fe4811e.txt,YTDown-com_YouTube_Crazy-yet-Organized-Traffic-in-Vietnam-H_Media_fm0cX7P6PSw_001_1080p,104,52.0,train,labeled,69,0:2;1:11;2:55;3:1,bbox:3;polygon:66,55265749e8c9685d032987aac0c1308b2036f17ebb5e13a99de92227fe896ee9
5be4856315bc89122b5f954dde9b416c926a87c53b19896dec7e5f35061678a9,train/images/YTDown-com_YouTube_Crazy-yet-Organized-Traffic-in-Vietnam-H_Media_fm0cX7P6PSw_001_1080p_frame_00106_jpg.rf.ddfc58532fe0ac1923644c582d2556e8.jpg,train/labels/YTDown-com_YouTube_Crazy-yet-Organized-Traffic-in-Vietnam-H_Media_fm0cX7P6PSw_001_1080p_frame_00106_jpg.rf.ddfc58532fe0ac1923644c582d2556e8.txt,YTDown-com_YouTube_Crazy-yet-Organized-Traffic-in-Vietnam-H_Media_fm0cX7P6PSw_001_1080p,106,53.0,train,labeled,69,0:2;1:13;2:54,bbox:2;polygon:67,5be4856315bc89122b5f954dde9b416c926a87c53b19896dec7e5f35061678a9
be815f287e6d1ef12da53f798bfd0dbcca4e0a2b164ec00a81c5334e02f98814,train/images/YTDown-com_YouTube_Crazy-yet-Organized-Traffic-in-Vietnam-H_Media_fm0cX7P6PSw_001_1080p_frame_00107_jpg.rf.2649e208682072a2f30f46375d0a6b0d.jpg,train/labels/YTDown-com_YouTube_Crazy-yet-Organized-Traffic-in-Vietnam-H_Media_fm0cX7P6PSw_001_1080p_frame_00107_jpg.rf.2649e208682072a2f30f46375d0a6b0d.txt,YTDown-com_YouTube_Crazy-yet-Organized-Traffic-in-Vietnam-H_Media_fm0cX7P6PSw_001_1080p,107,53.5,train,labeled,67,0:3;1:14;2:50,bbox:1;polygon:66,be815f287e6d1ef12da53f798bfd0dbcca4e0a2b164ec00a81c5334e02f98814
35af08004de12e0de7244301fcf2db0d97ae11ef6d1aaacc5752773ac402448a,train/images/YTDown-com_YouTube_Crazy-yet-Organized-Traffic-in-Vietnam-H_Media_fm0cX7P6PSw_001_1080p_frame_00108_jpg.rf.b2ba49a631d1670bcf73b8e762171701.jpg,train/labels/YTDown-com_YouTube_Crazy-yet-Organized-Traffic-in-Vietnam-H_Media_fm0cX7P6PSw_001_1080p_frame_00108_jpg.rf.b2ba49a631d1670bcf73b8e762171701.txt,YTDown-com_YouTube_Crazy-yet-Organized-Traffic-in-Vietnam-H_Media_fm0cX7P6PSw_001_1080p,108,54.0,train,labeled,67,0:3;1:15;2:49,bbox:1;polygon:66,35af08004de12e0de7244301fcf2db0d97ae11ef6d1aaacc5752773ac402448a
73ebdc19cfc3711e7c393db7b839a0b79e7a96d00bc154842023b5a03f6270e1,train/images/YTDown-com_YouTube_Crazy-yet-Organized-Traffic-in-Vietnam-H_Media_fm0cX7P6PSw_001_1080p_frame_00110_jpg.rf.03654c9cefdab875accc42dc6c334ff3.jpg,train/labels/YTDown-com_YouTube_Crazy-yet-Organized-Traffic-in-Vietnam-H_Media_fm0cX7P6PSw_001_1080p_frame_00110_jpg.rf.03654c9cefdab875accc42dc6c334ff3.txt,YTDown-com_YouTube_Crazy-yet-Organized-Traffic-in-Vietnam-H_Media_fm0cX7P6PSw_001_1080p,110,55.0,train,labeled,67,0:2;1:11;2:53;3:1,bbox:3;polygon:64,73ebdc19cfc3711e7c393db7b839a0b79e7a96d00bc154842023b5a03f6270e1
3b8bce021fb890cc881c7c4ca1f5d62ef12bb7fd564287f984e1dc8b05228bbd,train/images/YTDown-com_YouTube_Crazy-yet-Organized-Traffic-in-Vietnam-H_Media_fm0cX7P6PSw_001_1080p_frame_00112_jpg.rf.036afbc62ccaf1907c2d956af22cc23b.jpg,train/labels/YTDown-com_YouTube_Crazy-yet-Organized-Traffic-in-Vietnam-H_Media_fm0cX7P6PSw_001_1080p_frame_00112_jpg.rf.036afbc62ccaf1907c2d956af22cc23b.txt,YTDown-com_YouTube_Crazy-yet-Organized-Traffic-in-Vietnam-H_Media_fm0cX7P6PSw_001_1080p,112,56.0,train,labeled,60,0:2;1:8;2:50,bbox:3;polygon:57,3b8bce021fb890cc881c7c4ca1f5d62ef12bb7fd564287f984e1dc8b05228bbd
6d05937cbad6d3db960bcc0d59a171f1263425284d1fae81a6f81e22aa8a7f0c,train/images/YTDown-com_YouTube_Crazy-yet-Organized-Traffic-in-Vietnam-H_Media_fm0cX7P6PSw_001_1080p_frame_00113_jpg.rf.2749957e4b02eaab7e256c2aeff01a6c.jpg,train/labels/YTDown-com_YouTube_Crazy-yet-Organized-Traffic-in-Vietnam-H_Media_fm0cX7P6PSw_001_1080p_frame_00113_jpg.rf.2749957e4b02eaab7e256c2aeff01a6c.txt,YTDown-com_YouTube_Crazy-yet-Organized-Traffic-in-Vietnam-H_Media_fm0cX7P6PSw_001_1080p,113,56.5,train,labeled,57,0:2;1:10;2:45,bbox:2;polygon:55,6d05937cbad6d3db960bcc0d59a171f1263425284d1fae81a6f81e22aa8a7f0c
02f928ab97091e44392e4342e0cf906286de6e0787cc42857b3e0f72151813ad,train/images/YTDown-com_YouTube_Crazy-yet-Organized-Traffic-in-Vietnam-H_Media_fm0cX7P6PSw_001_1080p_frame_00114_jpg.rf.9b674114385baf06cc2e0776184d5281.jpg,train/labels/YTDown-com_YouTube_Crazy-yet-Organized-Traffic-in-Vietnam-H_Media_fm0cX7P6PSw_001_1080p_frame_00114_jpg.rf.9b674114385baf06cc2e0776184d5281.txt,YTDown-com_YouTube_Crazy-yet-Organized-Traffic-in-Vietnam-H_Media_fm0cX7P6PSw_001_1080p,114,57.0,train,labeled,63,0:3;1:12;2:48,bbox:6;polygon:57,02f928ab97091e44392e4342e0cf906286de6e0787cc42857b3e0f72151813ad
09589a3972255916032d96f53d8762fee71c72f96004456f84ec148d4baa7073,train/images/YTDown-com_YouTube_Crazy-yet-Organized-Traffic-in-Vietnam-H_Media_fm0cX7P6PSw_001_1080p_frame_00115_jpg.rf.a882eaf80ff01db357f18d9b229b1042.jpg,train/labels/YTDown-com_YouTube_Crazy-yet-Organized-Traffic-in-Vietnam-H_Media_fm0cX7P6PSw_001_1080p_frame_00115_jpg.rf.a882eaf80ff01db357f18d9b229b1042.txt,YTDown-com_YouTube_Crazy-yet-Organized-Traffic-in-Vietnam-H_Media_fm0cX7P6PSw_001_1080p,115,57.5,train,labeled,60,0:3;1:9;2:47;3:1,bbox:1;polygon:59,09589a3972255916032d96f53d8762fee71c72f96004456f84ec148d4baa7073
3c78466276049248945ae758a6d0da99452104e726fa35c9690b810b53c467f0,train/images/YTDown-com_YouTube_Crazy-yet-Organized-Traffic-in-Vietnam-H_Media_fm0cX7P6PSw_001_1080p_frame_00116_jpg.rf.9bb47055c1714b69e9d95711fa226dc6.jpg,train/labels/YTDown-com_YouTube_Crazy-yet-Organized-Traffic-in-Vietnam-H_Media_fm0cX7P6PSw_001_1080p_frame_00116_jpg.rf.9bb47055c1714b69e9d95711fa226dc6.txt,YTDown-com_YouTube_Crazy-yet-Organized-Traffic-in-Vietnam-H_Media_fm0cX7P6PSw_001_1080p,116,58.0,train,labeled,57,0:2;1:10;2:45,bbox:1;polygon:56,3c78466276049248945ae758a6d0da99452104e726fa35c9690b810b53c467f0
452df82aeab53c8d3c2387415821ac76f16ce43e3f63cd6a3bbb742aec60256e,train/images/YTDown-com_YouTube_Crazy-yet-Organized-Traffic-in-Vietnam-H_Media_fm0cX7P6PSw_001_1080p_frame_00117_jpg.rf.53d65449e58f23d2db17ec55005865eb.jpg,train/labels/YTDown-com_YouTube_Crazy-yet-Organized-Traffic-in-Vietnam-H_Media_fm0cX7P6PSw_001_1080p_frame_00117_jpg.rf.53d65449e58f23d2db17ec55005865eb.txt,YTDown-com_YouTube_Crazy-yet-Organized-Traffic-in-Vietnam-H_Media_fm0cX7P6PSw_001_1080p,117,58.5,train,labeled,57,0:2;1:13;2:42,bbox:1;polygon:56,452df82aeab53c8d3c2387415821ac76f16ce43e3f63cd6a3bbb742aec60256e
3b60877ac8e7f78a9fc4899a0aeaf952c3bbf9cf6d96c169c0a81d72bc228e70,train/images/YTDown-com_YouTube_Crazy-yet-Organized-Traffic-in-Vietnam-H_Media_fm0cX7P6PSw_001_1080p_frame_00118_jpg.rf.9a2b181ee0b09564632948a0c8be699b.jpg,train/labels/YTDown-com_YouTube_Crazy-yet-Organized-Traffic-in-Vietnam-H_Media_fm0cX7P6PSw_001_1080p_frame_00118_jpg.rf.9a2b181ee0b09564632948a0c8be699b.txt,YTDown-com_YouTube_Crazy-yet-Organized-Traffic-in-Vietnam-H_Media_fm0cX7P6PSw_001_1080p,118,59.0,train,labeled,58,0:2;1:14;2:41;3:1,bbox:2;polygon:56,3b60877ac8e7f78a9fc4899a0aeaf952c3bbf9cf6d96c169c0a81d72bc228e70
1c3dd4dcc3e397ca15565711f0a4f1b1b0fe70a5139352a212bcf2d8f92ee610,train/images/YTDown-com_YouTube_Crazy-yet-Organized-Traffic-in-Vietnam-H_Media_fm0cX7P6PSw_001_1080p_frame_00119_jpg.rf.ae2e8af3738eff15052b2ae91db66f46.jpg,train/labels/YTDown-com_YouTube_Crazy-yet-Organized-Traffic-in-Vietnam-H_Media_fm0cX7P6PSw_001_1080p_frame_00119_jpg.rf.ae2e8af3738eff15052b2ae91db66f46.txt,YTDown-com_YouTube_Crazy-yet-Organized-Traffic-in-Vietnam-H_Media_fm0cX7P6PSw_001_1080p,119,59.5,train,labeled,57,0:2;1:14;2:41,bbox:1;polygon:56,1c3dd4dcc3e397ca15565711f0a4f1b1b0fe70a5139352a212bcf2d8f92ee610
cac6b458a37a3b3889d2a86027ca6383ae06c011a8fcc67b93c63ca2e426eef1,train/images/YTDown-com_YouTube_Crazy-yet-Organized-Traffic-in-Vietnam-H_Media_fm0cX7P6PSw_001_1080p_frame_00121_jpg.rf.9cf8179be562186e5ebeabf45a6958b5.jpg,train/labels/YTDown-com_YouTube_Crazy-yet-Organized-Traffic-in-Vietnam-H_Media_fm0cX7P6PSw_001_1080p_frame_00121_jpg.rf.9cf8179be562186e5ebeabf45a6958b5.txt,YTDown-com_YouTube_Crazy-yet-Organized-Traffic-in-Vietnam-H_Media_fm0cX7P6PSw_001_1080p,121,60.5,train,labeled,51,0:2;1:17;2:31;3:1,bbox:2;polygon:49,cac6b458a37a3b3889d2a86027ca6383ae06c011a8fcc67b93c63ca2e426eef1
a0e61f6f5a707d57a198eca42786bcefd6c57e13ead0d5c29ab22e7d1aa3e4ad,train/images/YTDown-com_YouTube_Crazy-yet-Organized-Traffic-in-Vietnam-H_Media_fm0cX7P6PSw_001_1080p_frame_00122_jpg.rf.839ebf9acde613a1500a5ac192b3c157.jpg,train/labels/YTDown-com_YouTube_Crazy-yet-Organized-Traffic-in-Vietnam-H_Media_fm0cX7P6PSw_001_1080p_frame_00122_jpg.rf.839ebf9acde613a1500a5ac192b3c157.txt,YTDown-com_YouTube_Crazy-yet-Organized-Traffic-in-Vietnam-H_Media_fm0cX7P6PSw_001_1080p,122,61.0,train,labeled,55,0:2;1:18;2:35,bbox:2;polygon:53,a0e61f6f5a707d57a198eca42786bcefd6c57e13ead0d5c29ab22e7d1aa3e4ad
e6963d6a8b813eac2ed6e0a3409d9db6a67f482a12f8da40ea48a450304b870c,train/images/YTDown-com_YouTube_Crazy-yet-Organized-Traffic-in-Vietnam-H_Media_fm0cX7P6PSw_001_1080p_frame_00123_jpg.rf.df23782fcb42d6e77a7ec7cb008df5e6.jpg,train/labels/YTDown-com_YouTube_Crazy-yet-Organized-Traffic-in-Vietnam-H_Media_fm0cX7P6PSw_001_1080p_frame_00123_jpg.rf.df23782fcb42d6e77a7ec7cb008df5e6.txt,YTDown-com_YouTube_Crazy-yet-Organized-Traffic-in-Vietnam-H_Media_fm0cX7P6PSw_001_1080p,123,61.5,train,labeled,49,0:3;1:17;2:29,bbox:2;polygon:47,e6963d6a8b813eac2ed6e0a3409d9db6a67f482a12f8da40ea48a450304b870c
0af767e1eb7e47a4d82fd4d7899b5f8ff83ae6c8616d62358277bd537611a587,train/images/YTDown-com_YouTube_Crazy-yet-Organized-Traffic-in-Vietnam-H_Media_fm0cX7P6PSw_001_1080p_frame_00124_jpg.rf.bf03c12e5367469f08072bfb387a3fb3.jpg,train/labels/YTDown-com_YouTube_Crazy-yet-Organized-Traffic-in-Vietnam-H_Media_fm0cX7P6PSw_001_1080p_frame_00124_jpg.rf.bf03c12e5367469f08072bfb387a3fb3.txt,YTDown-com_YouTube_Crazy-yet-Organized-Traffic-in-Vietnam-H_Media_fm0cX7P6PSw_001_1080p,124,62.0,train,labeled,58,0:3;1:19;2:36,bbox:6;polygon:52,0af767e1eb7e47a4d82fd4d7899b5f8ff83ae6c8616d62358277bd537611a587
e000795ad3202c8aaaf90b5eeb9cac9648d97306f36a804ef33b5a4d4221fe19,train/images/YTDown-com_YouTube_Crazy-yet-Organized-Traffic-in-Vietnam-H_Media_fm0cX7P6PSw_001_1080p_frame_00125_jpg.rf.81f7a4243137fc9e9823a06180b3ba5d.jpg,train/labels/YTDown-com_YouTube_Crazy-yet-Organized-Traffic-in-Vietnam-H_Media_fm0cX7P6PSw_001_1080p_frame_00125_jpg.rf.81f7a4243137fc9e9823a06180b3ba5d.txt,YTDown-com_YouTube_Crazy-yet-Organized-Traffic-in-Vietnam-H_Media_fm0cX7P6PSw_001_1080p,125,62.5,train,labeled,56,0:2;1:16;2:38,bbox:2;polygon:54,e000795ad3202c8aaaf90b5eeb9cac9648d97306f36a804ef33b5a4d4221fe19
c5c09bb77fc74e09e26b11b9cbbad331c7e3694c64e64b1bb0004e19660f7979,train/images/YTDown-com_YouTube_Crazy-yet-Organized-Traffic-in-Vietnam-H_Media_fm0cX7P6PSw_001_1080p_frame_00128_jpg.rf.d4864d100944bdf60a57d36463ec2070.jpg,train/labels/YTDown-com_YouTube_Crazy-yet-Organized-Traffic-in-Vietnam-H_Media_fm0cX7P6PSw_001_1080p_frame_00128_jpg.rf.d4864d100944bdf60a57d36463ec2070.txt,YTDown-com_YouTube_Crazy-yet-Organized-Traffic-in-Vietnam-H_Media_fm0cX7P6PSw_001_1080p,128,64.0,train,labeled,55,0:2;1:21;2:31;3:1,polygon:55,c5c09bb77fc74e09e26b11b9cbbad331c7e3694c64e64b1bb0004e19660f7979
5994c0c4098ca3a3adcc6aa1f15043f6482dadf9d865475fd643a1651060eb71,train/images/YTDown-com_YouTube_Crazy-yet-Organized-Traffic-in-Vietnam-H_Media_fm0cX7P6PSw_001_1080p_frame_00129_jpg.rf.03ad5ad33ec6b4f3799210f2565c44f9.jpg,train/labels/YTDown-com_YouTube_Crazy-yet-Organized-Traffic-in-Vietnam-H_Media_fm0cX7P6PSw_001_1080p_frame_00129_jpg.rf.03ad5ad33ec6b4f3799210f2565c44f9.txt,YTDown-com_YouTube_Crazy-yet-Organized-Traffic-in-Vietnam-H_Media_fm0cX7P6PSw_001_1080p,129,64.5,train,labeled,51,0:4;1:19;2:25;3:3,bbox:3;polygon:48,5994c0c4098ca3a3adcc6aa1f15043f6482dadf9d865475fd643a1651060eb71
866985d1086d34c33b4f2202dbfda6a151636682993db2cff27814517e27440b,train/images/YTDown-com_YouTube_Crazy-yet-Organized-Traffic-in-Vietnam-H_Media_fm0cX7P6PSw_001_1080p_frame_00130_jpg.rf.e67c664ddf12ebd33d97a8a16bb09ac0.jpg,train/labels/YTDown-com_YouTube_Crazy-yet-Organized-Traffic-in-Vietnam-H_Media_fm0cX7P6PSw_001_1080p_frame_00130_jpg.rf.e67c664ddf12ebd33d97a8a16bb09ac0.txt,YTDown-com_YouTube_Crazy-yet-Organized-Traffic-in-Vietnam-H_Media_fm0cX7P6PSw_001_1080p,130,65.0,train,labeled,46,0:3;1:18;2:25,polygon:46,866985d1086d34c33b4f2202dbfda6a151636682993db2cff27814517e27440b
2ab42871e8045dae0be15eac2e0c1642c104826e7bf049cb1af79f34ab93c142,train/images/YTDown-com_YouTube_Crazy-yet-Organized-Traffic-in-Vietnam-H_Media_fm0cX7P6PSw_001_1080p_frame_00131_jpg.rf.b0cca90e602f5f586a6a08a0cf74a6b0.jpg,train/labels/YTDown-com_YouTube_Crazy-yet-Organized-Traffic-in-Vietnam-H_Media_fm0cX7P6PSw_001_1080p_frame_00131_jpg.rf.b0cca90e602f5f586a6a08a0cf74a6b0.txt,YTDown-com_YouTube_Crazy-yet-Organized-Traffic-in-Vietnam-H_Media_fm0cX7P6PSw_001_1080p,131,65.5,train,labeled,49,0:3;1:16;2:29;3:1,bbox:3;polygon:46,2ab42871e8045dae0be15eac2e0c1642c104826e7bf049cb1af79f34ab93c142
923cac41ef396241b15391edf86591eabb2acc0c47418bfaccaf23e6caae4ac6,train/images/YTDown-com_YouTube_Crazy-yet-Organized-Traffic-in-Vietnam-H_Media_fm0cX7P6PSw_001_1080p_frame_00133_jpg.rf.cbf49f07b68b45997470785982e21370.jpg,train/labels/YTDown-com_YouTube_Crazy-yet-Organized-Traffic-in-Vietnam-H_Media_fm0cX7P6PSw_001_1080p_frame_00133_jpg.rf.cbf49f07b68b45997470785982e21370.txt,YTDown-com_YouTube_Crazy-yet-Organized-Traffic-in-Vietnam-H_Media_fm0cX7P6PSw_001_1080p,133,66.5,train,labeled,42,0:3;1:14;2:25,polygon:42,923cac41ef396241b15391edf86591eabb2acc0c47418bfaccaf23e6caae4ac6
feb91a9f17824bfe13cd36f613e0daae83cc103808d1d194f4b4fa6c0732f86a,train/images/YTDown-com_YouTube_Crazy-yet-Organized-Traffic-in-Vietnam-H_Media_fm0cX7P6PSw_001_1080p_frame_00134_jpg.rf.0abc88f418611e653bfaf09bd33d9697.jpg,train/labels/YTDown-com_YouTube_Crazy-yet-Organized-Traffic-in-Vietnam-H_Media_fm0cX7P6PSw_001_1080p_frame_00134_jpg.rf.0abc88f418611e653bfaf09bd33d9697.txt,YTDown-com_YouTube_Crazy-yet-Organized-Traffic-in-Vietnam-H_Media_fm0cX7P6PSw_001_1080p,134,67.0,train,labeled,41,0:3;1:11;2:27,bbox:4;polygon:37,feb91a9f17824bfe13cd36f613e0daae83cc103808d1d194f4b4fa6c0732f86a
e2766cb89e31b01e9d8a56f1a2dc46a860435090c9045ca43d8d12ace2bcb684,train/images/YTDown-com_YouTube_Crazy-yet-Organized-Traffic-in-Vietnam-H_Media_fm0cX7P6PSw_001_1080p_frame_00135_jpg.rf.d71bf26d25ca115290a2be0a0cb9f178.jpg,train/labels/YTDown-com_YouTube_Crazy-yet-Organized-Traffic-in-Vietnam-H_Media_fm0cX7P6PSw_001_1080p_frame_00135_jpg.rf.d71bf26d25ca115290a2be0a0cb9f178.txt,YTDown-com_YouTube_Crazy-yet-Organized-Traffic-in-Vietnam-H_Media_fm0cX7P6PSw_001_1080p,135,67.5,train,labeled,40,0:3;1:10;2:27,polygon:40,e2766cb89e31b01e9d8a56f1a2dc46a860435090c9045ca43d8d12ace2bcb684
abd5641b86fe0ac1ce4ddeaead12f3faac206105cb9d4bd9ce019760e4925cd2,train/images/YTDown-com_YouTube_Crazy-yet-Organized-Traffic-in-Vietnam-H_Media_fm0cX7P6PSw_001_1080p_frame_00136_jpg.rf.7ccc6e032edd1313ca80cb935a1f1caa.jpg,train/labels/YTDown-com_YouTube_Crazy-yet-Organized-Traffic-in-Vietnam-H_Media_fm0cX7P6PSw_001_1080p_frame_00136_jpg.rf.7ccc6e032edd1313ca80cb935a1f1caa.txt,YTDown-com_YouTube_Crazy-yet-Organized-Traffic-in-Vietnam-H_Media_fm0cX7P6PSw_001_1080p,136,68.0,train,labeled,48,0:3;1:16;2:28;3:1,bbox:1;polygon:47,abd5641b86fe0ac1ce4ddeaead12f3faac206105cb9d4bd9ce019760e4925cd2
fe796573d51fad1bb8edcc1be7e18b3b1a9083779cce517ac072ea1114c03762,train/images/YTDown-com_YouTube_Crazy-yet-Organized-Traffic-in-Vietnam-H_Media_fm0cX7P6PSw_001_1080p_frame_00137_jpg.rf.fade814c560e78858fe206276bca9074.jpg,train/labels/YTDown-com_YouTube_Crazy-yet-Organized-Traffic-in-Vietnam-H_Media_fm0cX7P6PSw_001_1080p_frame_00137_jpg.rf.fade814c560e78858fe206276bca9074.txt,YTDown-com_YouTube_Crazy-yet-Organized-Traffic-in-Vietnam-H_Media_fm0cX7P6PSw_001_1080p,137,68.5,train,labeled,53,0:3;1:14;2:35;3:1,bbox:3;polygon:50,fe796573d51fad1bb8edcc1be7e18b3b1a9083779cce517ac072ea1114c03762
ce06fc7f8546a00348c94dd329216e812e6b888cbef013ee693e335949448dfd,train/images/YTDown-com_YouTube_Crazy-yet-Organized-Traffic-in-Vietnam-H_Media_fm0cX7P6PSw_001_1080p_frame_00138_jpg.rf.a05869806ad9cae97646039a1a1f5024.jpg,train/labels/YTDown-com_YouTube_Crazy-yet-Organized-Traffic-in-Vietnam-H_Media_fm0cX7P6PSw_001_1080p_frame_00138_jpg.rf.a05869806ad9cae97646039a1a1f5024.txt,YTDown-com_YouTube_Crazy-yet-Organized-Traffic-in-Vietnam-H_Media_fm0cX7P6PSw_001_1080p,138,69.0,train,labeled,53,0:3;1:13;2:35;3:2,bbox:2;polygon:51,ce06fc7f8546a00348c94dd329216e812e6b888cbef013ee693e335949448dfd
e25f24fbfc83db2bb256aa5ffad68bade88b306ad0162e7e22d658e771547d33,train/images/YTDown-com_YouTube_Crazy-yet-Organized-Traffic-in-Vietnam-H_Media_fm0cX7P6PSw_001_1080p_frame_00139_jpg.rf.871999a108b0540e3d145b6b2f87dbe7.jpg,train/labels/YTDown-com_YouTube_Crazy-yet-Organized-Traffic-in-Vietnam-H_Media_fm0cX7P6PSw_001_1080p_frame_00139_jpg.rf.871999a108b0540e3d145b6b2f87dbe7.txt,YTDown-com_YouTube_Crazy-yet-Organized-Traffic-in-Vietnam-H_Media_fm0cX7P6PSw_001_1080p,139,69.5,train,labeled,51,0:3;1:13;2:34;3:1,bbox:3;polygon:48,e25f24fbfc83db2bb256aa5ffad68bade88b306ad0162e7e22d658e771547d33
6bdad0983b349a6c0b51f8d9877cc935803889b2a914c26003edceed2d436764,train/images/YTDown-com_YouTube_Crazy-yet-Organized-Traffic-in-Vietnam-H_Media_fm0cX7P6PSw_001_1080p_frame_00140_jpg.rf.3a7f1671bd6aab6e2627b356d215e53a.jpg,train/labels/YTDown-com_YouTube_Crazy-yet-Organized-Traffic-in-Vietnam-H_Media_fm0cX7P6PSw_001_1080p_frame_00140_jpg.rf.3a7f1671bd6aab6e2627b356d215e53a.txt,YTDown-com_YouTube_Crazy-yet-Organized-Traffic-in-Vietnam-H_Media_fm0cX7P6PSw_001_1080p,140,70.0,train,labeled,54,0:3;1:14;2:34;3:3,polygon:54,6bdad0983b349a6c0b51f8d9877cc935803889b2a914c26003edceed2d436764
f5b2915f8cddb132fee82819cf98457d078ae01e75ca7f4d8812fc4794f93964,train/images/YTDown-com_YouTube_Crazy-yet-Organized-Traffic-in-Vietnam-H_Media_fm0cX7P6PSw_001_1080p_frame_00142_jpg.rf.341b4a1e74f79850bad2a4231b019d68.jpg,train/labels/YTDown-com_YouTube_Crazy-yet-Organized-Traffic-in-Vietnam-H_Media_fm0cX7P6PSw_001_1080p_frame_00142_jpg.rf.341b4a1e74f79850bad2a4231b019d68.txt,YTDown-com_YouTube_Crazy-yet-Organized-Traffic-in-Vietnam-H_Media_fm0cX7P6PSw_001_1080p,142,71.0,train,labeled,54,0:2;1:12;2:36;3:3;4:1,bbox:1;polygon:53,f5b2915f8cddb132fee82819cf98457d078ae01e75ca7f4d8812fc4794f93964
0988c8d1be62e65e28d159f524ca6f016c385daac95c79b859af362cdd9b05ed,train/images/YTDown-com_YouTube_Crazy-yet-Organized-Traffic-in-Vietnam-H_Media_fm0cX7P6PSw_001_1080p_frame_00143_jpg.rf.a8c66adc7451c5ed7eca478436fdc1bd.jpg,train/labels/YTDown-com_YouTube_Crazy-yet-Organized-Traffic-in-Vietnam-H_Media_fm0cX7P6PSw_001_1080p_frame_00143_jpg.rf.a8c66adc7451c5ed7eca478436fdc1bd.txt,YTDown-com_YouTube_Crazy-yet-Organized-Traffic-in-Vietnam-H_Media_fm0cX7P6PSw_001_1080p,143,71.5,train,labeled,46,0:2;1:14;2:28;3:1;4:1,bbox:2;polygon:44,0988c8d1be62e65e28d159f524ca6f016c385daac95c79b859af362cdd9b05ed
1e9a51dc39c294c1b10fea7bc6938f9c63a91b9b052d7759a87601cdec44a7e6,train/images/YTDown-com_YouTube_Crazy-yet-Organized-Traffic-in-Vietnam-H_Media_fm0cX7P6PSw_001_1080p_frame_00145_jpg.rf.1af481f307ead5228e3622390570e06b.jpg,train/labels/YTDown-com_YouTube_Crazy-yet-Organized-Traffic-in-Vietnam-H_Media_fm0cX7P6PSw_001_1080p_frame_00145_jpg.rf.1af481f307ead5228e3622390570e06b.txt,YTDown-com_YouTube_Crazy-yet-Organized-Traffic-in-Vietnam-H_Media_fm0cX7P6PSw_001_1080p,145,72.5,train,labeled,46,0:2;1:14;2:29;3:1,bbox:2;polygon:44,1e9a51dc39c294c1b10fea7bc6938f9c63a91b9b052d7759a87601cdec44a7e6
003b086fb903b6a5966846f70249914b938328c884be8f842f0a988817d310ef,train/images/YTDown-com_YouTube_Crazy-yet-Organized-Traffic-in-Vietnam-H_Media_fm0cX7P6PSw_001_1080p_frame_00147_jpg.rf.2900fb26f1c281ddfd22f0c21add397a.jpg,train/labels/YTDown-com_YouTube_Crazy-yet-Organized-Traffic-in-Vietnam-H_Media_fm0cX7P6PSw_001_1080p_frame_00147_jpg.rf.2900fb26f1c281ddfd22f0c21add397a.txt,YTDown-com_YouTube_Crazy-yet-Organized-Traffic-in-Vietnam-H_Media_fm0cX7P6PSw_001_1080p,147,73.5,train,labeled,48,0:2;1:12;2:32;3:2,bbox:1;polygon:47,003b086fb903b6a5966846f70249914b938328c884be8f842f0a988817d310ef
6360d8351b23b1842b01fa0ecf61f14ab8f4ccf87391f834b2d33b928ed25e6f,train/images/YTDown-com_YouTube_Crazy-yet-Organized-Traffic-in-Vietnam-H_Media_fm0cX7P6PSw_001_1080p_frame_00148_jpg.rf.2605c2825fe116fa74372320ed4f3b49.jpg,train/labels/YTDown-com_YouTube_Crazy-yet-Organized-Traffic-in-Vietnam-H_Media_fm0cX7P6PSw_001_1080p_frame_00148_jpg.rf.2605c2825fe116fa74372320ed4f3b49.txt,YTDown-com_YouTube_Crazy-yet-Organized-Traffic-in-Vietnam-H_Media_fm0cX7P6PSw_001_1080p,148,74.0,train,labeled,48,0:2;1:13;2:32;3:1,bbox:1;polygon:47,6360d8351b23b1842b01fa0ecf61f14ab8f4ccf87391f834b2d33b928ed25e6f
218083c01dd6fdb2c121922a543184de276e5906e42a368fbaac0dec9e0c7cde,train/images/YTDown-com_YouTube_Crazy-yet-Organized-Traffic-in-Vietnam-H_Media_fm0cX7P6PSw_001_1080p_frame_00150_jpg.rf.9bc4ebf870ffb8da7ebcdba3ebc7c4b2.jpg,train/labels/YTDown-com_YouTube_Crazy-yet-Organized-Traffic-in-Vietnam-H_Media_fm0cX7P6PSw_001_1080p_frame_00150_jpg.rf.9bc4ebf870ffb8da7ebcdba3ebc7c4b2.txt,YTDown-com_YouTube_Crazy-yet-Organized-Traffic-in-Vietnam-H_Media_fm0cX7P6PSw_001_1080p,150,75.0,train,labeled,49,0:2;1:14;2:30;3:1;4:2,bbox:6;polygon:43,218083c01dd6fdb2c121922a543184de276e5906e42a368fbaac0dec9e0c7cde
3b1a470521984aac56f4b6c397db2c11bd0d3decad4a4dd6bebcb50875c10609,train/images/YTDown-com_YouTube_Crazy-yet-Organized-Traffic-in-Vietnam-H_Media_fm0cX7P6PSw_001_1080p_frame_00151_jpg.rf.d2d54d09fb69ef278f7384c764e82d64.jpg,train/labels/YTDown-com_YouTube_Crazy-yet-Organized-Traffic-in-Vietnam-H_Media_fm0cX7P6PSw_001_1080p_frame_00151_jpg.rf.d2d54d09fb69ef278f7384c764e82d64.txt,YTDown-com_YouTube_Crazy-yet-Organized-Traffic-in-Vietnam-H_Media_fm0cX7P6PSw_001_1080p,151,75.5,train,labeled,44,0:2;1:13;2:27;3:2,bbox:3;polygon:41,3b1a470521984aac56f4b6c397db2c11bd0d3decad4a4dd6bebcb50875c10609
41dc96b705685d62716cebd489cf4bdf23e21a8fc88922e8ba65d48b36c5cdff,train/images/YTDown-com_YouTube_Crazy-yet-Organized-Traffic-in-Vietnam-H_Media_fm0cX7P6PSw_001_1080p_frame_00152_jpg.rf.4b7c5e4c2e4118d06a6c4c5f004d5d7c.jpg,train/labels/YTDown-com_YouTube_Crazy-yet-Organized-Traffic-in-Vietnam-H_Media_fm0cX7P6PSw_001_1080p_frame_00152_jpg.rf.4b7c5e4c2e4118d06a6c4c5f004d5d7c.txt,YTDown-com_YouTube_Crazy-yet-Organized-Traffic-in-Vietnam-H_Media_fm0cX7P6PSw_001_1080p,152,76.0,train,labeled,45,0:2;1:12;2:31,bbox:1;polygon:44,41dc96b705685d62716cebd489cf4bdf23e21a8fc88922e8ba65d48b36c5cdff
16ad9bd849ac7a1dd242a13d4b16897b089db83a329c2790d5cd9eae5e9eb2a2,train/images/YTDown-com_YouTube_Crazy-yet-Organized-Traffic-in-Vietnam-H_Media_fm0cX7P6PSw_001_1080p_frame_00154_jpg.rf.ecd9d851896e6aa71a5e771593b8afe6.jpg,train/labels/YTDown-com_YouTube_Crazy-yet-Organized-Traffic-in-Vietnam-H_Media_fm0cX7P6PSw_001_1080p_frame_00154_jpg.rf.ecd9d851896e6aa71a5e771593b8afe6.txt,YTDown-com_YouTube_Crazy-yet-Organized-Traffic-in-Vietnam-H_Media_fm0cX7P6PSw_001_1080p,154,77.0,train,labeled,44,0:2;1:14;2:27;3:1,bbox:5;polygon:39,16ad9bd849ac7a1dd242a13d4b16897b089db83a329c2790d5cd9eae5e9eb2a2
45123b4a2ee765c326bfa121560c6fa5b8eca99af23456996b9e546cd5fada13,train/images/YTDown-com_YouTube_Crazy-yet-Organized-Traffic-in-Vietnam-H_Media_fm0cX7P6PSw_001_1080p_frame_00156_jpg.rf.d0841e41175845d5c7e76b24fa7afc05.jpg,train/labels/YTDown-com_YouTube_Crazy-yet-Organized-Traffic-in-Vietnam-H_Media_fm0cX7P6PSw_001_1080p_frame_00156_jpg.rf.d0841e41175845d5c7e76b24fa7afc05.txt,YTDown-com_YouTube_Crazy-yet-Organized-Traffic-in-Vietnam-H_Media_fm0cX7P6PSw_001_1080p,156,78.0,train,labeled,44,0:2;1:14;2:28,bbox:2;polygon:42,45123b4a2ee765c326bfa121560c6fa5b8eca99af23456996b9e546cd5fada13
6030957f84ad07a2e63cea58dc9c66abe02d3fbc247f943f12dc0d0e5d533d9d,train/images/YTDown-com_YouTube_Crazy-yet-Organized-Traffic-in-Vietnam-H_Media_fm0cX7P6PSw_001_1080p_frame_00157_jpg.rf.d627b8d04eb1db32d7e8f856e358d09c.jpg,train/labels/YTDown-com_YouTube_Crazy-yet-Organized-Traffic-in-Vietnam-H_Media_fm0cX7P6PSw_001_1080p_frame_00157_jpg.rf.d627b8d04eb1db32d7e8f856e358d09c.txt,YTDown-com_YouTube_Crazy-yet-Organized-Traffic-in-Vietnam-H_Media_fm0cX7P6PSw_001_1080p,157,78.5,train,labeled,46,0:2;1:15;2:29,bbox:1;polygon:45,6030957f84ad07a2e63cea58dc9c66abe02d3fbc247f943f12dc0d0e5d533d9d
e157433fa83c3f1cae3525cad355d3eecec7fba4a896ab8216c5a9fd5c9d3441,train/images/YTDown-com_YouTube_Crazy-yet-Organized-Traffic-in-Vietnam-H_Media_fm0cX7P6PSw_001_1080p_frame_00158_jpg.rf.6929ac05a72b0ca014f19a2e4c8f7f7c.jpg,train/labels/YTDown-com_YouTube_Crazy-yet-Organized-Traffic-in-Vietnam-H_Media_fm0cX7P6PSw_001_1080p_frame_00158_jpg.rf.6929ac05a72b0ca014f19a2e4c8f7f7c.txt,YTDown-com_YouTube_Crazy-yet-Organized-Traffic-in-Vietnam-H_Media_fm0cX7P6PSw_001_1080p,158,79.0,train,labeled,42,0:2;1:14;2:26,bbox:2;polygon:40,e157433fa83c3f1cae3525cad355d3eecec7fba4a896ab8216c5a9fd5c9d3441
d468e10055d6c66bc0212310e340e60f9dbfff5d5813c2516aa2fe94fd76c588,train/images/YTDown-com_YouTube_Crazy-yet-Organized-Traffic-in-Vietnam-H_Media_fm0cX7P6PSw_001_1080p_frame_00160_jpg.rf.9b60e22966cccae8ea7336664b132a26.jpg,train/labels/YTDown-com_YouTube_Crazy-yet-Organized-Traffic-in-Vietnam-H_Media_fm0cX7P6PSw_001_1080p_frame_00160_jpg.rf.9b60e22966cccae8ea7336664b132a26.txt,YTDown-com_YouTube_Crazy-yet-Organized-Traffic-in-Vietnam-H_Media_fm0cX7P6PSw_001_1080p,160,80.0,train,labeled,43,0:2;1:14;2:26;3:1,bbox:1;polygon:42,d468e10055d6c66bc0212310e340e60f9dbfff5d5813c2516aa2fe94fd76c588
1cd90b98add770b87ccc139aabfa78fa721324fb1be8932ba174c0100907e378,train/images/YTDown-com_YouTube_Crazy-yet-Organized-Traffic-in-Vietnam-H_Media_fm0cX7P6PSw_001_1080p_frame_00161_jpg.rf.3d8364df170ddaf59e9bd6c5db000eb7.jpg,train/labels/YTDown-com_YouTube_Crazy-yet-Organized-Traffic-in-Vietnam-H_Media_fm0cX7P6PSw_001_1080p_frame_00161_jpg.rf.3d8364df170ddaf59e9bd6c5db000eb7.txt,YTDown-com_YouTube_Crazy-yet-Organized-Traffic-in-Vietnam-H_Media_fm0cX7P6PSw_001_1080p,161,80.5,train,labeled,38,0:2;1:14;2:22,bbox:3;polygon:35,1cd90b98add770b87ccc139aabfa78fa721324fb1be8932ba174c0100907e378
d02c7ceade176afd389325a73078d5060947c39f038fb6e2985c1ee2941fee75,train/images/YTDown-com_YouTube_Crazy-yet-Organized-Traffic-in-Vietnam-H_Media_fm0cX7P6PSw_001_1080p_frame_00162_jpg.rf.05e2db2c9fbb9b2a64f66a33bd23be39.jpg,train/labels/YTDown-com_YouTube_Crazy-yet-Organized-Traffic-in-Vietnam-H_Media_fm0cX7P6PSw_001_1080p_frame_00162_jpg.rf.05e2db2c9fbb9b2a64f66a33bd23be39.txt,YTDown-com_YouTube_Crazy-yet-Organized-Traffic-in-Vietnam-H_Media_fm0cX7P6PSw_001_1080p,162,81.0,train,labeled,49,0:2;1:16;2:29;3:2,bbox:1;polygon:48,d02c7ceade176afd389325a73078d5060947c39f038fb6e2985c1ee2941fee75
a1b26138bd920a2c4b258b8d0c6aa92f0c6fbec32a261a96398a7f1364544c5c,train/images/YTDown-com_YouTube_Crazy-yet-Organized-Traffic-in-Vietnam-H_Media_fm0cX7P6PSw_001_1080p_frame_00163_jpg.rf.7d1b064ff7106b0259e9f39eac9d0431.jpg,train/labels/YTDown-com_YouTube_Crazy-yet-Organized-Traffic-in-Vietnam-H_Media_fm0cX7P6PSw_001_1080p_frame_00163_jpg.rf.7d1b064ff7106b0259e9f39eac9d0431.txt,YTDown-com_YouTube_Crazy-yet-Organized-Traffic-in-Vietnam-H_Media_fm0cX7P6PSw_001_1080p,163,81.5,train,labeled,45,0:2;1:17;2:25;3:1,bbox:5;polygon:40,a1b26138bd920a2c4b258b8d0c6aa92f0c6fbec32a261a96398a7f1364544c5c
972b843f9d4c8e05303c714509e131d581cfe4d295583619286675a2163fb47a,train/images/YTDown-com_YouTube_Crazy-yet-Organized-Traffic-in-Vietnam-H_Media_fm0cX7P6PSw_001_1080p_frame_00164_jpg.rf.4ac39404cdbdb624cdc75c061fdd01ba.jpg,train/labels/YTDown-com_YouTube_Crazy-yet-Organized-Traffic-in-Vietnam-H_Media_fm0cX7P6PSw_001_1080p_frame_00164_jpg.rf.4ac39404cdbdb624cdc75c061fdd01ba.txt,YTDown-com_YouTube_Crazy-yet-Organized-Traffic-in-Vietnam-H_Media_fm0cX7P6PSw_001_1080p,164,82.0,train,labeled,45,0:2;1:14;2:27;3:2,bbox:1;polygon:44,972b843f9d4c8e05303c714509e131d581cfe4d295583619286675a2163fb47a
1243fbc9b246b23ebd4d35f5c61ba66d389cdb5b79e9b5bd8747287fb4d9ab83,train/images/YTDown-com_YouTube_Crazy-yet-Organized-Traffic-in-Vietnam-H_Media_fm0cX7P6PSw_001_1080p_frame_00165_jpg.rf.c1af12ba5a7923bb0e4fb0594df273ca.jpg,train/labels/YTDown-com_YouTube_Crazy-yet-Organized-Traffic-in-Vietnam-H_Media_fm0cX7P6PSw_001_1080p_frame_00165_jpg.rf.c1af12ba5a7923bb0e4fb0594df273ca.txt,YTDown-com_YouTube_Crazy-yet-Organized-Traffic-in-Vietnam-H_Media_fm0cX7P6PSw_001_1080p,165,82.5,train,labeled,48,0:2;1:17;2:28;3:1,polygon:48,1243fbc9b246b23ebd4d35f5c61ba66d389cdb5b79e9b5bd8747287fb4d9ab83
18ae5b07cc9046bbbef9bcce2720c31da3b27b20dfe71f4f6dbffe01e6f1dff8,train/images/YTDown-com_YouTube_Crazy-yet-Organized-Traffic-in-Vietnam-H_Media_fm0cX7P6PSw_001_1080p_frame_00166_jpg.rf.16248b9ec2c89c5b116a988f3344ada3.jpg,train/labels/YTDown-com_YouTube_Crazy-yet-Organized-Traffic-in-Vietnam-H_Media_fm0cX7P6PSw_001_1080p_frame_00166_jpg.rf.16248b9ec2c89c5b116a988f3344ada3.txt,YTDown-com_YouTube_Crazy-yet-Organized-Traffic-in-Vietnam-H_Media_fm0cX7P6PSw_001_1080p,166,83.0,train,labeled,47,0:2;1:15;2:29;3:1,bbox:3;polygon:44,18ae5b07cc9046bbbef9bcce2720c31da3b27b20dfe71f4f6dbffe01e6f1dff8
b79cefb343c4d5905d790595ada5e89c2be9d9ae5a45d74df1f24c3b4e73b6fd,train/images/YTDown-com_YouTube_Crazy-yet-Organized-Traffic-in-Vietnam-H_Media_fm0cX7P6PSw_001_1080p_frame_00167_jpg.rf.aba16763583e62a9ac7d15ceff66938a.jpg,train/labels/YTDown-com_YouTube_Crazy-yet-Organized-Traffic-in-Vietnam-H_Media_fm0cX7P6PSw_001_1080p_frame_00167_jpg.rf.aba16763583e62a9ac7d15ceff66938a.txt,YTDown-com_YouTube_Crazy-yet-Organized-Traffic-in-Vietnam-H_Media_fm0cX7P6PSw_001_1080p,167,83.5,train,labeled,45,0:2;1:14;2:27;3:2,bbox:4;polygon:41,b79cefb343c4d5905d790595ada5e89c2be9d9ae5a45d74df1f24c3b4e73b6fd
6e703ce656c7b5f437c03380423e2bdee656b0d9737dc0719849fd84bd27d529,train/images/YTDown-com_YouTube_Crazy-yet-Organized-Traffic-in-Vietnam-H_Media_fm0cX7P6PSw_001_1080p_frame_00170_jpg.rf.0005c00fd0c5a4eb3fa69176a8108648.jpg,train/labels/YTDown-com_YouTube_Crazy-yet-Organized-Traffic-in-Vietnam-H_Media_fm0cX7P6PSw_001_1080p_frame_00170_jpg.rf.0005c00fd0c5a4eb3fa69176a8108648.txt,YTDown-com_YouTube_Crazy-yet-Organized-Traffic-in-Vietnam-H_Media_fm0cX7P6PSw_001_1080p,170,85.0,train,labeled,52,0:2;1:16;2:32;3:2,bbox:1;polygon:51,6e703ce656c7b5f437c03380423e2bdee656b0d9737dc0719849fd84bd27d529
a85b235421eb2a04243990486bd0347561ea4da8fa4eba37408968a2d9e71695,train/images/YTDown-com_YouTube_Crazy-yet-Organized-Traffic-in-Vietnam-H_Media_fm0cX7P6PSw_001_1080p_frame_00171_jpg.rf.9c09ac0f4724442900b63758721dd6f6.jpg,train/labels/YTDown-com_YouTube_Crazy-yet-Organized-Traffic-in-Vietnam-H_Media_fm0cX7P6PSw_001_1080p_frame_00171_jpg.rf.9c09ac0f4724442900b63758721dd6f6.txt,YTDown-com_YouTube_Crazy-yet-Organized-Traffic-in-Vietnam-H_Media_fm0cX7P6PSw_001_1080p,171,85.5,train,labeled,55,0:2;1:17;2:35;3:1,bbox:2;polygon:53,a85b235421eb2a04243990486bd0347561ea4da8fa4eba37408968a2d9e71695
c4d0e4311c21939902132093669eb7be85142fa08682af0db0c1cdb5d1658b6a,train/images/YTDown-com_YouTube_Crazy-yet-Organized-Traffic-in-Vietnam-H_Media_fm0cX7P6PSw_001_1080p_frame_00172_jpg.rf.84dd22967d579407dc12ac5c576d1888.jpg,train/labels/YTDown-com_YouTube_Crazy-yet-Organized-Traffic-in-Vietnam-H_Media_fm0cX7P6PSw_001_1080p_frame_00172_jpg.rf.84dd22967d579407dc12ac5c576d1888.txt,YTDown-com_YouTube_Crazy-yet-Organized-Traffic-in-Vietnam-H_Media_fm0cX7P6PSw_001_1080p,172,86.0,train,labeled,54,0:2;1:15;2:33;3:4,bbox:2;polygon:52,c4d0e4311c21939902132093669eb7be85142fa08682af0db0c1cdb5d1658b6a
b6db3138b4dca3b381e7dfeaadc5c7d8cc4362a558723294c6432c8d571cc2df,train/images/YTDown-com_YouTube_Crazy-yet-Organized-Traffic-in-Vietnam-H_Media_fm0cX7P6PSw_001_1080p_frame_00174_jpg.rf.ca647af6316f518151439c7f379a9d5b.jpg,train/labels/YTDown-com_YouTube_Crazy-yet-Organized-Traffic-in-Vietnam-H_Media_fm0cX7P6PSw_001_1080p_frame_00174_jpg.rf.ca647af6316f518151439c7f379a9d5b.txt,YTDown-com_YouTube_Crazy-yet-Organized-Traffic-in-Vietnam-H_Media_fm0cX7P6PSw_001_1080p,174,87.0,train,labeled,62,0:2;1:16;2:41;3:3,bbox:3;polygon:59,b6db3138b4dca3b381e7dfeaadc5c7d8cc4362a558723294c6432c8d571cc2df
cd443a191cf6720374166292c88548ee3cd788ad2e268cf5cbc6b189916e3a08,train/images/YTDown-com_YouTube_Crazy-yet-Organized-Traffic-in-Vietnam-H_Media_fm0cX7P6PSw_001_1080p_frame_00176_jpg.rf.eb7ba3f618202ba77e8b43801e2b461a.jpg,train/labels/YTDown-com_YouTube_Crazy-yet-Organized-Traffic-in-Vietnam-H_Media_fm0cX7P6PSw_001_1080p_frame_00176_jpg.rf.eb7ba3f618202ba77e8b43801e2b461a.txt,YTDown-com_YouTube_Crazy-yet-Organized-Traffic-in-Vietnam-H_Media_fm0cX7P6PSw_001_1080p,176,88.0,train,labeled,60,0:3;1:15;2:39;3:3,bbox:3;polygon:57,cd443a191cf6720374166292c88548ee3cd788ad2e268cf5cbc6b189916e3a08
e0891313addadc4b61fccc5a1fc0fa3c2c1a99ee3495243712837d8ada573e14,train/images/YTDown-com_YouTube_Crazy-yet-Organized-Traffic-in-Vietnam-H_Media_fm0cX7P6PSw_001_1080p_frame_00177_jpg.rf.f5d80e4d4ae55202be3400eeca52f175.jpg,train/labels/YTDown-com_YouTube_Crazy-yet-Organized-Traffic-in-Vietnam-H_Media_fm0cX7P6PSw_001_1080p_frame_00177_jpg.rf.f5d80e4d4ae55202be3400eeca52f175.txt,YTDown-com_YouTube_Crazy-yet-Organized-Traffic-in-Vietnam-H_Media_fm0cX7P6PSw_001_1080p,177,88.5,train,labeled,59,0:2;1:13;2:43;3:1,bbox:2;polygon:57,e0891313addadc4b61fccc5a1fc0fa3c2c1a99ee3495243712837d8ada573e14
a8b704a123f050551de35d09059a28fa304a926316911d4f1bccbc5f56f73f79,train/images/YTDown-com_YouTube_Crazy-yet-Organized-Traffic-in-Vietnam-H_Media_fm0cX7P6PSw_001_1080p_frame_00178_jpg.rf.3ee9e687ef2d14bd93d57ace9db78fcc.jpg,train/labels/YTDown-com_YouTube_Crazy-yet-Organized-Traffic-in-Vietnam-H_Media_fm0cX7P6PSw_001_1080p_frame_00178_jpg.rf.3ee9e687ef2d14bd93d57ace9db78fcc.txt,YTDown-com_YouTube_Crazy-yet-Organized-Traffic-in-Vietnam-H_Media_fm0cX7P6PSw_001_1080p,178,89.0,train,labeled,51,0:2;1:15;2:34,bbox:1;polygon:50,a8b704a123f050551de35d09059a28fa304a926316911d4f1bccbc5f56f73f79
073ed7626beca2bf4baeccc5d0b1690b11c5a9fc8e6ee7ed7ed25394ce6a1274,train/images/YTDown-com_YouTube_Crazy-yet-Organized-Traffic-in-Vietnam-H_Media_fm0cX7P6PSw_001_1080p_frame_00179_jpg.rf.c451d0ce0652c9a8e84153ce8fe987db.jpg,train/labels/YTDown-com_YouTube_Crazy-yet-Organized-Traffic-in-Vietnam-H_Media_fm0cX7P6PSw_001_1080p_frame_00179_jpg.rf.c451d0ce0652c9a8e84153ce8fe987db.txt,YTDown-com_YouTube_Crazy-yet-Organized-Traffic-in-Vietnam-H_Media_fm0cX7P6PSw_001_1080p,179,89.5,train,labeled,47,0:2;1:14;2:31,bbox:2;polygon:45,073ed7626beca2bf4baeccc5d0b1690b11c5a9fc8e6ee7ed7ed25394ce6a1274
21d59cd1492e64eac3f5958148954dffa517e2fcfafb924080739b870504183c,train/images/YTDown-com_YouTube_Crazy-yet-Organized-Traffic-in-Vietnam-H_Media_fm0cX7P6PSw_001_1080p_frame_00180_jpg.rf.4d64a18348ee93b50763619b8decc62f.jpg,train/labels/YTDown-com_YouTube_Crazy-yet-Organized-Traffic-in-Vietnam-H_Media_fm0cX7P6PSw_001_1080p_frame_00180_jpg.rf.4d64a18348ee93b50763619b8decc62f.txt,YTDown-com_YouTube_Crazy-yet-Organized-Traffic-in-Vietnam-H_Media_fm0cX7P6PSw_001_1080p,180,90.0,train,labeled,51,0:1;1:13;2:35;3:1;4:1,bbox:3;polygon:48,21d59cd1492e64eac3f5958148954dffa517e2fcfafb924080739b870504183c
7f7268edcbc81927518f58133206fe5e7b6ab6302d9ec4a7c5312e825de32175,train/images/YTDown-com_YouTube_Crazy-yet-Organized-Traffic-in-Vietnam-H_Media_fm0cX7P6PSw_001_1080p_frame_00181_jpg.rf.ef6fa32534fb79aa9320e9ea990c10f6.jpg,train/labels/YTDown-com_YouTube_Crazy-yet-Organized-Traffic-in-Vietnam-H_Media_fm0cX7P6PSw_001_1080p_frame_00181_jpg.rf.ef6fa32534fb79aa9320e9ea990c10f6.txt,YTDown-com_YouTube_Crazy-yet-Organized-Traffic-in-Vietnam-H_Media_fm0cX7P6PSw_001_1080p,181,90.5,train,labeled,58,0:1;1:13;2:41;3:2;4:1,bbox:1;polygon:57,7f7268edcbc81927518f58133206fe5e7b6ab6302d9ec4a7c5312e825de32175
97516754df5c8a32ed0b9fe08ceb3a2848941597f8eec28642e84c051bfe98f4,train/images/YTDown-com_YouTube_Crazy-yet-Organized-Traffic-in-Vietnam-H_Media_fm0cX7P6PSw_001_1080p_frame_00183_jpg.rf.0ad5d954454478fbcab65ba3c8f15529.jpg,train/labels/YTDown-com_YouTube_Crazy-yet-Organized-Traffic-in-Vietnam-H_Media_fm0cX7P6PSw_001_1080p_frame_00183_jpg.rf.0ad5d954454478fbcab65ba3c8f15529.txt,YTDown-com_YouTube_Crazy-yet-Organized-Traffic-in-Vietnam-H_Media_fm0cX7P6PSw_001_1080p,183,91.5,train,labeled,47,0:1;1:14;2:30;3:2,polygon:47,97516754df5c8a32ed0b9fe08ceb3a2848941597f8eec28642e84c051bfe98f4
89cb4034de00dba29df41574b2e815423687af3bcbddd42fb05ebf61e02305bf,train/images/YTDown-com_YouTube_Crazy-yet-Organized-Traffic-in-Vietnam-H_Media_fm0cX7P6PSw_001_1080p_frame_00184_jpg.rf.1abc27983f98cb7e39c0d1cfc9c15d0a.jpg,train/labels/YTDown-com_YouTube_Crazy-yet-Organized-Traffic-in-Vietnam-H_Media_fm0cX7P6PSw_001_1080p_frame_00184_jpg.rf.1abc27983f98cb7e39c0d1cfc9c15d0a.txt,YTDown-com_YouTube_Crazy-yet-Organized-Traffic-in-Vietnam-H_Media_fm0cX7P6PSw_001_1080p,184,92.0,train,labeled,42,0:1;1:14;2:23;3:3;4:1,bbox:3;polygon:39,89cb4034de00dba29df41574b2e815423687af3bcbddd42fb05ebf61e02305bf
3220d945dfb60413a2f0f42229be03b474b38904b8429748e7a9f5b14bfaa494,train/images/YTDown-com_YouTube_Crazy-yet-Organized-Traffic-in-Vietnam-H_Media_fm0cX7P6PSw_001_1080p_frame_00186_jpg.rf.aa72eabecd5793c6919e38c8f9381b13.jpg,train/labels/YTDown-com_YouTube_Crazy-yet-Organized-Traffic-in-Vietnam-H_Media_fm0cX7P6PSw_001_1080p_frame_00186_jpg.rf.aa72eabecd5793c6919e38c8f9381b13.txt,YTDown-com_YouTube_Crazy-yet-Organized-Traffic-in-Vietnam-H_Media_fm0cX7P6PSw_001_1080p,186,93.0,train,labeled,47,0:1;1:16;2:23;3:7,bbox:2;polygon:45,3220d945dfb60413a2f0f42229be03b474b38904b8429748e7a9f5b14bfaa494
0d87028a46b831da4b3891a3c143c625bcfdef053104aa2340e246bf38e6b1c2,train/images/YTDown-com_YouTube_Crazy-yet-Organized-Traffic-in-Vietnam-H_Media_fm0cX7P6PSw_001_1080p_frame_00187_jpg.rf.0bae64f19b8c35910336321a3c5047e5.jpg,train/labels/YTDown-com_YouTube_Crazy-yet-Organized-Traffic-in-Vietnam-H_Media_fm0cX7P6PSw_001_1080p_frame_00187_jpg.rf.0bae64f19b8c35910336321a3c5047e5.txt,YTDown-com_YouTube_Crazy-yet-Organized-Traffic-in-Vietnam-H_Media_fm0cX7P6PSw_001_1080p,187,93.5,train,labeled,46,0:2;1:13;2:25;3:6,bbox:2;polygon:44,0d87028a46b831da4b3891a3c143c625bcfdef053104aa2340e246bf38e6b1c2
79e16563ad92bbab59458a3222c274dff4ba8e5b326c3e0cea94f17b4b8c86ea,train/images/YTDown-com_YouTube_Crazy-yet-Organized-Traffic-in-Vietnam-H_Media_fm0cX7P6PSw_001_1080p_frame_00188_jpg.rf.d43b92b53d65062deaf6f1e49f068384.jpg,train/labels/YTDown-com_YouTube_Crazy-yet-Organized-Traffic-in-Vietnam-H_Media_fm0cX7P6PSw_001_1080p_frame_00188_jpg.rf.d43b92b53d65062deaf6f1e49f068384.txt,YTDown-com_YouTube_Crazy-yet-Organized-Traffic-in-Vietnam-H_Media_fm0cX7P6PSw_001_1080p,188,94.0,train,labeled,41,0:1;1:13;2:24;3:3,bbox:1;polygon:40,79e16563ad92bbab59458a3222c274dff4ba8e5b326c3e0cea94f17b4b8c86ea
fcab60144f9a0e892087846ac19c45f1b4b5252f74538c82549d396c8d74bfe3,train/images/YTDown-com_YouTube_Crazy-yet-Organized-Traffic-in-Vietnam-H_Media_fm0cX7P6PSw_001_1080p_frame_00190_jpg.rf.0699a42ff59d70c4914738a3dbed21ef.jpg,train/labels/YTDown-com_YouTube_Crazy-yet-Organized-Traffic-in-Vietnam-H_Media_fm0cX7P6PSw_001_1080p_frame_00190_jpg.rf.0699a42ff59d70c4914738a3dbed21ef.txt,YTDown-com_YouTube_Crazy-yet-Organized-Traffic-in-Vietnam-H_Media_fm0cX7P6PSw_001_1080p,190,95.0,train,labeled,41,0:1;1:11;2:27;3:2,bbox:2;polygon:39,fcab60144f9a0e892087846ac19c45f1b4b5252f74538c82549d396c8d74bfe3
db516cbd9fdf6d17772f1830df9c84f9856ff1360de00b421cd8d7f323a62cc8,train/images/YTDown-com_YouTube_Crazy-yet-Organized-Traffic-in-Vietnam-H_Media_fm0cX7P6PSw_001_1080p_frame_00191_jpg.rf.13effd117f078f34bff1b401e86fe215.jpg,train/labels/YTDown-com_YouTube_Crazy-yet-Organized-Traffic-in-Vietnam-H_Media_fm0cX7P6PSw_001_1080p_frame_00191_jpg.rf.13effd117f078f34bff1b401e86fe215.txt,YTDown-com_YouTube_Crazy-yet-Organized-Traffic-in-Vietnam-H_Media_fm0cX7P6PSw_001_1080p,191,95.5,train,labeled,45,0:2;1:10;2:31;3:2,bbox:1;polygon:44,db516cbd9fdf6d17772f1830df9c84f9856ff1360de00b421cd8d7f323a62cc8
6a4fc3e75360bfcaabd2b46f6112b2f74968b29b97c38607f4497f8e5954b763,train/images/YTDown-com_YouTube_Crazy-yet-Organized-Traffic-in-Vietnam-H_Media_fm0cX7P6PSw_001_1080p_frame_00193_jpg.rf.b74347f4045371dd472a4be3aa7b7187.jpg,train/labels/YTDown-com_YouTube_Crazy-yet-Organized-Traffic-in-Vietnam-H_Media_fm0cX7P6PSw_001_1080p_frame_00193_jpg.rf.b74347f4045371dd472a4be3aa7b7187.txt,YTDown-com_YouTube_Crazy-yet-Organized-Traffic-in-Vietnam-H_Media_fm0cX7P6PSw_001_1080p,193,96.5,train,labeled,43,0:1;1:13;2:26;3:3,polygon:43,6a4fc3e75360bfcaabd2b46f6112b2f74968b29b97c38607f4497f8e5954b763
1d4fe7d796f094fdd962c61420db082a44b27f35313822b5c5f08c6ae6a44d4a,train/images/YTDown-com_YouTube_Crazy-yet-Organized-Traffic-in-Vietnam-H_Media_fm0cX7P6PSw_001_1080p_frame_00194_jpg.rf.53475b933cd3bb72778b8fda0cee1d76.jpg,train/labels/YTDown-com_YouTube_Crazy-yet-Organized-Traffic-in-Vietnam-H_Media_fm0cX7P6PSw_001_1080p_frame_00194_jpg.rf.53475b933cd3bb72778b8fda0cee1d76.txt,YTDown-com_YouTube_Crazy-yet-Organized-Traffic-in-Vietnam-H_Media_fm0cX7P6PSw_001_1080p,194,97.0,train,labeled,48,0:1;1:13;2:31;3:3,bbox:3;polygon:45,1d4fe7d796f094fdd962c61420db082a44b27f35313822b5c5f08c6ae6a44d4a
5a566941d9905ebc94d060be187c2c169449adb1b39c573d3da1070e0d1f4561,train/images/YTDown-com_YouTube_Crazy-yet-Organized-Traffic-in-Vietnam-H_Media_fm0cX7P6PSw_001_1080p_frame_00196_jpg.rf.a9c5863ee78546f596a55e203be3d834.jpg,train/labels/YTDown-com_YouTube_Crazy-yet-Organized-Traffic-in-Vietnam-H_Media_fm0cX7P6PSw_001_1080p_frame_00196_jpg.rf.a9c5863ee78546f596a55e203be3d834.txt,YTDown-com_YouTube_Crazy-yet-Organized-Traffic-in-Vietnam-H_Media_fm0cX7P6PSw_001_1080p,196,98.0,train,labeled,41,0:1;1:12;2:24;3:4,bbox:1;polygon:40,5a566941d9905ebc94d060be187c2c169449adb1b39c573d3da1070e0d1f4561
dd9842cd82761436d91da9930846825d180317cb6a81ea363b49a02aeec16c84,train/images/YTDown-com_YouTube_Crazy-yet-Organized-Traffic-in-Vietnam-H_Media_fm0cX7P6PSw_001_1080p_frame_00197_jpg.rf.3abba4200cf5f22aef6a1a006d521312.jpg,train/labels/YTDown-com_YouTube_Crazy-yet-Organized-Traffic-in-Vietnam-H_Media_fm0cX7P6PSw_001_1080p_frame_00197_jpg.rf.3abba4200cf5f22aef6a1a006d521312.txt,YTDown-com_YouTube_Crazy-yet-Organized-Traffic-in-Vietnam-H_Media_fm0cX7P6PSw_001_1080p,197,98.5,train,labeled,41,0:1;1:12;2:21;3:6;4:1,bbox:1;polygon:40,dd9842cd82761436d91da9930846825d180317cb6a81ea363b49a02aeec16c84
94fe465061f0a00ca2115041d977754ae75d16468d31598c6a124666c91125b9,train/images/YTDown-com_YouTube_Crazy-yet-Organized-Traffic-in-Vietnam-H_Media_fm0cX7P6PSw_001_1080p_frame_00198_jpg.rf.bb03d4b0292540f42becd16ba96ebb10.jpg,train/labels/YTDown-com_YouTube_Crazy-yet-Organized-Traffic-in-Vietnam-H_Media_fm0cX7P6PSw_001_1080p_frame_00198_jpg.rf.bb03d4b0292540f42becd16ba96ebb10.txt,YTDown-com_YouTube_Crazy-yet-Organized-Traffic-in-Vietnam-H_Media_fm0cX7P6PSw_001_1080p,198,99.0,train,labeled,41,0:1;1:10;2:24;3:5;4:1,bbox:1;polygon:40,94fe465061f0a00ca2115041d977754ae75d16468d31598c6a124666c91125b9
bbe441bcc4aaf6afbe7ac4cd59eb090f3aec3c8726f37a51307b6ed80365b703,train/images/YTDown-com_YouTube_Crazy-yet-Organized-Traffic-in-Vietnam-H_Media_fm0cX7P6PSw_001_1080p_frame_00202_jpg.rf.515bef59e7c235f56fe6d37ffb4f26eb.jpg,train/labels/YTDown-com_YouTube_Crazy-yet-Organized-Traffic-in-Vietnam-H_Media_fm0cX7P6PSw_001_1080p_frame_00202_jpg.rf.515bef59e7c235f56fe6d37ffb4f26eb.txt,YTDown-com_YouTube_Crazy-yet-Organized-Traffic-in-Vietnam-H_Media_fm0cX7P6PSw_001_1080p,202,101.0,train,labeled,51,1:13;2:33;3:5,bbox:3;polygon:48,bbe441bcc4aaf6afbe7ac4cd59eb090f3aec3c8726f37a51307b6ed80365b703
b00d8ff8a941aa200829df87f1bd9cbb425e8154578cb9e371c20889410f9dc6,train/images/YTDown-com_YouTube_Crazy-yet-Organized-Traffic-in-Vietnam-H_Media_fm0cX7P6PSw_001_1080p_frame_00203_jpg.rf.f9b30a26c4e83fe9533486a5b4ee0e71.jpg,train/labels/YTDown-com_YouTube_Crazy-yet-Organized-Traffic-in-Vietnam-H_Media_fm0cX7P6PSw_001_1080p_frame_00203_jpg.rf.f9b30a26c4e83fe9533486a5b4ee0e71.txt,YTDown-com_YouTube_Crazy-yet-Organized-Traffic-in-Vietnam-H_Media_fm0cX7P6PSw_001_1080p,203,101.5,train,labeled,51,0:1;1:17;2:28;3:5,bbox:1;polygon:50,b00d8ff8a941aa200829df87f1bd9cbb425e8154578cb9e371c20889410f9dc6
9572492fc54d21179995fd70b81b1aea58eebd6d4aae9ad2330c2e92c521321d,train/images/YTDown-com_YouTube_Crazy-yet-Organized-Traffic-in-Vietnam-H_Media_fm0cX7P6PSw_001_1080p_frame_00204_jpg.rf.0d0d380b6a7f866d180c5df7bcaf5ecd.jpg,train/labels/YTDown-com_YouTube_Crazy-yet-Organized-Traffic-in-Vietnam-H_Media_fm0cX7P6PSw_001_1080p_frame_00204_jpg.rf.0d0d380b6a7f866d180c5df7bcaf5ecd.txt,YTDown-com_YouTube_Crazy-yet-Organized-Traffic-in-Vietnam-H_Media_fm0cX7P6PSw_001_1080p,204,102.0,train,labeled,57,0:1;1:16;2:32;3:5;4:3,bbox:3;polygon:54,9572492fc54d21179995fd70b81b1aea58eebd6d4aae9ad2330c2e92c521321d
6341ee6ec5020fb96654e7c060cddddffff521585c6da151029d0122181207aa,train/images/YTDown-com_YouTube_Crazy-yet-Organized-Traffic-in-Vietnam-H_Media_fm0cX7P6PSw_001_1080p_frame_00205_jpg.rf.469b733c05948aebab102d6b7e415371.jpg,train/labels/YTDown-com_YouTube_Crazy-yet-Organized-Traffic-in-Vietnam-H_Media_fm0cX7P6PSw_001_1080p_frame_00205_jpg.rf.469b733c05948aebab102d6b7e415371.txt,YTDown-com_YouTube_Crazy-yet-Organized-Traffic-in-Vietnam-H_Media_fm0cX7P6PSw_001_1080p,205,102.5,train,labeled,50,1:16;2:28;3:4;4:2,bbox:3;polygon:47,6341ee6ec5020fb96654e7c060cddddffff521585c6da151029d0122181207aa
12bfcc02152dc0ee0f17992ef17a9e39574b75d88c57867229602bc89e66d3e0,train/images/YTDown-com_YouTube_Crazy-yet-Organized-Traffic-in-Vietnam-H_Media_fm0cX7P6PSw_001_1080p_frame_00206_jpg.rf.39895d8d6de148264b110b49edb2e67e.jpg,train/labels/YTDown-com_YouTube_Crazy-yet-Organized-Traffic-in-Vietnam-H_Media_fm0cX7P6PSw_001_1080p_frame_00206_jpg.rf.39895d8d6de148264b110b49edb2e67e.txt,YTDown-com_YouTube_Crazy-yet-Organized-Traffic-in-Vietnam-H_Media_fm0cX7P6PSw_001_1080p,206,103.0,train,labeled,44,1:14;2:25;3:4;4:1,bbox:3;polygon:41,12bfcc02152dc0ee0f17992ef17a9e39574b75d88c57867229602bc89e66d3e0
cf08a409f720460dddc780a1f39e4218caf6110007e399f309d84114359112f0,train/images/YTDown-com_YouTube_Crazy-yet-Organized-Traffic-in-Vietnam-H_Media_fm0cX7P6PSw_001_1080p_frame_00207_jpg.rf.6542a1085eb9ab972cea969220fea1b2.jpg,train/labels/YTDown-com_YouTube_Crazy-yet-Organized-Traffic-in-Vietnam-H_Media_fm0cX7P6PSw_001_1080p_frame_00207_jpg.rf.6542a1085eb9ab972cea969220fea1b2.txt,YTDown-com_YouTube_Crazy-yet-Organized-Traffic-in-Vietnam-H_Media_fm0cX7P6PSw_001_1080p,207,103.5,train,labeled,48,1:15;2:29;3:4,polygon:48,cf08a409f720460dddc780a1f39e4218caf6110007e399f309d84114359112f0
da1de2b641a5b0bcf59591c6ed6948679830e4ab55a358e9bab0612d072a97d3,train/images/YTDown-com_YouTube_Crazy-yet-Organized-Traffic-in-Vietnam-H_Media_fm0cX7P6PSw_001_1080p_frame_00209_jpg.rf.3aa68c90fa014aa21db0eb12dc8bcebc.jpg,train/labels/YTDown-com_YouTube_Crazy-yet-Organized-Traffic-in-Vietnam-H_Media_fm0cX7P6PSw_001_1080p_frame_00209_jpg.rf.3aa68c90fa014aa21db0eb12dc8bcebc.txt,YTDown-com_YouTube_Crazy-yet-Organized-Traffic-in-Vietnam-H_Media_fm0cX7P6PSw_001_1080p,209,104.5,train,labeled,54,1:17;2:32;3:3;4:2,bbox:3;polygon:51,da1de2b641a5b0bcf59591c6ed6948679830e4ab55a358e9bab0612d072a97d3
13523ab120eec61886ca51a77e2a6e462a86f0e253df669c782351b8bd86867c,train/images/YTDown-com_YouTube_Crazy-yet-Organized-Traffic-in-Vietnam-H_Media_fm0cX7P6PSw_001_1080p_frame_00210_jpg.rf.e038351736d8085523d38c09bb7c6340.jpg,train/labels/YTDown-com_YouTube_Crazy-yet-Organized-Traffic-in-Vietnam-H_Media_fm0cX7P6PSw_001_1080p_frame_00210_jpg.rf.e038351736d8085523d38c09bb7c6340.txt,YTDown-com_YouTube_Crazy-yet-Organized-Traffic-in-Vietnam-H_Media_fm0cX7P6PSw_001_1080p,210,105.0,train,labeled,63,1:16;2:42;3:3;4:2,bbox:4;polygon:59,13523ab120eec61886ca51a77e2a6e462a86f0e253df669c782351b8bd86867c
b43633a6d7881122850a14d24bab1ab8f03e5dc009745d306b858b76e3fbb265,train/images/YTDown-com_YouTube_Crazy-yet-Organized-Traffic-in-Vietnam-H_Media_fm0cX7P6PSw_001_1080p_frame_00211_jpg.rf.89410648b2b6ca0a0094931cc5ae0d77.jpg,train/labels/YTDown-com_YouTube_Crazy-yet-Organized-Traffic-in-Vietnam-H_Media_fm0cX7P6PSw_001_1080p_frame_00211_jpg.rf.89410648b2b6ca0a0094931cc5ae0d77.txt,YTDown-com_YouTube_Crazy-yet-Organized-Traffic-in-Vietnam-H_Media_fm0cX7P6PSw_001_1080p,211,105.5,train,labeled,57,1:20;2:32;3:3;4:2,bbox:1;polygon:56,b43633a6d7881122850a14d24bab1ab8f03e5dc009745d306b858b76e3fbb265
fc72620cca28336d3bdf1e500d5a3a5d272b048ce1b305f8f8a9506c6aa635b1,train/images/YTDown-com_YouTube_Crazy-yet-Organized-Traffic-in-Vietnam-H_Media_fm0cX7P6PSw_001_1080p_frame_00212_jpg.rf.b37b0f30235320664727654c340f6af0.jpg,train/labels/YTDown-com_YouTube_Crazy-yet-Organized-Traffic-in-Vietnam-H_Media_fm0cX7P6PSw_001_1080p_frame_00212_jpg.rf.b37b0f30235320664727654c340f6af0.txt,YTDown-com_YouTube_Crazy-yet-Organized-Traffic-in-Vietnam-H_Media_fm0cX7P6PSw_001_1080p,212,106.0,train,labeled,59,1:16;2:40;3:3,bbox:1;polygon:58,fc72620cca28336d3bdf1e500d5a3a5d272b048ce1b305f8f8a9506c6aa635b1
9f9ff1dbb9a2aae665d31bbecdb39894371d929d8b68fb34e59d868a6cb9aeb8,train/images/YTDown-com_YouTube_Crazy-yet-Organized-Traffic-in-Vietnam-H_Media_fm0cX7P6PSw_001_1080p_frame_00213_jpg.rf.9ede2b9cb2e1c5a05cb75c37288cdb88.jpg,train/labels/YTDown-com_YouTube_Crazy-yet-Organized-Traffic-in-Vietnam-H_Media_fm0cX7P6PSw_001_1080p_frame_00213_jpg.rf.9ede2b9cb2e1c5a05cb75c37288cdb88.txt,YTDown-com_YouTube_Crazy-yet-Organized-Traffic-in-Vietnam-H_Media_fm0cX7P6PSw_001_1080p,213,106.5,train,labeled,63,1:14;2:46;3:3,bbox:5;polygon:58,9f9ff1dbb9a2aae665d31bbecdb39894371d929d8b68fb34e59d868a6cb9aeb8
159a446b0fa39000641083ea6ca8ebb220882d100b2d7bc921292f0aa741f7fe,train/images/YTDown-com_YouTube_Crazy-yet-Organized-Traffic-in-Vietnam-H_Media_fm0cX7P6PSw_001_1080p_frame_00215_jpg.rf.0e9a896c97a9aa7ece9ad52d00afd142.jpg,train/labels/YTDown-com_YouTube_Crazy-yet-Organized-Traffic-in-Vietnam-H_Media_fm0cX7P6PSw_001_1080p_frame_00215_jpg.rf.0e9a896c97a9aa7ece9ad52d00afd142.txt,YTDown-com_YouTube_Crazy-yet-Organized-Traffic-in-Vietnam-H_Media_fm0cX7P6PSw_001_1080p,215,107.5,train,labeled,58,1:17;2:38;3:2;4:1,bbox:1;polygon:57,159a446b0fa39000641083ea6ca8ebb220882d100b2d7bc921292f0aa741f7fe
0043ffd83867b1b436dd299ec87b469b425f4833acf882074ac4f32a18041e4c,train/images/YTDown-com_YouTube_Crazy-yet-Organized-Traffic-in-Vietnam-H_Media_fm0cX7P6PSw_001_1080p_frame_00218_jpg.rf.4688c6d9216f7d4bb4d8a8c556994a90.jpg,train/labels/YTDown-com_YouTube_Crazy-yet-Organized-Traffic-in-Vietnam-H_Media_fm0cX7P6PSw_001_1080p_frame_00218_jpg.rf.4688c6d9216f7d4bb4d8a8c556994a90.txt,YTDown-com_YouTube_Crazy-yet-Organized-Traffic-in-Vietnam-H_Media_fm0cX7P6PSw_001_1080p,218,109.0,train,labeled,62,1:13;2:45;3:4,bbox:2;polygon:60,0043ffd83867b1b436dd299ec87b469b425f4833acf882074ac4f32a18041e4c
1f41f4f92edce6a2237560d408afee359610c05309fca2e07f02738d322f8b76,train/images/YTDown-com_YouTube_Crazy-yet-Organized-Traffic-in-Vietnam-H_Media_fm0cX7P6PSw_001_1080p_frame_00222_jpg.rf.a5943cbf4219c32a6c5a2abe3bb51859.jpg,train/labels/YTDown-com_YouTube_Crazy-yet-Organized-Traffic-in-Vietnam-H_Media_fm0cX7P6PSw_001_1080p_frame_00222_jpg.rf.a5943cbf4219c32a6c5a2abe3bb51859.txt,YTDown-com_YouTube_Crazy-yet-Organized-Traffic-in-Vietnam-H_Media_fm0cX7P6PSw_001_1080p,222,111.0,train,labeled,67,1:14;2:50;3:2;4:1,bbox:4;polygon:63,1f41f4f92edce6a2237560d408afee359610c05309fca2e07f02738d322f8b76
b600fff79b6b680a0ed1481047b1b35324673b191b529bf8668ceedcfbcf3cc0,train/images/YTDown-com_YouTube_Crazy-yet-Organized-Traffic-in-Vietnam-H_Media_fm0cX7P6PSw_001_1080p_frame_00224_jpg.rf.16e07ba9394bfdc7e8436e1f4520ba31.jpg,train/labels/YTDown-com_YouTube_Crazy-yet-Organized-Traffic-in-Vietnam-H_Media_fm0cX7P6PSw_001_1080p_frame_00224_jpg.rf.16e07ba9394bfdc7e8436e1f4520ba31.txt,YTDown-com_YouTube_Crazy-yet-Organized-Traffic-in-Vietnam-H_Media_fm0cX7P6PSw_001_1080p,224,112.0,train,labeled,74,1:12;2:57;3:3;4:2,bbox:1;polygon:73,b600fff79b6b680a0ed1481047b1b35324673b191b529bf8668ceedcfbcf3cc0
7da4787e512d6f871c3c5c38b0bbfdb7d6cf1e69ef0f72efefd12e0ab08102be,train/images/YTDown-com_YouTube_Crazy-yet-Organized-Traffic-in-Vietnam-H_Media_fm0cX7P6PSw_001_1080p_frame_00227_jpg.rf.c08059c49c35b037cffb26ca0e874db4.jpg,train/labels/YTDown-com_YouTube_Crazy-yet-Organized-Traffic-in-Vietnam-H_Media_fm0cX7P6PSw_001_1080p_frame_00227_jpg.rf.c08059c49c35b037cffb26ca0e874db4.txt,YTDown-com_YouTube_Crazy-yet-Organized-Traffic-in-Vietnam-H_Media_fm0cX7P6PSw_001_1080p,227,113.5,train,labeled,74,1:15;2:54;3:4;4:1,bbox:2;polygon:72,7da4787e512d6f871c3c5c38b0bbfdb7d6cf1e69ef0f72efefd12e0ab08102be
7f4b487a760d22e231e137e55ce6829259e11ba6211ebb6d3e9c6a5abe6e3947,train/images/YTDown-com_YouTube_Crazy-yet-Organized-Traffic-in-Vietnam-H_Media_fm0cX7P6PSw_001_1080p_frame_00231_jpg.rf.82692715a9a43d858ab27f50ecbdd424.jpg,train/labels/YTDown-com_YouTube_Crazy-yet-Organized-Traffic-in-Vietnam-H_Media_fm0cX7P6PSw_001_1080p_frame_00231_jpg.rf.82692715a9a43d858ab27f50ecbdd424.txt,YTDown-com_YouTube_Crazy-yet-Organized-Traffic-in-Vietnam-H_Media_fm0cX7P6PSw_001_1080p,231,115.5,train,labeled,67,1:9;2:54;3:4,bbox:1;polygon:66,7f4b487a760d22e231e137e55ce6829259e11ba6211ebb6d3e9c6a5abe6e3947
7ca0e5db3b49520001b591097ff59c5c5e764958ed6da20b013d61f74e1d0462,train/images/YTDown-com_YouTube_Crazy-yet-Organized-Traffic-in-Vietnam-H_Media_fm0cX7P6PSw_001_1080p_frame_00232_jpg.rf.c2cb520ff68f130f01ff7a83fd47be61.jpg,train/labels/YTDown-com_YouTube_Crazy-yet-Organized-Traffic-in-Vietnam-H_Media_fm0cX7P6PSw_001_1080p_frame_00232_jpg.rf.c2cb520ff68f130f01ff7a83fd47be61.txt,YTDown-com_YouTube_Crazy-yet-Organized-Traffic-in-Vietnam-H_Media_fm0cX7P6PSw_001_1080p,232,116.0,train,labeled,68,1:13;2:51;3:3;4:1,bbox:3;polygon:65,7ca0e5db3b49520001b591097ff59c5c5e764958ed6da20b013d61f74e1d0462
ed7b28d1731594e7b9590a2cae8362eeccadd3ed261b437138d0ab119f7da7b7,train/images/YTDown-com_YouTube_Crazy-yet-Organized-Traffic-in-Vietnam-H_Media_fm0cX7P6PSw_001_1080p_frame_00234_jpg.rf.179bab7653e7880088682b677b7739a2.jpg,train/labels/YTDown-com_YouTube_Crazy-yet-Organized-Traffic-in-Vietnam-H_Media_fm0cX7P6PSw_001_1080p_frame_00234_jpg.rf.179bab7653e7880088682b677b7739a2.txt,YTDown-com_YouTube_Crazy-yet-Organized-Traffic-in-Vietnam-H_Media_fm0cX7P6PSw_001_1080p,234,117.0,train,labeled,61,1:9;2:50;3:1;4:1,bbox:3;polygon:58,ed7b28d1731594e7b9590a2cae8362eeccadd3ed261b437138d0ab119f7da7b7
6693485b5c13dc4b8dfd481d136d07388e6af8d931273663163a2c1745d2cc3c,train/images/YTDown-com_YouTube_Crazy-yet-Organized-Traffic-in-Vietnam-H_Media_fm0cX7P6PSw_001_1080p_frame_00237_jpg.rf.98bb3bbf13574a4133924cc59fce4e3d.jpg,train/labels/YTDown-com_YouTube_Crazy-yet-Organized-Traffic-in-Vietnam-H_Media_fm0cX7P6PSw_001_1080p_frame_00237_jpg.rf.98bb3bbf13574a4133924cc59fce4e3d.txt,YTDown-com_YouTube_Crazy-yet-Organized-Traffic-in-Vietnam-H_Media_fm0cX7P6PSw_001_1080p,237,118.5,train,labeled,52,1:7;2:42;3:2;4:1,bbox:4;polygon:48,6693485b5c13dc4b8dfd481d136d07388e6af8d931273663163a2c1745d2cc3c
692663c9a48c406ef7e27bbd2c6509397b51538d37fec61125ab40ca73caf1fa,train/images/YTDown-com_YouTube_Crazy-yet-Organized-Traffic-in-Vietnam-H_Media_fm0cX7P6PSw_001_1080p_frame_00238_jpg.rf.ecabf23ee5b4bcb6bc6ebfa14492222c.jpg,train/labels/YTDown-com_YouTube_Crazy-yet-Organized-Traffic-in-Vietnam-H_Media_fm0cX7P6PSw_001_1080p_frame_00238_jpg.rf.ecabf23ee5b4bcb6bc6ebfa14492222c.txt,YTDown-com_YouTube_Crazy-yet-Organized-Traffic-in-Vietnam-H_Media_fm0cX7P6PSw_001_1080p,238,119.0,train,labeled,53,1:9;2:40;3:3;4:1,bbox:3;polygon:50,692663c9a48c406ef7e27bbd2c6509397b51538d37fec61125ab40ca73caf1fa
1ae14401ee9933d7eaf9111b1e81654891f5cb159ba951a7ee6dcd055bd7fecd,train/images/YTDown-com_YouTube_Crazy-yet-Organized-Traffic-in-Vietnam-H_Media_fm0cX7P6PSw_001_1080p_frame_00239_jpg.rf.d2986c5d470277865b44af554d3fbf84.jpg,train/labels/YTDown-com_YouTube_Crazy-yet-Organized-Traffic-in-Vietnam-H_Media_fm0cX7P6PSw_001_1080p_frame_00239_jpg.rf.d2986c5d470277865b44af554d3fbf84.txt,YTDown-com_YouTube_Crazy-yet-Organized-Traffic-in-Vietnam-H_Media_fm0cX7P6PSw_001_1080p,239,119.5,train,labeled,49,1:7;2:38;3:3;4:1,bbox:2;polygon:47,1ae14401ee9933d7eaf9111b1e81654891f5cb159ba951a7ee6dcd055bd7fecd
1d7a062d65c328b8a23876f74eaefa8f0f273a5992bef90efe09702f32e91351,train/images/YTDown-com_YouTube_Crazy-yet-Organized-Traffic-in-Vietnam-H_Media_fm0cX7P6PSw_001_1080p_frame_00241_jpg.rf.fbc7fda30a12633592b86807bc75de01.jpg,train/labels/YTDown-com_YouTube_Crazy-yet-Organized-Traffic-in-Vietnam-H_Media_fm0cX7P6PSw_001_1080p_frame_00241_jpg.rf.fbc7fda30a12633592b86807bc75de01.txt,YTDown-com_YouTube_Crazy-yet-Organized-Traffic-in-Vietnam-H_Media_fm0cX7P6PSw_001_1080p,241,120.5,train,labeled,51,1:9;2:41;4:1,bbox:4;polygon:47,1d7a062d65c328b8a23876f74eaefa8f0f273a5992bef90efe09702f32e91351
1c62437645caf6e3a0d48308140e5553a5b91ca8f6dd203e7834f6f1f5204854,train/images/YTDown-com_YouTube_Crazy-yet-Organized-Traffic-in-Vietnam-H_Media_fm0cX7P6PSw_001_1080p_frame_00242_jpg.rf.438782c88834a0fa28edd17b15a871c4.jpg,train/labels/YTDown-com_YouTube_Crazy-yet-Organized-Traffic-in-Vietnam-H_Media_fm0cX7P6PSw_001_1080p_frame_00242_jpg.rf.438782c88834a0fa28edd17b15a871c4.txt,YTDown-com_YouTube_Crazy-yet-Organized-Traffic-in-Vietnam-H_Media_fm0cX7P6PSw_001_1080p,242,121.0,train,labeled,48,1:8;2:39;4:1,bbox:5;polygon:43,1c62437645caf6e3a0d48308140e5553a5b91ca8f6dd203e7834f6f1f5204854
0619e803566721949ef2f493d3b9331f0ce97c22987ae21a0b783bab07b959fb,train/images/YTDown-com_YouTube_Crazy-yet-Organized-Traffic-in-Vietnam-H_Media_fm0cX7P6PSw_001_1080p_frame_00243_jpg.rf.7ff6e2bb201ee0f09c482dcc7f815b83.jpg,train/labels/YTDown-com_YouTube_Crazy-yet-Organized-Traffic-in-Vietnam-H_Media_fm0cX7P6PSw_001_1080p_frame_00243_jpg.rf.7ff6e2bb201ee0f09c482dcc7f815b83.txt,YTDown-com_YouTube_Crazy-yet-Organized-Traffic-in-Vietnam-H_Media_fm0cX7P6PSw_001_1080p,243,121.5,train,labeled,51,1:7;2:43;4:1,bbox:3;polygon:48,0619e803566721949ef2f493d3b9331f0ce97c22987ae21a0b783bab07b959fb
cb08e692edbaddc79e4b26ce62786442253dfb9ab0d271c120553369789b7457,train/images/YTDown-com_YouTube_Crazy-yet-Organized-Traffic-in-Vietnam-H_Media_fm0cX7P6PSw_001_1080p_frame_00244_jpg.rf.347d88925440a82b6741035c5e4f95c0.jpg,train/labels/YTDown-com_YouTube_Crazy-yet-Organized-Traffic-in-Vietnam-H_Media_fm0cX7P6PSw_001_1080p_frame_00244_jpg.rf.347d88925440a82b6741035c5e4f95c0.txt,YTDown-com_YouTube_Crazy-yet-Organized-Traffic-in-Vietnam-H_Media_fm0cX7P6PSw_001_1080p,244,122.0,train,labeled,49,1:7;2:40;3:1;4:1,bbox:3;polygon:46,cb08e692edbaddc79e4b26ce62786442253dfb9ab0d271c120553369789b7457
2d9ed49cfdc0e4f1116215cfb8cbad58057b05ce7568be972f4e1b63523e6630,train/images/YTDown-com_YouTube_Crazy-yet-Organized-Traffic-in-Vietnam-H_Media_fm0cX7P6PSw_001_1080p_frame_00245_jpg.rf.280efc7c541bb46496d30ab8e5861aa0.jpg,train/labels/YTDown-com_YouTube_Crazy-yet-Organized-Traffic-in-Vietnam-H_Media_fm0cX7P6PSw_001_1080p_frame_00245_jpg.rf.280efc7c541bb46496d30ab8e5861aa0.txt,YTDown-com_YouTube_Crazy-yet-Organized-Traffic-in-Vietnam-H_Media_fm0cX7P6PSw_001_1080p,245,122.5,train,labeled,55,1:11;2:43;4:1,bbox:4;polygon:51,2d9ed49cfdc0e4f1116215cfb8cbad58057b05ce7568be972f4e1b63523e6630
6f5ae1c18ff45fbd67a221ef560d315f87e62897d965874e6e8f55d763b7ea3b,train/images/YTDown-com_YouTube_Crazy-yet-Organized-Traffic-in-Vietnam-H_Media_fm0cX7P6PSw_001_1080p_frame_00246_jpg.rf.51bca40e76b97b6e052a44978b4bee20.jpg,train/labels/YTDown-com_YouTube_Crazy-yet-Organized-Traffic-in-Vietnam-H_Media_fm0cX7P6PSw_001_1080p_frame_00246_jpg.rf.51bca40e76b97b6e052a44978b4bee20.txt,YTDown-com_YouTube_Crazy-yet-Organized-Traffic-in-Vietnam-H_Media_fm0cX7P6PSw_001_1080p,246,123.0,train,labeled,63,1:13;2:49;4:1,bbox:3;polygon:60,6f5ae1c18ff45fbd67a221ef560d315f87e62897d965874e6e8f55d763b7ea3b
db3d0693afe555af138d3383d456f723eb101a981c7daf04db0bab605eb007fa,train/images/YTDown-com_YouTube_Crazy-yet-Organized-Traffic-in-Vietnam-H_Media_fm0cX7P6PSw_001_1080p_frame_00247_jpg.rf.866b889af8f44696679ebcf75cd57891.jpg,train/labels/YTDown-com_YouTube_Crazy-yet-Organized-Traffic-in-Vietnam-H_Media_fm0cX7P6PSw_001_1080p_frame_00247_jpg.rf.866b889af8f44696679ebcf75cd57891.txt,YTDown-com_YouTube_Crazy-yet-Organized-Traffic-in-Vietnam-H_Media_fm0cX7P6PSw_001_1080p,247,123.5,train,labeled,60,1:13;2:46;4:1,bbox:3;polygon:57,db3d0693afe555af138d3383d456f723eb101a981c7daf04db0bab605eb007fa
794fae78291e51511963083a098ff22b011ddbfc343ee1dbb6deeb83ea28a53d,train/images/YTDown-com_YouTube_Crazy-yet-Organized-Traffic-in-Vietnam-H_Media_fm0cX7P6PSw_001_1080p_frame_00248_jpg.rf.4316d99ca8085442e3cfe2447b2a4074.jpg,train/labels/YTDown-com_YouTube_Crazy-yet-Organized-Traffic-in-Vietnam-H_Media_fm0cX7P6PSw_001_1080p_frame_00248_jpg.rf.4316d99ca8085442e3cfe2447b2a4074.txt,YTDown-com_YouTube_Crazy-yet-Organized-Traffic-in-Vietnam-H_Media_fm0cX7P6PSw_001_1080p,248,124.0,train,labeled,64,1:12;2:49;3:2;4:1,bbox:3;polygon:61,794fae78291e51511963083a098ff22b011ddbfc343ee1dbb6deeb83ea28a53d
28c1837ef0f62d3f921464ab25d8b2025a040851bce8bc472f0bcb9c62bc1985,train/images/YTDown-com_YouTube_Crazy-yet-Organized-Traffic-in-Vietnam-H_Media_fm0cX7P6PSw_001_1080p_frame_00249_jpg.rf.64f8151ae8bc36184dfb06e1fd7b0158.jpg,train/labels/YTDown-com_YouTube_Crazy-yet-Organized-Traffic-in-Vietnam-H_Media_fm0cX7P6PSw_001_1080p_frame_00249_jpg.rf.64f8151ae8bc36184dfb06e1fd7b0158.txt,YTDown-com_YouTube_Crazy-yet-Organized-Traffic-in-Vietnam-H_Media_fm0cX7P6PSw_001_1080p,249,124.5,train,labeled,62,0:1;1:9;2:48;3:2;4:2,bbox:5;polygon:57,28c1837ef0f62d3f921464ab25d8b2025a040851bce8bc472f0bcb9c62bc1985
cb23dfc98967f3232e4e6779c75db2102e559b394823c0016dd4a64b13890fd6,train/images/YTDown-com_YouTube_Crazy-yet-Organized-Traffic-in-Vietnam-H_Media_fm0cX7P6PSw_001_1080p_frame_00250_jpg.rf.1af53f7bf0bf56197996f1311c46374d.jpg,train/labels/YTDown-com_YouTube_Crazy-yet-Organized-Traffic-in-Vietnam-H_Media_fm0cX7P6PSw_001_1080p_frame_00250_jpg.rf.1af53f7bf0bf56197996f1311c46374d.txt,YTDown-com_YouTube_Crazy-yet-Organized-Traffic-in-Vietnam-H_Media_fm0cX7P6PSw_001_1080p,250,125.0,train,labeled,64,0:1;1:8;2:49;3:3;4:3,polygon:64,cb23dfc98967f3232e4e6779c75db2102e559b394823c0016dd4a64b13890fd6
a286f8f08f5e751ff0f00cd0073c4932cdd58dc4a3baf8c5178f569fd1bb7c1e,train/images/YTDown-com_YouTube_Crazy-yet-Organized-Traffic-in-Vietnam-H_Media_fm0cX7P6PSw_001_1080p_frame_00252_jpg.rf.be68fbbb991e9ee223a9f84cc9e2d6db.jpg,train/labels/YTDown-com_YouTube_Crazy-yet-Organized-Traffic-in-Vietnam-H_Media_fm0cX7P6PSw_001_1080p_frame_00252_jpg.rf.be68fbbb991e9ee223a9f84cc9e2d6db.txt,YTDown-com_YouTube_Crazy-yet-Organized-Traffic-in-Vietnam-H_Media_fm0cX7P6PSw_001_1080p,252,126.0,train,labeled,65,1:7;2:53;3:3;4:2,bbox:5;polygon:60,a286f8f08f5e751ff0f00cd0073c4932cdd58dc4a3baf8c5178f569fd1bb7c1e
c954dd58f5c09ab4a9c9d01e3b3999f9c20eb61bb35efba3efe3c28639b69a4e,train/images/YTDown-com_YouTube_Crazy-yet-Organized-Traffic-in-Vietnam-H_Media_fm0cX7P6PSw_001_1080p_frame_00254_jpg.rf.d4f778db28984df13ff27332c71e1973.jpg,train/labels/YTDown-com_YouTube_Crazy-yet-Organized-Traffic-in-Vietnam-H_Media_fm0cX7P6PSw_001_1080p_frame_00254_jpg.rf.d4f778db28984df13ff27332c71e1973.txt,YTDown-com_YouTube_Crazy-yet-Organized-Traffic-in-Vietnam-H_Media_fm0cX7P6PSw_001_1080p,254,127.0,train,labeled,57,1:6;2:48;3:2;4:1,bbox:1;polygon:56,c954dd58f5c09ab4a9c9d01e3b3999f9c20eb61bb35efba3efe3c28639b69a4e
15402c7eaf216fc452684d40e0107fc8254b34071f6bf3aaf2fc842d166b12ae,train/images/YTDown-com_YouTube_Crazy-yet-Organized-Traffic-in-Vietnam-H_Media_fm0cX7P6PSw_001_1080p_frame_00255_jpg.rf.f0a388f3a58d17b0341d354c66222f9b.jpg,train/labels/YTDown-com_YouTube_Crazy-yet-Organized-Traffic-in-Vietnam-H_Media_fm0cX7P6PSw_001_1080p_frame_00255_jpg.rf.f0a388f3a58d17b0341d354c66222f9b.txt,YTDown-com_YouTube_Crazy-yet-Organized-Traffic-in-Vietnam-H_Media_fm0cX7P6PSw_001_1080p,255,127.5,train,labeled,57,1:8;2:46;3:2;4:1,bbox:1;polygon:56,15402c7eaf216fc452684d40e0107fc8254b34071f6bf3aaf2fc842d166b12ae
d793f6dd417e6393fc0d659ba56dd7669461b4d1ed6562dd6a79a9211aacfd82,train/images/YTDown-com_YouTube_Crazy-yet-Organized-Traffic-in-Vietnam-H_Media_fm0cX7P6PSw_001_1080p_frame_00256_jpg.rf.2e19dda879a199dee5ea36c9713721ad.jpg,train/labels/YTDown-com_YouTube_Crazy-yet-Organized-Traffic-in-Vietnam-H_Media_fm0cX7P6PSw_001_1080p_frame_00256_jpg.rf.2e19dda879a199dee5ea36c9713721ad.txt,YTDown-com_YouTube_Crazy-yet-Organized-Traffic-in-Vietnam-H_Media_fm0cX7P6PSw_001_1080p,256,128.0,train,labeled,51,1:6;2:42;3:2;4:1,bbox:2;polygon:49,d793f6dd417e6393fc0d659ba56dd7669461b4d1ed6562dd6a79a9211aacfd82
d551fd04612095304724530e44dd04b093a2fce362560aeb24b97ab2675fe6d8,train/images/YTDown-com_YouTube_Crazy-yet-Organized-Traffic-in-Vietnam-H_Media_fm0cX7P6PSw_001_1080p_frame_00258_jpg.rf.a2e9a8f316bda7e3789bec6d9043dbfb.jpg,train/labels/YTDown-com_YouTube_Crazy-yet-Organized-Traffic-in-Vietnam-H_Media_fm0cX7P6PSw_001_1080p_frame_00258_jpg.rf.a2e9a8f316bda7e3789bec6d9043dbfb.txt,YTDown-com_YouTube_Crazy-yet-Organized-Traffic-in-Vietnam-H_Media_fm0cX7P6PSw_001_1080p,258,129.0,train,labeled,52,1:10;2:40;4:2,bbox:1;polygon:51,d551fd04612095304724530e44dd04b093a2fce362560aeb24b97ab2675fe6d8
3a057b0e791e01b4839e6fb32d2b507dee3452e1a83904345016c3551f7013aa,train/images/YTDown-com_YouTube_Crazy-yet-Organized-Traffic-in-Vietnam-H_Media_fm0cX7P6PSw_001_1080p_frame_00259_jpg.rf.2602a7c0324d57d301497c5bcd770938.jpg,train/labels/YTDown-com_YouTube_Crazy-yet-Organized-Traffic-in-Vietnam-H_Media_fm0cX7P6PSw_001_1080p_frame_00259_jpg.rf.2602a7c0324d57d301497c5bcd770938.txt,YTDown-com_YouTube_Crazy-yet-Organized-Traffic-in-Vietnam-H_Media_fm0cX7P6PSw_001_1080p,259,129.5,train,labeled,47,1:9;2:36;4:2,bbox:1;polygon:46,3a057b0e791e01b4839e6fb32d2b507dee3452e1a83904345016c3551f7013aa
5e9193919473f476080cf894ccfddffe375d4acbb223feeae541812504847377,train/images/YTDown-com_YouTube_Crazy-yet-Organized-Traffic-in-Vietnam-H_Media_fm0cX7P6PSw_001_1080p_frame_00262_jpg.rf.6aa4a6554639a68214ab62e27bf4693b.jpg,train/labels/YTDown-com_YouTube_Crazy-yet-Organized-Traffic-in-Vietnam-H_Media_fm0cX7P6PSw_001_1080p_frame_00262_jpg.rf.6aa4a6554639a68214ab62e27bf4693b.txt,YTDown-com_YouTube_Crazy-yet-Organized-Traffic-in-Vietnam-H_Media_fm0cX7P6PSw_001_1080p,262,131.0,train,labeled,51,1:7;2:42;4:2,bbox:3;polygon:48,5e9193919473f476080cf894ccfddffe375d4acbb223feeae541812504847377
5d3b5fb5b2b6854cb32edb5211b91825d23bde0d2a30458ac3e452358c790287,train/images/YTDown-com_YouTube_Crazy-yet-Organized-Traffic-in-Vietnam-H_Media_fm0cX7P6PSw_001_1080p_frame_00263_jpg.rf.6faea0870b6913072c0381de47dd073b.jpg,train/labels/YTDown-com_YouTube_Crazy-yet-Organized-Traffic-in-Vietnam-H_Media_fm0cX7P6PSw_001_1080p_frame_00263_jpg.rf.6faea0870b6913072c0381de47dd073b.txt,YTDown-com_YouTube_Crazy-yet-Organized-Traffic-in-Vietnam-H_Media_fm0cX7P6PSw_001_1080p,263,131.5,train,labeled,52,1:8;2:42;4:2,bbox:1;polygon:51,5d3b5fb5b2b6854cb32edb5211b91825d23bde0d2a30458ac3e452358c790287
ab04359635315cdaaf077819e3930da3bedbec40fa9bf75380d039527b9e3210,train/images/YTDown-com_YouTube_Crazy-yet-Organized-Traffic-in-Vietnam-H_Media_fm0cX7P6PSw_001_1080p_frame_00264_jpg.rf.4be373b95b3429252450bd17f23ea2cc.jpg,train/labels/YTDown-com_YouTube_Crazy-yet-Organized-Traffic-in-Vietnam-H_Media_fm0cX7P6PSw_001_1080p_frame_00264_jpg.rf.4be373b95b3429252450bd17f23ea2cc.txt,YTDown-com_YouTube_Crazy-yet-Organized-Traffic-in-Vietnam-H_Media_fm0cX7P6PSw_001_1080p,264,132.0,train,labeled,56,1:11;2:43;4:2,bbox:3;polygon:53,ab04359635315cdaaf077819e3930da3bedbec40fa9bf75380d039527b9e3210
b29362bf72ac20359a3c1b4282e03b8e600046fe2c9f17a55f5242cb90f544e7,train/images/YTDown-com_YouTube_Crazy-yet-Organized-Traffic-in-Vietnam-H_Media_fm0cX7P6PSw_001_1080p_frame_00267_jpg.rf.dd25f3c7fb9b3a5c57f2ffc3c38e949f.jpg,train/labels/YTDown-com_YouTube_Crazy-yet-Organized-Traffic-in-Vietnam-H_Media_fm0cX7P6PSw_001_1080p_frame_00267_jpg.rf.dd25f3c7fb9b3a5c57f2ffc3c38e949f.txt,YTDown-com_YouTube_Crazy-yet-Organized-Traffic-in-Vietnam-H_Media_fm0cX7P6PSw_001_1080p,267,133.5,train,labeled,58,1:9;2:42;3:3;4:4,bbox:1;polygon:57,b29362bf72ac20359a3c1b4282e03b8e600046fe2c9f17a55f5242cb90f544e7
86fe9378ab6c9a9543045f794f5930d0509ee5371c107087cd40437a052fdc4c,train/images/YTDown-com_YouTube_Crazy-yet-Organized-Traffic-in-Vietnam-H_Media_fm0cX7P6PSw_001_1080p_frame_00268_jpg.rf.77036027b5a50a3d25d43f5c7ae92a59.jpg,train/labels/YTDown-com_YouTube_Crazy-yet-Organized-Traffic-in-Vietnam-H_Media_fm0cX7P6PSw_001_1080p_frame_00268_jpg.rf.77036027b5a50a3d25d43f5c7ae92a59.txt,YTDown-com_YouTube_Crazy-yet-Organized-Traffic-in-Vietnam-H_Media_fm0cX7P6PSw_001_1080p,268,134.0,train,labeled,42,1:7;2:33;3:2,bbox:1;polygon:41,86fe9378ab6c9a9543045f794f5930d0509ee5371c107087cd40437a052fdc4c
71a124e2dda7c27711fd5f46d99c07c35b0c5124367cc8bf96105967d39ecef5,train/images/YTDown-com_YouTube_Crazy-yet-Organized-Traffic-in-Vietnam-H_Media_fm0cX7P6PSw_001_1080p_frame_00270_jpg.rf.055356f3d17f8ec4ef0874229fa45aa7.jpg,train/labels/YTDown-com_YouTube_Crazy-yet-Organized-Traffic-in-Vietnam-H_Media_fm0cX7P6PSw_001_1080p_frame_00270_jpg.rf.055356f3d17f8ec4ef0874229fa45aa7.txt,YTDown-com_YouTube_Crazy-yet-Organized-Traffic-in-Vietnam-H_Media_fm0cX7P6PSw_001_1080p,270,135.0,train,labeled,45,1:9;2:36,bbox:1;polygon:44,71a124e2dda7c27711fd5f46d99c07c35b0c5124367cc8bf96105967d39ecef5
665158f85c80c4ea04203d874fa42121e00ded3ab76aba0a83755758f6cb1b76,train/images/YTDown-com_YouTube_Crazy-yet-Organized-Traffic-in-Vietnam-H_Media_fm0cX7P6PSw_001_1080p_frame_00271_jpg.rf.5fb3445cd1157008ec5a1a0598171bc8.jpg,train/labels/YTDown-com_YouTube_Crazy-yet-Organized-Traffic-in-Vietnam-H_Media_fm0cX7P6PSw_001_1080p_frame_00271_jpg.rf.5fb3445cd1157008ec5a1a0598171bc8.txt,YTDown-com_YouTube_Crazy-yet-Organized-Traffic-in-Vietnam-H_Media_fm0cX7P6PSw_001_1080p,271,135.5,train,labeled,45,1:8;2:35;3:2,polygon:45,665158f85c80c4ea04203d874fa42121e00ded3ab76aba0a83755758f6cb1b76
0a8f299948c51e5b0c9373b6b7b37289a0988a77662073e4510534b7df0066f4,train/images/YTDown-com_YouTube_Crazy-yet-Organized-Traffic-in-Vietnam-H_Media_fm0cX7P6PSw_001_1080p_frame_00272_jpg.rf.8ae01afc20df493c0f3f4838df65dac4.jpg,train/labels/YTDown-com_YouTube_Crazy-yet-Organized-Traffic-in-Vietnam-H_Media_fm0cX7P6PSw_001_1080p_frame_00272_jpg.rf.8ae01afc20df493c0f3f4838df65dac4.txt,YTDown-com_YouTube_Crazy-yet-Organized-Traffic-in-Vietnam-H_Media_fm0cX7P6PSw_001_1080p,272,136.0,train,labeled,38,1:5;2:33,bbox:4;polygon:34,0a8f299948c51e5b0c9373b6b7b37289a0988a77662073e4510534b7df0066f4
686f230a37b0a08da8624b3d1bdaa2530ce4f6561e8a48ac4a3695be1beaab85,train/images/YTDown-com_YouTube_Crazy-yet-Organized-Traffic-in-Vietnam-H_Media_fm0cX7P6PSw_001_1080p_frame_00273_jpg.rf.6a5fb1b1d6df5fe3d9da0337f116ee34.jpg,train/labels/YTDown-com_YouTube_Crazy-yet-Organized-Traffic-in-Vietnam-H_Media_fm0cX7P6PSw_001_1080p_frame_00273_jpg.rf.6a5fb1b1d6df5fe3d9da0337f116ee34.txt,YTDown-com_YouTube_Crazy-yet-Organized-Traffic-in-Vietnam-H_Media_fm0cX7P6PSw_001_1080p,273,136.5,train,labeled,40,1:6;2:34,bbox:2;polygon:38,686f230a37b0a08da8624b3d1bdaa2530ce4f6561e8a48ac4a3695be1beaab85
42adede6fe31d9c62ba3c9c8bd71f964dd7d36a3630876f41a0efdc41b60d07b,train/images/YTDown-com_YouTube_Crazy-yet-Organized-Traffic-in-Vietnam-H_Media_fm0cX7P6PSw_001_1080p_frame_00276_jpg.rf.4ece9f39d6c10830c7a1666935424e5b.jpg,train/labels/YTDown-com_YouTube_Crazy-yet-Organized-Traffic-in-Vietnam-H_Media_fm0cX7P6PSw_001_1080p_frame_00276_jpg.rf.4ece9f39d6c10830c7a1666935424e5b.txt,YTDown-com_YouTube_Crazy-yet-Organized-Traffic-in-Vietnam-H_Media_fm0cX7P6PSw_001_1080p,276,138.0,train,labeled,48,1:10;2:37;3:1,bbox:1;polygon:47,42adede6fe31d9c62ba3c9c8bd71f964dd7d36a3630876f41a0efdc41b60d07b
086fa6ddd9e32321c5640700ce9566fb63fba99d312d27c1bc7edc7952d27108,train/images/YTDown-com_YouTube_Crazy-yet-Organized-Traffic-in-Vietnam-H_Media_fm0cX7P6PSw_001_1080p_frame_00277_jpg.rf.8f03a2779c829c02b20954ab92c3c96b.jpg,train/labels/YTDown-com_YouTube_Crazy-yet-Organized-Traffic-in-Vietnam-H_Media_fm0cX7P6PSw_001_1080p_frame_00277_jpg.rf.8f03a2779c829c02b20954ab92c3c96b.txt,YTDown-com_YouTube_Crazy-yet-Organized-Traffic-in-Vietnam-H_Media_fm0cX7P6PSw_001_1080p,277,138.5,train,labeled,53,1:12;2:41,bbox:2;polygon:51,086fa6ddd9e32321c5640700ce9566fb63fba99d312d27c1bc7edc7952d27108
aa5a54071d049ce4aa06bd3c3ae0458ef8c761070f70a5376225f142cb720285,train/images/YTDown-com_YouTube_Crazy-yet-Organized-Traffic-in-Vietnam-H_Media_fm0cX7P6PSw_001_1080p_frame_00281_jpg.rf.25ebb1a7cd37a8d292df5c485a2f1819.jpg,train/labels/YTDown-com_YouTube_Crazy-yet-Organized-Traffic-in-Vietnam-H_Media_fm0cX7P6PSw_001_1080p_frame_00281_jpg.rf.25ebb1a7cd37a8d292df5c485a2f1819.txt,YTDown-com_YouTube_Crazy-yet-Organized-Traffic-in-Vietnam-H_Media_fm0cX7P6PSw_001_1080p,281,140.5,train,labeled,51,1:9;2:37;3:4;4:1,bbox:2;polygon:49,aa5a54071d049ce4aa06bd3c3ae0458ef8c761070f70a5376225f142cb720285
9a5fd2cf5c103ca179db8e984d7969f7100443e923f0613ee030e0203931e085,train/images/YTDown-com_YouTube_Crazy-yet-Organized-Traffic-in-Vietnam-H_Media_fm0cX7P6PSw_001_1080p_frame_00283_jpg.rf.68c1be5a1c2456e838947d9c80b4148a.jpg,train/labels/YTDown-com_YouTube_Crazy-yet-Organized-Traffic-in-Vietnam-H_Media_fm0cX7P6PSw_001_1080p_frame_00283_jpg.rf.68c1be5a1c2456e838947d9c80b4148a.txt,YTDown-com_YouTube_Crazy-yet-Organized-Traffic-in-Vietnam-H_Media_fm0cX7P6PSw_001_1080p,283,141.5,train,labeled,51,1:12;2:39,polygon:51,9a5fd2cf5c103ca179db8e984d7969f7100443e923f0613ee030e0203931e085
7b0bef775fdff243312cb6d10446719f712fb346804fd307f870ba0d6ea88478,train/images/YTDown-com_YouTube_Crazy-yet-Organized-Traffic-in-Vietnam-H_Media_fm0cX7P6PSw_001_1080p_frame_00284_jpg.rf.b25a4092ce636300ec51685f63907ca8.jpg,train/labels/YTDown-com_YouTube_Crazy-yet-Organized-Traffic-in-Vietnam-H_Media_fm0cX7P6PSw_001_1080p_frame_00284_jpg.rf.b25a4092ce636300ec51685f63907ca8.txt,YTDown-com_YouTube_Crazy-yet-Organized-Traffic-in-Vietnam-H_Media_fm0cX7P6PSw_001_1080p,284,142.0,train,labeled,60,1:14;2:43;3:1;4:2,bbox:3;polygon:57,7b0bef775fdff243312cb6d10446719f712fb346804fd307f870ba0d6ea88478
472e196f6d2d4c7fb9c080a9fde6f665db6c0eb02e23fbb1e366110386e61405,train/images/YTDown-com_YouTube_Crazy-yet-Organized-Traffic-in-Vietnam-H_Media_fm0cX7P6PSw_001_1080p_frame_00285_jpg.rf.44e6c816d37583834af320f2e16914b9.jpg,train/labels/YTDown-com_YouTube_Crazy-yet-Organized-Traffic-in-Vietnam-H_Media_fm0cX7P6PSw_001_1080p_frame_00285_jpg.rf.44e6c816d37583834af320f2e16914b9.txt,YTDown-com_YouTube_Crazy-yet-Organized-Traffic-in-Vietnam-H_Media_fm0cX7P6PSw_001_1080p,285,142.5,train,labeled,55,1:12;2:43,bbox:2;polygon:53,472e196f6d2d4c7fb9c080a9fde6f665db6c0eb02e23fbb1e366110386e61405
cec6d6ff805f2b003cb23fe3b6d7f535e503d40e881edb99e3fdf9b10c6f98d0,train/images/YTDown-com_YouTube_Crazy-yet-Organized-Traffic-in-Vietnam-H_Media_fm0cX7P6PSw_001_1080p_frame_00286_jpg.rf.936b6504c4f2670b61bf7c20322dadfe.jpg,train/labels/YTDown-com_YouTube_Crazy-yet-Organized-Traffic-in-Vietnam-H_Media_fm0cX7P6PSw_001_1080p_frame_00286_jpg.rf.936b6504c4f2670b61bf7c20322dadfe.txt,YTDown-com_YouTube_Crazy-yet-Organized-Traffic-in-Vietnam-H_Media_fm0cX7P6PSw_001_1080p,286,143.0,train,labeled,56,1:10;2:43;3:3,polygon:56,cec6d6ff805f2b003cb23fe3b6d7f535e503d40e881edb99e3fdf9b10c6f98d0
49d83a8bc50576fa06ce19f76f129b55c945488ba84d0c50652c86cc130ef9a7,train/images/YTDown-com_YouTube_Crazy-yet-Organized-Traffic-in-Vietnam-H_Media_fm0cX7P6PSw_001_1080p_frame_00287_jpg.rf.cf5580f61dbe62108617053b5657cb88.jpg,train/labels/YTDown-com_YouTube_Crazy-yet-Organized-Traffic-in-Vietnam-H_Media_fm0cX7P6PSw_001_1080p_frame_00287_jpg.rf.cf5580f61dbe62108617053b5657cb88.txt,YTDown-com_YouTube_Crazy-yet-Organized-Traffic-in-Vietnam-H_Media_fm0cX7P6PSw_001_1080p,287,143.5,train,labeled,52,1:8;2:43;3:1,bbox:1;polygon:51,49d83a8bc50576fa06ce19f76f129b55c945488ba84d0c50652c86cc130ef9a7
bef6443c80de1d860c05b4e8939950fc1b986d2d61a270045cf80853ea6bf176,train/images/YTDown-com_YouTube_Crazy-yet-Organized-Traffic-in-Vietnam-H_Media_fm0cX7P6PSw_001_1080p_frame_00288_jpg.rf.2307239b5e614329cf022734d246e695.jpg,train/labels/YTDown-com_YouTube_Crazy-yet-Organized-Traffic-in-Vietnam-H_Media_fm0cX7P6PSw_001_1080p_frame_00288_jpg.rf.2307239b5e614329cf022734d246e695.txt,YTDown-com_YouTube_Crazy-yet-Organized-Traffic-in-Vietnam-H_Media_fm0cX7P6PSw_001_1080p,288,144.0,train,labeled,59,1:10;2:42;3:7,bbox:1;polygon:58,bef6443c80de1d860c05b4e8939950fc1b986d2d61a270045cf80853ea6bf176
4be278cacf4bf11027e459acce6200a3532a77081feb9571a867308abe8969c3,train/images/YTDown-com_YouTube_Crazy-yet-Organized-Traffic-in-Vietnam-H_Media_fm0cX7P6PSw_001_1080p_frame_00290_jpg.rf.edcc71a6a7821fdccef01ac5af9a33d3.jpg,train/labels/YTDown-com_YouTube_Crazy-yet-Organized-Traffic-in-Vietnam-H_Media_fm0cX7P6PSw_001_1080p_frame_00290_jpg.rf.edcc71a6a7821fdccef01ac5af9a33d3.txt,YTDown-com_YouTube_Crazy-yet-Organized-Traffic-in-Vietnam-H_Media_fm0cX7P6PSw_001_1080p,290,145.0,train,labeled,56,1:10;2:45;3:1,polygon:56,4be278cacf4bf11027e459acce6200a3532a77081feb9571a867308abe8969c3
e3786f8f2288820af2e7403d984d1be20b23c7081c03e02443dad5be637c33d0,train/images/YTDown-com_YouTube_Crazy-yet-Organized-Traffic-in-Vietnam-H_Media_fm0cX7P6PSw_001_1080p_frame_00292_jpg.rf.a405e83f20bb1633ff8ee0e86e1e9063.jpg,train/labels/YTDown-com_YouTube_Crazy-yet-Organized-Traffic-in-Vietnam-H_Media_fm0cX7P6PSw_001_1080p_frame_00292_jpg.rf.a405e83f20bb1633ff8ee0e86e1e9063.txt,YTDown-com_YouTube_Crazy-yet-Organized-Traffic-in-Vietnam-H_Media_fm0cX7P6PSw_001_1080p,292,146.0,train,labeled,48,1:11;2:36;3:1,polygon:48,e3786f8f2288820af2e7403d984d1be20b23c7081c03e02443dad5be637c33d0
ac12c29db7e6c902c621f998451d96d9e9875138bf2344a78b7a5f7ef4b5732a,train/images/YTDown-com_YouTube_Rush-Hour-Traffic-with-motorcycle-in-Ho-_Media_1ZupwFOhjl4_001_1080p_frame_00001_jpg.rf.8ce7f8eeeb5ef6b93ab8c96f3c2e3b8f.jpg,train/labels/YTDown-com_YouTube_Rush-Hour-Traffic-with-motorcycle-in-Ho-_Media_1ZupwFOhjl4_001_1080p_frame_00001_jpg.rf.8ce7f8eeeb5ef6b93ab8c96f3c2e3b8f.txt,YTDown-com_YouTube_Rush-Hour-Traffic-with-motorcycle-in-Ho-_Media_1ZupwFOhjl4_001_1080p,1,0.5,train,labeled,80,0:2;1:27;2:47;3:4,bbox:4;polygon:76,ac12c29db7e6c902c621f998451d96d9e9875138bf2344a78b7a5f7ef4b5732a
a899c7f798faf7db077c35c7ca13e5c7d42e291cea555389b40b36e7135ff711,train/images/YTDown-com_YouTube_Rush-Hour-Traffic-with-motorcycle-in-Ho-_Media_1ZupwFOhjl4_001_1080p_frame_00002_jpg.rf.d279c0335c64d6f8b7d85f5a043a03b6.jpg,train/labels/YTDown-com_YouTube_Rush-Hour-Traffic-with-motorcycle-in-Ho-_Media_1ZupwFOhjl4_001_1080p_frame_00002_jpg.rf.d279c0335c64d6f8b7d85f5a043a03b6.txt,YTDown-com_YouTube_Rush-Hour-Traffic-with-motorcycle-in-Ho-_Media_1ZupwFOhjl4_001_1080p,2,1.0,train,labeled,79,0:2;1:28;2:45;3:4,bbox:5;polygon:74,a899c7f798faf7db077c35c7ca13e5c7d42e291cea555389b40b36e7135ff711
be89bc5bcc66fc975a0a3847f0d28f13c363d33298cdc443f1c9c38cee88ece8,train/images/YTDown-com_YouTube_Rush-Hour-Traffic-with-motorcycle-in-Ho-_Media_1ZupwFOhjl4_001_1080p_frame_00004_jpg.rf.8b765ea5cb6804d2b565f42e323d0559.jpg,train/labels/YTDown-com_YouTube_Rush-Hour-Traffic-with-motorcycle-in-Ho-_Media_1ZupwFOhjl4_001_1080p_frame_00004_jpg.rf.8b765ea5cb6804d2b565f42e323d0559.txt,YTDown-com_YouTube_Rush-Hour-Traffic-with-motorcycle-in-Ho-_Media_1ZupwFOhjl4_001_1080p,4,2.0,train,labeled,91,0:2;1:29;2:56;3:4,bbox:6;polygon:85,be89bc5bcc66fc975a0a3847f0d28f13c363d33298cdc443f1c9c38cee88ece8
cb99d6afe93a27e10439ec678a41aef0c05133d1d63b34aacb36a050e8a55674,train/images/YTDown-com_YouTube_Rush-Hour-Traffic-with-motorcycle-in-Ho-_Media_1ZupwFOhjl4_001_1080p_frame_00005_jpg.rf.9337d72a24608ffcaa7533ef766ded65.jpg,train/labels/YTDown-com_YouTube_Rush-Hour-Traffic-with-motorcycle-in-Ho-_Media_1ZupwFOhjl4_001_1080p_frame_00005_jpg.rf.9337d72a24608ffcaa7533ef766ded65.txt,YTDown-com_YouTube_Rush-Hour-Traffic-with-motorcycle-in-Ho-_Media_1ZupwFOhjl4_001_1080p,5,2.5,train,labeled,90,0:2;1:33;2:52;3:3,bbox:5;polygon:85,cb99d6afe93a27e10439ec678a41aef0c05133d1d63b34aacb36a050e8a55674
661fdd1c98a2e01dc0a6e025b532c16195af0e6c8e16c9908378a243e89b255b,train/images/YTDown-com_YouTube_Rush-Hour-Traffic-with-motorcycle-in-Ho-_Media_1ZupwFOhjl4_001_1080p_frame_00006_jpg.rf.967a630d484f97a3b0e04cf8a091bff1.jpg,train/labels/YTDown-com_YouTube_Rush-Hour-Traffic-with-motorcycle-in-Ho-_Media_1ZupwFOhjl4_001_1080p_frame_00006_jpg.rf.967a630d484f97a3b0e04cf8a091bff1.txt,YTDown-com_YouTube_Rush-Hour-Traffic-with-motorcycle-in-Ho-_Media_1ZupwFOhjl4_001_1080p,6,3.0,train,labeled,91,0:2;1:33;2:53;3:3,bbox:9;polygon:82,661fdd1c98a2e01dc0a6e025b532c16195af0e6c8e16c9908378a243e89b255b
2b03ff3ec34b1722ec929e69156f20a278974a8204e6da28c799e04a2ceb6df0,train/images/YTDown-com_YouTube_Rush-Hour-Traffic-with-motorcycle-in-Ho-_Media_1ZupwFOhjl4_001_1080p_frame_00008_jpg.rf.d0107b78318e101c49c0e2f2a18135bc.jpg,train/labels/YTDown-com_YouTube_Rush-Hour-Traffic-with-motorcycle-in-Ho-_Media_1ZupwFOhjl4_001_1080p_frame_00008_jpg.rf.d0107b78318e101c49c0e2f2a18135bc.txt,YTDown-com_YouTube_Rush-Hour-Traffic-with-motorcycle-in-Ho-_Media_1ZupwFOhjl4_001_1080p,8,4.0,train,labeled,87,0:2;1:32;2:48;3:5,bbox:5;polygon:82,2b03ff3ec34b1722ec929e69156f20a278974a8204e6da28c799e04a2ceb6df0
6ac05fa2898983884559d2d96dde5f9982f2163c770a8de596f64478b1fd981a,train/images/YTDown-com_YouTube_Rush-Hour-Traffic-with-motorcycle-in-Ho-_Media_1ZupwFOhjl4_001_1080p_frame_00010_jpg.rf.9f7c505619d930459ba5e5bc2a3da72c.jpg,train/labels/YTDown-com_YouTube_Rush-Hour-Traffic-with-motorcycle-in-Ho-_Media_1ZupwFOhjl4_001_1080p_frame_00010_jpg.rf.9f7c505619d930459ba5e5bc2a3da72c.txt,YTDown-com_YouTube_Rush-Hour-Traffic-with-motorcycle-in-Ho-_Media_1ZupwFOhjl4_001_1080p,10,5.0,train,labeled,89,0:3;1:34;2:48;3:4,bbox:4;polygon:85,6ac05fa2898983884559d2d96dde5f9982f2163c770a8de596f64478b1fd981a
7433d71924f3130ecaabae4fad2ec01d9d4cf58ee258b6801d37e7647da12e2d,train/images/YTDown-com_YouTube_Rush-Hour-Traffic-with-motorcycle-in-Ho-_Media_1ZupwFOhjl4_001_1080p_frame_00012_jpg.rf.5a3cf3edc7bb1d600a6f52bc78a69976.jpg,train/labels/YTDown-com_YouTube_Rush-Hour-Traffic-with-motorcycle-in-Ho-_Media_1ZupwFOhjl4_001_1080p_frame_00012_jpg.rf.5a3cf3edc7bb1d600a6f52bc78a69976.txt,YTDown-com_YouTube_Rush-Hour-Traffic-with-motorcycle-in-Ho-_Media_1ZupwFOhjl4_001_1080p,12,6.0,train,labeled,82,0:4;1:32;2:40;3:6,bbox:7;polygon:75,7433d71924f3130ecaabae4fad2ec01d9d4cf58ee258b6801d37e7647da12e2d
c92340eeb66534e25c3d3973f7af800fc8f19f0e3596a7a85314ad85300a55aa,train/images/YTDown-com_YouTube_Rush-Hour-Traffic-with-motorcycle-in-Ho-_Media_1ZupwFOhjl4_001_1080p_frame_00013_jpg.rf.05a4ec4072d9044d86ca2bb8b10c56be.jpg,train/labels/YTDown-com_YouTube_Rush-Hour-Traffic-with-motorcycle-in-Ho-_Media_1ZupwFOhjl4_001_1080p_frame_00013_jpg.rf.05a4ec4072d9044d86ca2bb8b10c56be.txt,YTDown-com_YouTube_Rush-Hour-Traffic-with-motorcycle-in-Ho-_Media_1ZupwFOhjl4_001_1080p,13,6.5,train,labeled,83,0:4;1:32;2:41;3:6,bbox:9;polygon:74,c92340eeb66534e25c3d3973f7af800fc8f19f0e3596a7a85314ad85300a55aa
9465cab3726e117b0286244462e7770c199d988ceed2aa0df995a40ecf53728a,train/images/YTDown-com_YouTube_Rush-Hour-Traffic-with-motorcycle-in-Ho-_Media_1ZupwFOhjl4_001_1080p_frame_00014_jpg.rf.df7a4c663e183dc3b6a95d0d3975eb5c.jpg,train/labels/YTDown-com_YouTube_Rush-Hour-Traffic-with-motorcycle-in-Ho-_Media_1ZupwFOhjl4_001_1080p_frame_00014_jpg.rf.df7a4c663e183dc3b6a95d0d3975eb5c.txt,YTDown-com_YouTube_Rush-Hour-Traffic-with-motorcycle-in-Ho-_Media_1ZupwFOhjl4_001_1080p,14,7.0,train,labeled,85,0:4;1:30;2:45;3:6,bbox:5;polygon:80,9465cab3726e117b0286244462e7770c199d988ceed2aa0df995a40ecf53728a
43b62b729da39c5e9ac783d6bebb995580db90aeebe227355216ecd1f1612e3a,train/images/YTDown-com_YouTube_Rush-Hour-Traffic-with-motorcycle-in-Ho-_Media_1ZupwFOhjl4_001_1080p_frame_00017_jpg.rf.8d880c1e7e002e144c0941de81bdb484.jpg,train/labels/YTDown-com_YouTube_Rush-Hour-Traffic-with-motorcycle-in-Ho-_Media_1ZupwFOhjl4_001_1080p_frame_00017_jpg.rf.8d880c1e7e002e144c0941de81bdb484.txt,YTDown-com_YouTube_Rush-Hour-Traffic-with-motorcycle-in-Ho-_Media_1ZupwFOhjl4_001_1080p,17,8.5,train,labeled,86,0:2;1:37;2:43;3:4,bbox:4;polygon:82,43b62b729da39c5e9ac783d6bebb995580db90aeebe227355216ecd1f1612e3a
0cbde97420c41de259033dc57b8d9b410980b51c75b35e7bf9de1cc6b35e17a0,train/images/YTDown-com_YouTube_Rush-Hour-Traffic-with-motorcycle-in-Ho-_Media_1ZupwFOhjl4_001_1080p_frame_00018_jpg.rf.1381ef0ba1cd66cc4875b487d22c90c4.jpg,train/labels/YTDown-com_YouTube_Rush-Hour-Traffic-with-motorcycle-in-Ho-_Media_1ZupwFOhjl4_001_1080p_frame_00018_jpg.rf.1381ef0ba1cd66cc4875b487d22c90c4.txt,YTDown-com_YouTube_Rush-Hour-Traffic-with-motorcycle-in-Ho-_Media_1ZupwFOhjl4_001_1080p,18,9.0,train,labeled,87,0:2;1:35;2:46;3:4,bbox:6;polygon:81,0cbde97420c41de259033dc57b8d9b410980b51c75b35e7bf9de1cc6b35e17a0
dc97aac0df3584afc1e3fb5173dd3259dffb44967c4710f0e8f7e3dda3848d54,train/images/YTDown-com_YouTube_Rush-Hour-Traffic-with-motorcycle-in-Ho-_Media_1ZupwFOhjl4_001_1080p_frame_00019_jpg.rf.98d2ffc9075cad4cffa238ef3de0a791.jpg,train/labels/YTDown-com_YouTube_Rush-Hour-Traffic-with-motorcycle-in-Ho-_Media_1ZupwFOhjl4_001_1080p_frame_00019_jpg.rf.98d2ffc9075cad4cffa238ef3de0a791.txt,YTDown-com_YouTube_Rush-Hour-Traffic-with-motorcycle-in-Ho-_Media_1ZupwFOhjl4_001_1080p,19,9.5,train,labeled,85,0:2;1:36;2:44;3:3,bbox:6;polygon:79,dc97aac0df3584afc1e3fb5173dd3259dffb44967c4710f0e8f7e3dda3848d54
79c41fd56dae9db3ca6cb6e16923eb4986d9972627b76a6560b83e97e9665eb7,train/images/YTDown-com_YouTube_Rush-Hour-Traffic-with-motorcycle-in-Ho-_Media_1ZupwFOhjl4_001_1080p_frame_00020_jpg.rf.0ab5d363f2ffc7efe8f0e2910d1160e9.jpg,train/labels/YTDown-com_YouTube_Rush-Hour-Traffic-with-motorcycle-in-Ho-_Media_1ZupwFOhjl4_001_1080p_frame_00020_jpg.rf.0ab5d363f2ffc7efe8f0e2910d1160e9.txt,YTDown-com_YouTube_Rush-Hour-Traffic-with-motorcycle-in-Ho-_Media_1ZupwFOhjl4_001_1080p,20,10.0,train,labeled,83,0:2;1:29;2:48;3:4,bbox:2;polygon:81,79c41fd56dae9db3ca6cb6e16923eb4986d9972627b76a6560b83e97e9665eb7
58fee6673af3637919348824150cb5648e23738760ce6d984659d788cbfa5c85,train/images/YTDown-com_YouTube_Rush-Hour-Traffic-with-motorcycle-in-Ho-_Media_1ZupwFOhjl4_001_1080p_frame_00021_jpg.rf.c42af4d2631c2cc3e7f278a7e0837ffa.jpg,train/labels/YTDown-com_YouTube_Rush-Hour-Traffic-with-motorcycle-in-Ho-_Media_1ZupwFOhjl4_001_1080p_frame_00021_jpg.rf.c42af4d2631c2cc3e7f278a7e0837ffa.txt,YTDown-com_YouTube_Rush-Hour-Traffic-with-motorcycle-in-Ho-_Media_1ZupwFOhjl4_001_1080p,21,10.5,train,labeled,78,0:2;1:31;2:43;3:2,bbox:6;polygon:72,58fee6673af3637919348824150cb5648e23738760ce6d984659d788cbfa5c85
66194df59c3f61d054021918257313ead0af04b0da7dde3f1bad043174dba6e7,train/images/YTDown-com_YouTube_Rush-Hour-Traffic-with-motorcycle-in-Ho-_Media_1ZupwFOhjl4_001_1080p_frame_00022_jpg.rf.ed6a365a356273eec1e14729f5492da1.jpg,train/labels/YTDown-com_YouTube_Rush-Hour-Traffic-with-motorcycle-in-Ho-_Media_1ZupwFOhjl4_001_1080p_frame_00022_jpg.rf.ed6a365a356273eec1e14729f5492da1.txt,YTDown-com_YouTube_Rush-Hour-Traffic-with-motorcycle-in-Ho-_Media_1ZupwFOhjl4_001_1080p,22,11.0,train,labeled,84,0:2;1:33;2:46;3:3,bbox:3;polygon:81,66194df59c3f61d054021918257313ead0af04b0da7dde3f1bad043174dba6e7
d8122844aa59ed0ff6247be87a7ebabe4a4157aa71270d551f69c32921e2727b,train/images/YTDown-com_YouTube_Rush-Hour-Traffic-with-motorcycle-in-Ho-_Media_1ZupwFOhjl4_001_1080p_frame_00023_jpg.rf.153f5f4a8d3e03040f50e7fd402b19ac.jpg,train/labels/YTDown-com_YouTube_Rush-Hour-Traffic-with-motorcycle-in-Ho-_Media_1ZupwFOhjl4_001_1080p_frame_00023_jpg.rf.153f5f4a8d3e03040f50e7fd402b19ac.txt,YTDown-com_YouTube_Rush-Hour-Traffic-with-motorcycle-in-Ho-_Media_1ZupwFOhjl4_001_1080p,23,11.5,train,labeled,81,0:2;1:34;2:43;3:2,bbox:6;polygon:75,d8122844aa59ed0ff6247be87a7ebabe4a4157aa71270d551f69c32921e2727b
d66141dfe34196c8ab08788f36412a49963586cd580ce6c93aeb392b401f9043,train/images/YTDown-com_YouTube_Rush-Hour-Traffic-with-motorcycle-in-Ho-_Media_1ZupwFOhjl4_001_1080p_frame_00024_jpg.rf.2b3d930e9c2e1803d7a7aa913c2e0b6f.jpg,train/labels/YTDown-com_YouTube_Rush-Hour-Traffic-with-motorcycle-in-Ho-_Media_1ZupwFOhjl4_001_1080p_frame_00024_jpg.rf.2b3d930e9c2e1803d7a7aa913c2e0b6f.txt,YTDown-com_YouTube_Rush-Hour-Traffic-with-motorcycle-in-Ho-_Media_1ZupwFOhjl4_001_1080p,24,12.0,train,labeled,77,0:2;1:33;2:39;3:3,bbox:6;polygon:71,d66141dfe34196c8ab08788f36412a49963586cd580ce6c93aeb392b401f9043
ff0990afb5e0508f54a2b68f20afac49c47f81d38716ebcd4d92e80b367624c5,train/images/YTDown-com_YouTube_Rush-Hour-Traffic-with-motorcycle-in-Ho-_Media_1ZupwFOhjl4_001_1080p_frame_00026_jpg.rf.a8b5b9eb2a3a579e524f7c8b404e95b5.jpg,train/labels/YTDown-com_YouTube_Rush-Hour-Traffic-with-motorcycle-in-Ho-_Media_1ZupwFOhjl4_001_1080p_frame_00026_jpg.rf.a8b5b9eb2a3a579e524f7c8b404e95b5.txt,YTDown-com_YouTube_Rush-Hour-Traffic-with-motorcycle-in-Ho-_Media_1ZupwFOhjl4_001_1080p,26,13.0,train,labeled,83,0:2;1:33;2:43;3:5,bbox:4;polygon:79,ff0990afb5e0508f54a2b68f20afac49c47f81d38716ebcd4d92e80b367624c5
993d0e46e9b36ee5475b163fa6c2b60e235c04fe01081a3751963ba8c937dec7,train/images/YTDown-com_YouTube_Rush-Hour-Traffic-with-motorcycle-in-Ho-_Media_1ZupwFOhjl4_001_1080p_frame_00027_jpg.rf.c39271cb40b18b95492f3726d811ade8.jpg,train/labels/YTDown-com_YouTube_Rush-Hour-Traffic-with-motorcycle-in-Ho-_Media_1ZupwFOhjl4_001_1080p_frame_00027_jpg.rf.c39271cb40b18b95492f3726d811ade8.txt,YTDown-com_YouTube_Rush-Hour-Traffic-with-motorcycle-in-Ho-_Media_1ZupwFOhjl4_001_1080p,27,13.5,train,labeled,82,0:3;1:32;2:44;3:3,bbox:4;polygon:78,993d0e46e9b36ee5475b163fa6c2b60e235c04fe01081a3751963ba8c937dec7
ffa1edc4ab32191c940297206ecac768eab94ec114942eca3bd2f5aa36bf0076,train/images/YTDown-com_YouTube_Rush-Hour-Traffic-with-motorcycle-in-Ho-_Media_1ZupwFOhjl4_001_1080p_frame_00028_jpg.rf.6ec9fae74b09afc83c505d22ee610062.jpg,train/labels/YTDown-com_YouTube_Rush-Hour-Traffic-with-motorcycle-in-Ho-_Media_1ZupwFOhjl4_001_1080p_frame_00028_jpg.rf.6ec9fae74b09afc83c505d22ee610062.txt,YTDown-com_YouTube_Rush-Hour-Traffic-with-motorcycle-in-Ho-_Media_1ZupwFOhjl4_001_1080p,28,14.0,train,labeled,73,0:2;1:31;2:37;3:3,bbox:3;polygon:70,ffa1edc4ab32191c940297206ecac768eab94ec114942eca3bd2f5aa36bf0076
4d9e7450764f08be1c50c00a0ade83e2484bfcdc58321e96143f9679af353f74,train/images/YTDown-com_YouTube_Rush-Hour-Traffic-with-motorcycle-in-Ho-_Media_1ZupwFOhjl4_001_1080p_frame_00029_jpg.rf.3c1068c689d3338b498db7560352ecf0.jpg,train/labels/YTDown-com_YouTube_Rush-Hour-Traffic-with-motorcycle-in-Ho-_Media_1ZupwFOhjl4_001_1080p_frame_00029_jpg.rf.3c1068c689d3338b498db7560352ecf0.txt,YTDown-com_YouTube_Rush-Hour-Traffic-with-motorcycle-in-Ho-_Media_1ZupwFOhjl4_001_1080p,29,14.5,train,labeled,72,0:2;1:31;2:38;3:1,bbox:5;polygon:67,4d9e7450764f08be1c50c00a0ade83e2484bfcdc58321e96143f9679af353f74
14b07aa186cfe5d80818a9977f9fa6bc0bb45a5003ce91fa97b96e0d95fe65ac,train/images/YTDown-com_YouTube_Rush-Hour-Traffic-with-motorcycle-in-Ho-_Media_1ZupwFOhjl4_001_1080p_frame_00031_jpg.rf.170a5a26f12be5b56e87594889d07eec.jpg,train/labels/YTDown-com_YouTube_Rush-Hour-Traffic-with-motorcycle-in-Ho-_Media_1ZupwFOhjl4_001_1080p_frame_00031_jpg.rf.170a5a26f12be5b56e87594889d07eec.txt,YTDown-com_YouTube_Rush-Hour-Traffic-with-motorcycle-in-Ho-_Media_1ZupwFOhjl4_001_1080p,31,15.5,train,labeled,84,0:4;1:30;2:47;3:3,bbox:3;polygon:81,14b07aa186cfe5d80818a9977f9fa6bc0bb45a5003ce91fa97b96e0d95fe65ac
753571946e2e04f172a001676db437db3792f48ddc2d5de5c10acd5ecebfb1b2,train/images/YTDown-com_YouTube_Rush-Hour-Traffic-with-motorcycle-in-Ho-_Media_1ZupwFOhjl4_001_1080p_frame_00033_jpg.rf.db84fa1d17b93f4edd97bf2d02a838ba.jpg,train/labels/YTDown-com_YouTube_Rush-Hour-Traffic-with-motorcycle-in-Ho-_Media_1ZupwFOhjl4_001_1080p_frame_00033_jpg.rf.db84fa1d17b93f4edd97bf2d02a838ba.txt,YTDown-com_YouTube_Rush-Hour-Traffic-with-motorcycle-in-Ho-_Media_1ZupwFOhjl4_001_1080p,33,16.5,train,labeled,75,0:1;1:26;2:46;3:2,bbox:2;polygon:73,753571946e2e04f172a001676db437db3792f48ddc2d5de5c10acd5ecebfb1b2
e74ff0b4d0100ac2866000147b72e75bd01fa2e636a98168f23f3dc02e2dd699,train/images/YTDown-com_YouTube_Rush-Hour-Traffic-with-motorcycle-in-Ho-_Media_1ZupwFOhjl4_001_1080p_frame_00034_jpg.rf.214b77b8111c9f1d7b0a44baeaa88d13.jpg,train/labels/YTDown-com_YouTube_Rush-Hour-Traffic-with-motorcycle-in-Ho-_Media_1ZupwFOhjl4_001_1080p_frame_00034_jpg.rf.214b77b8111c9f1d7b0a44baeaa88d13.txt,YTDown-com_YouTube_Rush-Hour-Traffic-with-motorcycle-in-Ho-_Media_1ZupwFOhjl4_001_1080p,34,17.0,train,labeled,83,0:2;1:28;2:49;3:4,bbox:3;polygon:80,e74ff0b4d0100ac2866000147b72e75bd01fa2e636a98168f23f3dc02e2dd699
59fa73f2125f4f60f903960a0daac89dcc3a2c5f5f858e45829a672234ac1fcd,train/images/YTDown-com_YouTube_Rush-Hour-Traffic-with-motorcycle-in-Ho-_Media_1ZupwFOhjl4_001_1080p_frame_00035_jpg.rf.97940d4ccb7e6d7213d3064bbe2cfd1a.jpg,train/labels/YTDown-com_YouTube_Rush-Hour-Traffic-with-motorcycle-in-Ho-_Media_1ZupwFOhjl4_001_1080p_frame_00035_jpg.rf.97940d4ccb7e6d7213d3064bbe2cfd1a.txt,YTDown-com_YouTube_Rush-Hour-Traffic-with-motorcycle-in-Ho-_Media_1ZupwFOhjl4_001_1080p,35,17.5,train,labeled,80,0:3;1:30;2:43;3:4,bbox:6;polygon:74,59fa73f2125f4f60f903960a0daac89dcc3a2c5f5f858e45829a672234ac1fcd
a0bc42587cc85cd88a488604c4d024fa76edb1958ad8528e027af799eb92c25e,train/images/YTDown-com_YouTube_Rush-Hour-Traffic-with-motorcycle-in-Ho-_Media_1ZupwFOhjl4_001_1080p_frame_00036_jpg.rf.26de86cf6ed9f7fc47b064098f221413.jpg,train/labels/YTDown-com_YouTube_Rush-Hour-Traffic-with-motorcycle-in-Ho-_Media_1ZupwFOhjl4_001_1080p_frame_00036_jpg.rf.26de86cf6ed9f7fc47b064098f221413.txt,YTDown-com_YouTube_Rush-Hour-Traffic-with-motorcycle-in-Ho-_Media_1ZupwFOhjl4_001_1080p,36,18.0,train,labeled,82,0:2;1:30;2:46;3:4,bbox:4;polygon:78,a0bc42587cc85cd88a488604c4d024fa76edb1958ad8528e027af799eb92c25e
28ed79023f4937d86aeb9e6eb79b6f4712b383b18a52de04bfe831b691f3cdc0,train/images/YTDown-com_YouTube_Rush-Hour-Traffic-with-motorcycle-in-Ho-_Media_1ZupwFOhjl4_001_1080p_frame_00037_jpg.rf.83987e40bd81b5a84cce946d6638e9a5.jpg,train/labels/YTDown-com_YouTube_Rush-Hour-Traffic-with-motorcycle-in-Ho-_Media_1ZupwFOhjl4_001_1080p_frame_00037_jpg.rf.83987e40bd81b5a84cce946d6638e9a5.txt,YTDown-com_YouTube_Rush-Hour-Traffic-with-motorcycle-in-Ho-_Media_1ZupwFOhjl4_001_1080p,37,18.5,train,labeled,87,0:4;1:28;2:51;3:4,bbox:5;polygon:82,28ed79023f4937d86aeb9e6eb79b6f4712b383b18a52de04bfe831b691f3cdc0
108bbc43116bc998266b98b94218e2e6c8194e290455665b01f4c5406355a710,train/images/YTDown-com_YouTube_Rush-Hour-Traffic-with-motorcycle-in-Ho-_Media_1ZupwFOhjl4_001_1080p_frame_00038_jpg.rf.a6a64fe5b5683a59004bb42f5147f4a5.jpg,train/labels/YTDown-com_YouTube_Rush-Hour-Traffic-with-motorcycle-in-Ho-_Media_1ZupwFOhjl4_001_1080p_frame_00038_jpg.rf.a6a64fe5b5683a59004bb42f5147f4a5.txt,YTDown-com_YouTube_Rush-Hour-Traffic-with-motorcycle-in-Ho-_Media_1ZupwFOhjl4_001_1080p,38,19.0,train,labeled,86,0:2;1:29;2:51;3:4,bbox:11;polygon:75,108bbc43116bc998266b98b94218e2e6c8194e290455665b01f4c5406355a710
13dc9a8d56c3572742bfacd90685106b8fa15ef8b13d56a0d904c52c9f2b3258,train/images/YTDown-com_YouTube_Rush-Hour-Traffic-with-motorcycle-in-Ho-_Media_1ZupwFOhjl4_001_1080p_frame_00039_jpg.rf.1a89a77030153be4eb4811f864da4cac.jpg,train/labels/YTDown-com_YouTube_Rush-Hour-Traffic-with-motorcycle-in-Ho-_Media_1ZupwFOhjl4_001_1080p_frame_00039_jpg.rf.1a89a77030153be4eb4811f864da4cac.txt,YTDown-com_YouTube_Rush-Hour-Traffic-with-motorcycle-in-Ho-_Media_1ZupwFOhjl4_001_1080p,39,19.5,train,labeled,85,0:2;1:31;2:50;3:2,bbox:6;polygon:79,13dc9a8d56c3572742bfacd90685106b8fa15ef8b13d56a0d904c52c9f2b3258
29df64ab558732239916e8b7bbd03b25885c84b5b1a95004401f022d6d2b6283,train/images/YTDown-com_YouTube_Rush-Hour-Traffic-with-motorcycle-in-Ho-_Media_1ZupwFOhjl4_001_1080p_frame_00041_jpg.rf.6401afeba646fdc25b32d3d74549476e.jpg,train/labels/YTDown-com_YouTube_Rush-Hour-Traffic-with-motorcycle-in-Ho-_Media_1ZupwFOhjl4_001_1080p_frame_00041_jpg.rf.6401afeba646fdc25b32d3d74549476e.txt,YTDown-com_YouTube_Rush-Hour-Traffic-with-motorcycle-in-Ho-_Media_1ZupwFOhjl4_001_1080p,41,20.5,train,labeled,97,0:2;1:34;2:57;3:4,bbox:1;polygon:96,29df64ab558732239916e8b7bbd03b25885c84b5b1a95004401f022d6d2b6283
7e5bd5bbc0e6753c53e204ce63a02a55ad1e94319dbf1341eb4d579ceb47b3cf,train/images/YTDown-com_YouTube_Rush-Hour-Traffic-with-motorcycle-in-Ho-_Media_1ZupwFOhjl4_001_1080p_frame_00043_jpg.rf.fba0e39a555197583476636fc345f869.jpg,train/labels/YTDown-com_YouTube_Rush-Hour-Traffic-with-motorcycle-in-Ho-_Media_1ZupwFOhjl4_001_1080p_frame_00043_jpg.rf.fba0e39a555197583476636fc345f869.txt,YTDown-com_YouTube_Rush-Hour-Traffic-with-motorcycle-in-Ho-_Media_1ZupwFOhjl4_001_1080p,43,21.5,train,labeled,88,0:2;1:29;2:55;3:2,bbox:8;polygon:80,7e5bd5bbc0e6753c53e204ce63a02a55ad1e94319dbf1341eb4d579ceb47b3cf
653071b88b0b46c5c1d64f02c13bc41ec53859c19af46322cc0d1ca52788396c,train/images/YTDown-com_YouTube_Rush-Hour-Traffic-with-motorcycle-in-Ho-_Media_1ZupwFOhjl4_001_1080p_frame_00045_jpg.rf.7fc97c9132a0198258983ab7728dbbf2.jpg,train/labels/YTDown-com_YouTube_Rush-Hour-Traffic-with-motorcycle-in-Ho-_Media_1ZupwFOhjl4_001_1080p_frame_00045_jpg.rf.7fc97c9132a0198258983ab7728dbbf2.txt,YTDown-com_YouTube_Rush-Hour-Traffic-with-motorcycle-in-Ho-_Media_1ZupwFOhjl4_001_1080p,45,22.5,train,labeled,80,0:1;1:28;2:49;3:2,bbox:6;polygon:74,653071b88b0b46c5c1d64f02c13bc41ec53859c19af46322cc0d1ca52788396c
74ffe3ac70a0c0feb5bddd7e40e3e3394a771625de0d8891aa506b26fa74b92a,train/images/YTDown-com_YouTube_Rush-Hour-Traffic-with-motorcycle-in-Ho-_Media_1ZupwFOhjl4_001_1080p_frame_00047_jpg.rf.5e817fdd30d5d20fc3357f19746bc0f7.jpg,train/labels/YTDown-com_YouTube_Rush-Hour-Traffic-with-motorcycle-in-Ho-_Media_1ZupwFOhjl4_001_1080p_frame_00047_jpg.rf.5e817fdd30d5d20fc3357f19746bc0f7.txt,YTDown-com_YouTube_Rush-Hour-Traffic-with-motorcycle-in-Ho-_Media_1ZupwFOhjl4_001_1080p,47,23.5,train,labeled,79,0:3;1:29;2:45;3:2,bbox:7;polygon:72,74ffe3ac70a0c0feb5bddd7e40e3e3394a771625de0d8891aa506b26fa74b92a
522e74c8ea148aa48d38803fe9f1c7ed0e0cdeabe3fce69d63267daf9bdda51c,train/images/YTDown-com_YouTube_Rush-Hour-Traffic-with-motorcycle-in-Ho-_Media_1ZupwFOhjl4_001_1080p_frame_00048_jpg.rf.304aa24057ae8cc26784c33f323ae7b0.jpg,train/labels/YTDown-com_YouTube_Rush-Hour-Traffic-with-motorcycle-in-Ho-_Media_1ZupwFOhjl4_001_1080p_frame_00048_jpg.rf.304aa24057ae8cc26784c33f323ae7b0.txt,YTDown-com_YouTube_Rush-Hour-Traffic-with-motorcycle-in-Ho-_Media_1ZupwFOhjl4_001_1080p,48,24.0,train,labeled,71,0:3;1:27;2:40;3:1,bbox:3;polygon:68,522e74c8ea148aa48d38803fe9f1c7ed0e0cdeabe3fce69d63267daf9bdda51c
226a9e8230f92cdd450c0c382bb897bab63edc3f74a94d53f57fb4b3d0758acb,train/images/YTDown-com_YouTube_Rush-Hour-Traffic-with-motorcycle-in-Ho-_Media_1ZupwFOhjl4_001_1080p_frame_00049_jpg.rf.1a4669f38b13de1c5c54e2d54a57b0dd.jpg,train/labels/YTDown-com_YouTube_Rush-Hour-Traffic-with-motorcycle-in-Ho-_Media_1ZupwFOhjl4_001_1080p_frame_00049_jpg.rf.1a4669f38b13de1c5c54e2d54a57b0dd.txt,YTDown-com_YouTube_Rush-Hour-Traffic-with-motorcycle-in-Ho-_Media_1ZupwFOhjl4_001_1080p,49,24.5,train,labeled,81,0:3;1:27;2:49;3:2,bbox:5;polygon:76,226a9e8230f92cdd450c0c382bb897bab63edc3f74a94d53f57fb4b3d0758acb
870f5b12bbc56f9738c76fcd2b229c27307350d230dfe23442259598fc39fb99,train/images/YTDown-com_YouTube_Rush-Hour-Traffic-with-motorcycle-in-Ho-_Media_1ZupwFOhjl4_001_1080p_frame_00050_jpg.rf.e4d987c1f49d7150da1e2e5c28358689.jpg,train/labels/YTDown-com_YouTube_Rush-Hour-Traffic-with-motorcycle-in-Ho-_Media_1ZupwFOhjl4_001_1080p_frame_00050_jpg.rf.e4d987c1f49d7150da1e2e5c28358689.txt,YTDown-com_YouTube_Rush-Hour-Traffic-with-motorcycle-in-Ho-_Media_1ZupwFOhjl4_001_1080p,50,25.0,train,labeled,76,0:2;1:27;2:44;3:3,bbox:5;polygon:71,870f5b12bbc56f9738c76fcd2b229c27307350d230dfe23442259598fc39fb99
f54c93c81b9faaefe004f660c736aee29713fedbe056d7a8e9c143706ab71297,train/images/YTDown-com_YouTube_Rush-Hour-Traffic-with-motorcycle-in-Ho-_Media_1ZupwFOhjl4_001_1080p_frame_00053_jpg.rf.0332a7f41b8bb51966856cf36addcbb6.jpg,train/labels/YTDown-com_YouTube_Rush-Hour-Traffic-with-motorcycle-in-Ho-_Media_1ZupwFOhjl4_001_1080p_frame_00053_jpg.rf.0332a7f41b8bb51966856cf36addcbb6.txt,YTDown-com_YouTube_Rush-Hour-Traffic-with-motorcycle-in-Ho-_Media_1ZupwFOhjl4_001_1080p,53,26.5,train,labeled,72,0:3;1:26;2:41;3:2,bbox:7;polygon:65,f54c93c81b9faaefe004f660c736aee29713fedbe056d7a8e9c143706ab71297
9523ee8f5a3cf4af3a469afb5355e72fc67e407d0257f30107525b6b39862112,train/images/YTDown-com_YouTube_Rush-Hour-Traffic-with-motorcycle-in-Ho-_Media_1ZupwFOhjl4_001_1080p_frame_00054_jpg.rf.0829c350fb9a1c499cf1f369a48e63fd.jpg,train/labels/YTDown-com_YouTube_Rush-Hour-Traffic-with-motorcycle-in-Ho-_Media_1ZupwFOhjl4_001_1080p_frame_00054_jpg.rf.0829c350fb9a1c499cf1f369a48e63fd.txt,YTDown-com_YouTube_Rush-Hour-Traffic-with-motorcycle-in-Ho-_Media_1ZupwFOhjl4_001_1080p,54,27.0,train,labeled,70,0:3;1:26;2:41,bbox:5;polygon:65,9523ee8f5a3cf4af3a469afb5355e72fc67e407d0257f30107525b6b39862112
d2a9914114d5f4af3f88615f86f6b9d92aae374c75d019edaf2630378c894c38,train/images/YTDown-com_YouTube_Rush-Hour-Traffic-with-motorcycle-in-Ho-_Media_1ZupwFOhjl4_001_1080p_frame_00057_jpg.rf.f920cae201845784d9e54f82e56e2f8d.jpg,train/labels/YTDown-com_YouTube_Rush-Hour-Traffic-with-motorcycle-in-Ho-_Media_1ZupwFOhjl4_001_1080p_frame_00057_jpg.rf.f920cae201845784d9e54f82e56e2f8d.txt,YTDown-com_YouTube_Rush-Hour-Traffic-with-motorcycle-in-Ho-_Media_1ZupwFOhjl4_001_1080p,57,28.5,train,labeled,66,0:3;1:24;2:37;3:2,bbox:5;polygon:61,d2a9914114d5f4af3f88615f86f6b9d92aae374c75d019edaf2630378c894c38
d22dcfff6bd0011c55a45effc3fb773333000c812a17d63d924d9d9170aff0a6,train/images/YTDown-com_YouTube_Rush-Hour-Traffic-with-motorcycle-in-Ho-_Media_1ZupwFOhjl4_001_1080p_frame_00058_jpg.rf.8d71392479bc99bd8337d4afa721c594.jpg,train/labels/YTDown-com_YouTube_Rush-Hour-Traffic-with-motorcycle-in-Ho-_Media_1ZupwFOhjl4_001_1080p_frame_00058_jpg.rf.8d71392479bc99bd8337d4afa721c594.txt,YTDown-com_YouTube_Rush-Hour-Traffic-with-motorcycle-in-Ho-_Media_1ZupwFOhjl4_001_1080p,58,29.0,train,labeled,71,0:3;1:23;2:44;3:1,bbox:4;polygon:67,d22dcfff6bd0011c55a45effc3fb773333000c812a17d63d924d9d9170aff0a6
b7aca3d1c78cf79afaac6b9753c65b83ce8681b46f29105a223d195b560337cc,train/images/YTDown-com_YouTube_Rush-Hour-Traffic-with-motorcycle-in-Ho-_Media_1ZupwFOhjl4_001_1080p_frame_00059_jpg.rf.25e1ff310d21e818faf36b62003d5a20.jpg,train/labels/YTDown-com_YouTube_Rush-Hour-Traffic-with-motorcycle-in-Ho-_Media_1ZupwFOhjl4_001_1080p_frame_00059_jpg.rf.25e1ff310d21e818faf36b62003d5a20.txt,YTDown-com_YouTube_Rush-Hour-Traffic-with-motorcycle-in-Ho-_Media_1ZupwFOhjl4_001_1080p,59,29.5,train,labeled,67,0:2;1:23;2:42,bbox:3;polygon:64,b7aca3d1c78cf79afaac6b9753c65b83ce8681b46f29105a223d195b560337cc
e0f2e43660d44b4d7f5333a142848eb0c494fb68bb8685e0d64e092f54907c5c,train/images/YTDown-com_YouTube_Rush-Hour-Traffic-with-motorcycle-in-Ho-_Media_1ZupwFOhjl4_001_1080p_frame_00060_jpg.rf.0c609c4d94de4b4dc6dfc5cb793c33cb.jpg,train/labels/YTDown-com_YouTube_Rush-Hour-Traffic-with-motorcycle-in-Ho-_Media_1ZupwFOhjl4_001_1080p_frame_00060_jpg.rf.0c609c4d94de4b4dc6dfc5cb793c33cb.txt,YTDown-com_YouTube_Rush-Hour-Traffic-with-motorcycle-in-Ho-_Media_1ZupwFOhjl4_001_1080p,60,30.0,train,labeled,63,0:2;1:22;2:39,bbox:4;polygon:59,e0f2e43660d44b4d7f5333a142848eb0c494fb68bb8685e0d64e092f54907c5c
3de55d0f0e2d741ed2ef1753c02fd9603667f7ef596c341ae661e0e3fabd551e,train/images/YTDown-com_YouTube_Rush-Hour-Traffic-with-motorcycle-in-Ho-_Media_1ZupwFOhjl4_001_1080p_frame_00062_jpg.rf.b4127148432f808a8ce938aa3ea8e1f8.jpg,train/labels/YTDown-com_YouTube_Rush-Hour-Traffic-with-motorcycle-in-Ho-_Media_1ZupwFOhjl4_001_1080p_frame_00062_jpg.rf.b4127148432f808a8ce938aa3ea8e1f8.txt,YTDown-com_YouTube_Rush-Hour-Traffic-with-motorcycle-in-Ho-_Media_1ZupwFOhjl4_001_1080p,62,31.0,train,labeled,67,0:2;1:22;2:42;3:1,bbox:2;polygon:65,3de55d0f0e2d741ed2ef1753c02fd9603667f7ef596c341ae661e0e3fabd551e
217d0811bb95bcc38017d7050ff48faa4b46afdb020fa099a575c44d69c9d725,train/images/YTDown-com_YouTube_Rush-Hour-Traffic-with-motorcycle-in-Ho-_Media_1ZupwFOhjl4_001_1080p_frame_00064_jpg.rf.b6d62573ad2bdc6d0bda238c9179e4bc.jpg,train/labels/YTDown-com_YouTube_Rush-Hour-Traffic-with-motorcycle-in-Ho-_Media_1ZupwFOhjl4_001_1080p_frame_00064_jpg.rf.b6d62573ad2bdc6d0bda238c9179e4bc.txt,YTDown-com_YouTube_Rush-Hour-Traffic-with-motorcycle-in-Ho-_Media_1ZupwFOhjl4_001_1080p,64,32.0,train,labeled,68,0:2;1:21;2:42;3:3,bbox:2;polygon:66,217d0811bb95bcc38017d7050ff48faa4b46afdb020fa099a575c44d69c9d725
82eb308cb7e7cd5a6789a3d95fa99390c42ddc136215c39a420c3faacadaa108,train/images/YTDown-com_YouTube_Rush-Hour-Traffic-with-motorcycle-in-Ho-_Media_1ZupwFOhjl4_001_1080p_frame_00065_jpg.rf.5551c1f42f1a02e86b09f73b62080dfa.jpg,train/labels/YTDown-com_YouTube_Rush-Hour-Traffic-with-motorcycle-in-Ho-_Media_1ZupwFOhjl4_001_1080p_frame_00065_jpg.rf.5551c1f42f1a02e86b09f73b62080dfa.txt,YTDown-com_YouTube_Rush-Hour-Traffic-with-motorcycle-in-Ho-_Media_1ZupwFOhjl4_001_1080p,65,32.5,train,labeled,66,0:2;1:22;2:40;3:2,bbox:5;polygon:61,82eb308cb7e7cd5a6789a3d95fa99390c42ddc136215c39a420c3faacadaa108
2eab58317cd61abdc9c7ef904fbc8932c88e7c7409d3954e8088f40de69fc74c,train/images/YTDown-com_YouTube_Rush-Hour-Traffic-with-motorcycle-in-Ho-_Media_1ZupwFOhjl4_001_1080p_frame_00066_jpg.rf.0a33ae2567f829bfce4ca5fbf9408af0.jpg,train/labels/YTDown-com_YouTube_Rush-Hour-Traffic-with-motorcycle-in-Ho-_Media_1ZupwFOhjl4_001_1080p_frame_00066_jpg.rf.0a33ae2567f829bfce4ca5fbf9408af0.txt,YTDown-com_YouTube_Rush-Hour-Traffic-with-motorcycle-in-Ho-_Media_1ZupwFOhjl4_001_1080p,66,33.0,train,labeled,73,0:3;1:19;2:49;3:2,bbox:6;polygon:67,2eab58317cd61abdc9c7ef904fbc8932c88e7c7409d3954e8088f40de69fc74c
16f2fdf09b0934333b159417eee4baf933cddb917d30447a022139a3c133869d,train/images/YTDown-com_YouTube_Rush-Hour-Traffic-with-motorcycle-in-Ho-_Media_1ZupwFOhjl4_001_1080p_frame_00067_jpg.rf.58ab4f48594e6e4764f86139631d8223.jpg,train/labels/YTDown-com_YouTube_Rush-Hour-Traffic-with-motorcycle-in-Ho-_Media_1ZupwFOhjl4_001_1080p_frame_00067_jpg.rf.58ab4f48594e6e4764f86139631d8223.txt,YTDown-com_YouTube_Rush-Hour-Traffic-with-motorcycle-in-Ho-_Media_1ZupwFOhjl4_001_1080p,67,33.5,train,labeled,73,0:2;1:21;2:48;3:2,bbox:5;polygon:68,16f2fdf09b0934333b159417eee4baf933cddb917d30447a022139a3c133869d
0e3edd9828e7f327d4d6faa7f719a01b593bab4aa3fc1db4b231ed67f2a2aa46,train/images/YTDown-com_YouTube_Rush-Hour-Traffic-with-motorcycle-in-Ho-_Media_1ZupwFOhjl4_001_1080p_frame_00068_jpg.rf.e6e5dfd5293dc2499b5a6e979e4b3321.jpg,train/labels/YTDown-com_YouTube_Rush-Hour-Traffic-with-motorcycle-in-Ho-_Media_1ZupwFOhjl4_001_1080p_frame_00068_jpg.rf.e6e5dfd5293dc2499b5a6e979e4b3321.txt,YTDown-com_YouTube_Rush-Hour-Traffic-with-motorcycle-in-Ho-_Media_1ZupwFOhjl4_001_1080p,68,34.0,train,labeled,67,0:2;1:21;2:43;3:1,polygon:67,0e3edd9828e7f327d4d6faa7f719a01b593bab4aa3fc1db4b231ed67f2a2aa46
d467338d9eade09c3b70d63fca374b3dbf3ef16324f4318a64b5caf6c9d712cc,train/images/YTDown-com_YouTube_Rush-Hour-Traffic-with-motorcycle-in-Ho-_Media_1ZupwFOhjl4_001_1080p_frame_00070_jpg.rf.2db20eb775de7908e023727e31074146.jpg,train/labels/YTDown-com_YouTube_Rush-Hour-Traffic-with-motorcycle-in-Ho-_Media_1ZupwFOhjl4_001_1080p_frame_00070_jpg.rf.2db20eb775de7908e023727e31074146.txt,YTDown-com_YouTube_Rush-Hour-Traffic-with-motorcycle-in-Ho-_Media_1ZupwFOhjl4_001_1080p,70,35.0,train,labeled,66,0:4;1:18;2:42;3:2,bbox:6;polygon:60,d467338d9eade09c3b70d63fca374b3dbf3ef16324f4318a64b5caf6c9d712cc
b37a1d446773bfa479dd51b8d181ee98ebbb7be5fa465db895db2188d6dbbb03,train/images/YTDown-com_YouTube_Rush-Hour-Traffic-with-motorcycle-in-Ho-_Media_1ZupwFOhjl4_001_1080p_frame_00073_jpg.rf.724eeb26fbcaf390dd481300ce440538.jpg,train/labels/YTDown-com_YouTube_Rush-Hour-Traffic-with-motorcycle-in-Ho-_Media_1ZupwFOhjl4_001_1080p_frame_00073_jpg.rf.724eeb26fbcaf390dd481300ce440538.txt,YTDown-com_YouTube_Rush-Hour-Traffic-with-motorcycle-in-Ho-_Media_1ZupwFOhjl4_001_1080p,73,36.5,train,labeled,60,0:3;1:20;2:36;3:1,bbox:9;polygon:51,b37a1d446773bfa479dd51b8d181ee98ebbb7be5fa465db895db2188d6dbbb03
a50a61f5d804141bdbf870dfb3dc68db2c13903048a9d3d9e7a608d1d7c5bd4d,train/images/YTDown-com_YouTube_Rush-Hour-Traffic-with-motorcycle-in-Ho-_Media_1ZupwFOhjl4_001_1080p_frame_00074_jpg.rf.1693a97ff8c73e5b8f56b6eb919847b1.jpg,train/labels/YTDown-com_YouTube_Rush-Hour-Traffic-with-motorcycle-in-Ho-_Media_1ZupwFOhjl4_001_1080p_frame_00074_jpg.rf.1693a97ff8c73e5b8f56b6eb919847b1.txt,YTDown-com_YouTube_Rush-Hour-Traffic-with-motorcycle-in-Ho-_Media_1ZupwFOhjl4_001_1080p,74,37.0,train,labeled,60,0:3;1:20;2:36;3:1,bbox:3;polygon:57,a50a61f5d804141bdbf870dfb3dc68db2c13903048a9d3d9e7a608d1d7c5bd4d
ada69b38eed6d7e83f17f528ea3fb7391ca9b236ebb5b92e0ed524f8c4349ea3,train/images/YTDown-com_YouTube_Rush-Hour-Traffic-with-motorcycle-in-Ho-_Media_1ZupwFOhjl4_001_1080p_frame_00075_jpg.rf.51ff5444b4896cfea4980084edaa2383.jpg,train/labels/YTDown-com_YouTube_Rush-Hour-Traffic-with-motorcycle-in-Ho-_Media_1ZupwFOhjl4_001_1080p_frame_00075_jpg.rf.51ff5444b4896cfea4980084edaa2383.txt,YTDown-com_YouTube_Rush-Hour-Traffic-with-motorcycle-in-Ho-_Media_1ZupwFOhjl4_001_1080p,75,37.5,train,labeled,56,0:4;1:18;2:33;3:1,bbox:1;polygon:55,ada69b38eed6d7e83f17f528ea3fb7391ca9b236ebb5b92e0ed524f8c4349ea3
936dbc10147797c73a2706fdd0494303369fb8ba8cde8c97b76c90888bbdad4e,train/images/YTDown-com_YouTube_Rush-Hour-Traffic-with-motorcycle-in-Ho-_Media_1ZupwFOhjl4_001_1080p_frame_00077_jpg.rf.f12579d4e51a967dba938eaccc3e1c84.jpg,train/labels/YTDown-com_YouTube_Rush-Hour-Traffic-with-motorcycle-in-Ho-_Media_1ZupwFOhjl4_001_1080p_frame_00077_jpg.rf.f12579d4e51a967dba938eaccc3e1c84.txt,YTDown-com_YouTube_Rush-Hour-Traffic-with-motorcycle-in-Ho-_Media_1ZupwFOhjl4_001_1080p,77,38.5,train,labeled,61,0:3;1:18;2:38;3:2,bbox:2;polygon:59,936dbc10147797c73a2706fdd0494303369fb8ba8cde8c97b76c90888bbdad4e
95526f2a51a99915382fa749f71ca2e5df68b2ef1812541ddf4fd16d522ef400,train/images/YTDown-com_YouTube_Rush-Hour-Traffic-with-motorcycle-in-Ho-_Media_1ZupwFOhjl4_001_1080p_frame_00078_jpg.rf.fee8a78e2ab7dab78879e4c3bff7689a.jpg,train/labels/YTDown-com_YouTube_Rush-Hour-Traffic-with-motorcycle-in-Ho-_Media_1ZupwFOhjl4_001_1080p_frame_00078_jpg.rf.fee8a78e2ab7dab78879e4c3bff7689a.txt,YTDown-com_YouTube_Rush-Hour-Traffic-with-motorcycle-in-Ho-_Media_1ZupwFOhjl4_001_1080p,78,39.0,train,labeled,62,0:3;1:17;2:41;3:1,bbox:2;polygon:60,95526f2a51a99915382fa749f71ca2e5df68b2ef1812541ddf4fd16d522ef400
2b9b39cb48a1c842f3778ddb3288822706e7b8c6a7149554a111bd5a206aa9a3,train/images/YTDown-com_YouTube_Rush-Hour-Traffic-with-motorcycle-in-Ho-_Media_1ZupwFOhjl4_001_1080p_frame_00079_jpg.rf.3a127c7b26ec9bd8cdc68cc644c22b2c.jpg,train/labels/YTDown-com_YouTube_Rush-Hour-Traffic-with-motorcycle-in-Ho-_Media_1ZupwFOhjl4_001_1080p_frame_00079_jpg.rf.3a127c7b26ec9bd8cdc68cc644c22b2c.txt,YTDown-com_YouTube_Rush-Hour-Traffic-with-motorcycle-in-Ho-_Media_1ZupwFOhjl4_001_1080p,79,39.5,train,labeled,63,0:3;1:18;2:40;3:2,bbox:7;polygon:56,2b9b39cb48a1c842f3778ddb3288822706e7b8c6a7149554a111bd5a206aa9a3
810dda6477c242cdb63bff463cb7ad58642d1ef6a120bed65b2dda8a7bec83da,train/images/YTDown-com_YouTube_Rush-Hour-Traffic-with-motorcycle-in-Ho-_Media_1ZupwFOhjl4_001_1080p_frame_00080_jpg.rf.b3edc65f03c99b7cde2195eceaf70c21.jpg,train/labels/YTDown-com_YouTube_Rush-Hour-Traffic-with-motorcycle-in-Ho-_Media_1ZupwFOhjl4_001_1080p_frame_00080_jpg.rf.b3edc65f03c99b7cde2195eceaf70c21.txt,YTDown-com_YouTube_Rush-Hour-Traffic-with-motorcycle-in-Ho-_Media_1ZupwFOhjl4_001_1080p,80,40.0,train,labeled,53,0:2;1:15;2:34;3:2,polygon:53,810dda6477c242cdb63bff463cb7ad58642d1ef6a120bed65b2dda8a7bec83da
4afa963e78fcb70caa4d6fc236c0377146dc4d05a55a39db7ddba48c8adb2c59,train/images/YTDown-com_YouTube_Rush-Hour-Traffic-with-motorcycle-in-Ho-_Media_1ZupwFOhjl4_001_1080p_frame_00081_jpg.rf.7229ddc94b2ec1f750de82cb4bda116a.jpg,train/labels/YTDown-com_YouTube_Rush-Hour-Traffic-with-motorcycle-in-Ho-_Media_1ZupwFOhjl4_001_1080p_frame_00081_jpg.rf.7229ddc94b2ec1f750de82cb4bda116a.txt,YTDown-com_YouTube_Rush-Hour-Traffic-with-motorcycle-in-Ho-_Media_1ZupwFOhjl4_001_1080p,81,40.5,train,labeled,56,0:3;1:15;2:36;3:2,bbox:3;polygon:53,4afa963e78fcb70caa4d6fc236c0377146dc4d05a55a39db7ddba48c8adb2c59
5c7419c510cf640688930c38f68d435ac4fb3b3ee5c152e36f67ada6d13a5193,train/images/YTDown-com_YouTube_Rush-Hour-Traffic-with-motorcycle-in-Ho-_Media_1ZupwFOhjl4_001_1080p_frame_00084_jpg.rf.5e5a96aeefdd5f3e27bd4446fbbda805.jpg,train/labels/YTDown-com_YouTube_Rush-Hour-Traffic-with-motorcycle-in-Ho-_Media_1ZupwFOhjl4_001_1080p_frame_00084_jpg.rf.5e5a96aeefdd5f3e27bd4446fbbda805.txt,YTDown-com_YouTube_Rush-Hour-Traffic-with-motorcycle-in-Ho-_Media_1ZupwFOhjl4_001_1080p,84,42.0,train,labeled,54,0:3;1:16;2:34;3:1,bbox:1;polygon:53,5c7419c510cf640688930c38f68d435ac4fb3b3ee5c152e36f67ada6d13a5193
3ba9557a5b26dc11e0d1d2481f8c21c480e38a988f80ae8ccabba371636fc54d,train/images/YTDown-com_YouTube_Rush-Hour-Traffic-with-motorcycle-in-Ho-_Media_1ZupwFOhjl4_001_1080p_frame_00085_jpg.rf.a9075d08fc3ae512fedd1a4047e7acda.jpg,train/labels/YTDown-com_YouTube_Rush-Hour-Traffic-with-motorcycle-in-Ho-_Media_1ZupwFOhjl4_001_1080p_frame_00085_jpg.rf.a9075d08fc3ae512fedd1a4047e7acda.txt,YTDown-com_YouTube_Rush-Hour-Traffic-with-motorcycle-in-Ho-_Media_1ZupwFOhjl4_001_1080p,85,42.5,train,labeled,60,0:4;1:17;2:38;3:1,bbox:3;polygon:57,3ba9557a5b26dc11e0d1d2481f8c21c480e38a988f80ae8ccabba371636fc54d
d7972f993ed79b033b101783f6b58a2028ae18ed2a7aa8fa77b751f1c01edb8e,train/images/YTDown-com_YouTube_Rush-Hour-Traffic-with-motorcycle-in-Ho-_Media_1ZupwFOhjl4_001_1080p_frame_00086_jpg.rf.ab7c3a81dae33272aaddf05d69ed91e8.jpg,train/labels/YTDown-com_YouTube_Rush-Hour-Traffic-with-motorcycle-in-Ho-_Media_1ZupwFOhjl4_001_1080p_frame_00086_jpg.rf.ab7c3a81dae33272aaddf05d69ed91e8.txt,YTDown-com_YouTube_Rush-Hour-Traffic-with-motorcycle-in-Ho-_Media_1ZupwFOhjl4_001_1080p,86,43.0,train,labeled,60,0:3;1:18;2:37;3:2,bbox:4;polygon:56,d7972f993ed79b033b101783f6b58a2028ae18ed2a7aa8fa77b751f1c01edb8e
30cf780b274d169393f025a31c64081aa3a933957c21154623e6d5f2920e96ff,train/images/YTDown-com_YouTube_Rush-Hour-Traffic-with-motorcycle-in-Ho-_Media_1ZupwFOhjl4_001_1080p_frame_00088_jpg.rf.a888673d333f02665cb957b8f4457d0b.jpg,train/labels/YTDown-com_YouTube_Rush-Hour-Traffic-with-motorcycle-in-Ho-_Media_1ZupwFOhjl4_001_1080p_frame_00088_jpg.rf.a888673d333f02665cb957b8f4457d0b.txt,YTDown-com_YouTube_Rush-Hour-Traffic-with-motorcycle-in-Ho-_Media_1ZupwFOhjl4_001_1080p,88,44.0,train,labeled,57,0:3;1:13;2:38;3:2;4:1,bbox:1;polygon:56,30cf780b274d169393f025a31c64081aa3a933957c21154623e6d5f2920e96ff
72f185f57f2fee04b669f51527fb48ec0787f401b987fdea3ac18f499d4d7170,train/images/YTDown-com_YouTube_Rush-Hour-Traffic-with-motorcycle-in-Ho-_Media_1ZupwFOhjl4_001_1080p_frame_00090_jpg.rf.112c7ae8393c9e8fb0f868ebe8f82855.jpg,train/labels/YTDown-com_YouTube_Rush-Hour-Traffic-with-motorcycle-in-Ho-_Media_1ZupwFOhjl4_001_1080p_frame_00090_jpg.rf.112c7ae8393c9e8fb0f868ebe8f82855.txt,YTDown-com_YouTube_Rush-Hour-Traffic-with-motorcycle-in-Ho-_Media_1ZupwFOhjl4_001_1080p,90,45.0,train,labeled,59,0:3;1:16;2:38;3:1;4:1,bbox:4;polygon:55,72f185f57f2fee04b669f51527fb48ec0787f401b987fdea3ac18f499d4d7170
b8fb38eede904f2984fa2353af94bbf546fee7091767563c13ec6b9702a3d7fb,train/images/YTDown-com_YouTube_Rush-Hour-Traffic-with-motorcycle-in-Ho-_Media_1ZupwFOhjl4_001_1080p_frame_00094_jpg.rf.6ca4a34f714b0677965d3e7f868483f2.jpg,train/labels/YTDown-com_YouTube_Rush-Hour-Traffic-with-motorcycle-in-Ho-_Media_1ZupwFOhjl4_001_1080p_frame_00094_jpg.rf.6ca4a34f714b0677965d3e7f868483f2.txt,YTDown-com_YouTube_Rush-Hour-Traffic-with-motorcycle-in-Ho-_Media_1ZupwFOhjl4_001_1080p,94,47.0,train,labeled,57,0:3;1:13;2:39;3:1;4:1,bbox:5;polygon:52,b8fb38eede904f2984fa2353af94bbf546fee7091767563c13ec6b9702a3d7fb
e4a972154c047b0d7b7cc0bc97f5548699e6bd17b683002feb926dc60fe3e898,train/images/YTDown-com_YouTube_Rush-Hour-Traffic-with-motorcycle-in-Ho-_Media_1ZupwFOhjl4_001_1080p_frame_00097_jpg.rf.f2ee937034e21eba18ea89e787a5cbf8.jpg,train/labels/YTDown-com_YouTube_Rush-Hour-Traffic-with-motorcycle-in-Ho-_Media_1ZupwFOhjl4_001_1080p_frame_00097_jpg.rf.f2ee937034e21eba18ea89e787a5cbf8.txt,YTDown-com_YouTube_Rush-Hour-Traffic-with-motorcycle-in-Ho-_Media_1ZupwFOhjl4_001_1080p,97,48.5,train,labeled,42,0:2;1:12;2:27;4:1,polygon:42,e4a972154c047b0d7b7cc0bc97f5548699e6bd17b683002feb926dc60fe3e898
9c86f59aad7030a8de5d278edc9f0343d16199a38a9dedfc8080b6aac76545b9,train/images/YTDown-com_YouTube_Rush-Hour-Traffic-with-motorcycle-in-Ho-_Media_1ZupwFOhjl4_001_1080p_frame_00098_jpg.rf.53be6f8ab0e4aa5ae021064c82cccd9a.jpg,train/labels/YTDown-com_YouTube_Rush-Hour-Traffic-with-motorcycle-in-Ho-_Media_1ZupwFOhjl4_001_1080p_frame_00098_jpg.rf.53be6f8ab0e4aa5ae021064c82cccd9a.txt,YTDown-com_YouTube_Rush-Hour-Traffic-with-motorcycle-in-Ho-_Media_1ZupwFOhjl4_001_1080p,98,49.0,train,labeled,43,0:2;1:12;2:28;4:1,polygon:43,9c86f59aad7030a8de5d278edc9f0343d16199a38a9dedfc8080b6aac76545b9
f55fad57fdabb8aca234a7916179da2acd1a974d3c651403fced34856e72a9d6,train/images/YTDown-com_YouTube_Rush-Hour-Traffic-with-motorcycle-in-Ho-_Media_1ZupwFOhjl4_001_1080p_frame_00099_jpg.rf.9f6d27d6fe655d2365805aed7a40f962.jpg,train/labels/YTDown-com_YouTube_Rush-Hour-Traffic-with-motorcycle-in-Ho-_Media_1ZupwFOhjl4_001_1080p_frame_00099_jpg.rf.9f6d27d6fe655d2365805aed7a40f962.txt,YTDown-com_YouTube_Rush-Hour-Traffic-with-motorcycle-in-Ho-_Media_1ZupwFOhjl4_001_1080p,99,49.5,train,labeled,47,0:3;1:11;2:29;3:3;4:1,polygon:47,f55fad57fdabb8aca234a7916179da2acd1a974d3c651403fced34856e72a9d6
a5bed16fda0fed64487ac0e2015338460df7c97df3537ab8d5897b60aa62b9d6,train/images/YTDown-com_YouTube_Rush-Hour-Traffic-with-motorcycle-in-Ho-_Media_1ZupwFOhjl4_001_1080p_frame_00100_jpg.rf.32f4175c7e236868317b7b657dd78d88.jpg,train/labels/YTDown-com_YouTube_Rush-Hour-Traffic-with-motorcycle-in-Ho-_Media_1ZupwFOhjl4_001_1080p_frame_00100_jpg.rf.32f4175c7e236868317b7b657dd78d88.txt,YTDown-com_YouTube_Rush-Hour-Traffic-with-motorcycle-in-Ho-_Media_1ZupwFOhjl4_001_1080p,100,50.0,train,labeled,49,0:2;1:10;2:33;3:3;4:1,bbox:4;polygon:45,a5bed16fda0fed64487ac0e2015338460df7c97df3537ab8d5897b60aa62b9d6
ac924edba75cf64cc975c807166bc5f26c1ceb1ea7eb10405c6d689315e54554,train/images/YTDown-com_YouTube_Rush-Hour-Traffic-with-motorcycle-in-Ho-_Media_1ZupwFOhjl4_001_1080p_frame_00101_jpg.rf.924f666154b2c7a060d0cf7e59cc3e44.jpg,train/labels/YTDown-com_YouTube_Rush-Hour-Traffic-with-motorcycle-in-Ho-_Media_1ZupwFOhjl4_001_1080p_frame_00101_jpg.rf.924f666154b2c7a060d0cf7e59cc3e44.txt,YTDown-com_YouTube_Rush-Hour-Traffic-with-motorcycle-in-Ho-_Media_1ZupwFOhjl4_001_1080p,101,50.5,train,labeled,44,0:2;1:9;2:28;3:4;4:1,bbox:2;polygon:42,ac924edba75cf64cc975c807166bc5f26c1ceb1ea7eb10405c6d689315e54554
b1bbca0b9e5621a58760fb689bf9226c8a6b373f47df7917b53929f8a5bb35b5,train/images/YTDown-com_YouTube_Rush-Hour-Traffic-with-motorcycle-in-Ho-_Media_1ZupwFOhjl4_001_1080p_frame_00102_jpg.rf.54f2ed2d0acb000984417e74f398e4ca.jpg,train/labels/YTDown-com_YouTube_Rush-Hour-Traffic-with-motorcycle-in-Ho-_Media_1ZupwFOhjl4_001_1080p_frame_00102_jpg.rf.54f2ed2d0acb000984417e74f398e4ca.txt,YTDown-com_YouTube_Rush-Hour-Traffic-with-motorcycle-in-Ho-_Media_1ZupwFOhjl4_001_1080p,102,51.0,train,labeled,43,0:2;1:9;2:26;3:5;4:1,bbox:1;polygon:42,b1bbca0b9e5621a58760fb689bf9226c8a6b373f47df7917b53929f8a5bb35b5
c2d1659a44f58fa381c952965fd94bf8a62af3dac8b7013270d0359bc10b1ee2,train/images/YTDown-com_YouTube_Rush-Hour-Traffic-with-motorcycle-in-Ho-_Media_1ZupwFOhjl4_001_1080p_frame_00103_jpg.rf.0ae819bcf9681e38cf326f8d46af411f.jpg,train/labels/YTDown-com_YouTube_Rush-Hour-Traffic-with-motorcycle-in-Ho-_Media_1ZupwFOhjl4_001_1080p_frame_00103_jpg.rf.0ae819bcf9681e38cf326f8d46af411f.txt,YTDown-com_YouTube_Rush-Hour-Traffic-with-motorcycle-in-Ho-_Media_1ZupwFOhjl4_001_1080p,103,51.5,train,labeled,43,0:2;1:9;2:28;3:3;4:1,bbox:3;polygon:40,c2d1659a44f58fa381c952965fd94bf8a62af3dac8b7013270d0359bc10b1ee2
ef6c5df5ebcc8415bb4421a00f38c40c7f849cbafdc18a153abb47316e874e77,train/images/YTDown-com_YouTube_Rush-Hour-Traffic-with-motorcycle-in-Ho-_Media_1ZupwFOhjl4_001_1080p_frame_00104_jpg.rf.ed17cceccda5837cc3472488669603a7.jpg,train/labels/YTDown-com_YouTube_Rush-Hour-Traffic-with-motorcycle-in-Ho-_Media_1ZupwFOhjl4_001_1080p_frame_00104_jpg.rf.ed17cceccda5837cc3472488669603a7.txt,YTDown-com_YouTube_Rush-Hour-Traffic-with-motorcycle-in-Ho-_Media_1ZupwFOhjl4_001_1080p,104,52.0,train,labeled,51,0:2;1:9;2:36;3:3;4:1,polygon:51,ef6c5df5ebcc8415bb4421a00f38c40c7f849cbafdc18a153abb47316e874e77
72d73c83e1ae5b7f956d25de0a40743ce9e68da2faf809ca28e66d34c7c462da,train/images/YTDown-com_YouTube_Rush-Hour-Traffic-with-motorcycle-in-Ho-_Media_1ZupwFOhjl4_001_1080p_frame_00105_jpg.rf.e5d3ce53812f009016ea327a9e8848ed.jpg,train/labels/YTDown-com_YouTube_Rush-Hour-Traffic-with-motorcycle-in-Ho-_Media_1ZupwFOhjl4_001_1080p_frame_00105_jpg.rf.e5d3ce53812f009016ea327a9e8848ed.txt,YTDown-com_YouTube_Rush-Hour-Traffic-with-motorcycle-in-Ho-_Media_1ZupwFOhjl4_001_1080p,105,52.5,train,labeled,44,0:2;1:6;2:32;3:3;4:1,bbox:1;polygon:43,72d73c83e1ae5b7f956d25de0a40743ce9e68da2faf809ca28e66d34c7c462da
2ce6453fa6a7c45a870c05a2b03c4bb69db00aeeb492518f085d49f0a1d8dee9,train/images/YTDown-com_YouTube_Rush-Hour-Traffic-with-motorcycle-in-Ho-_Media_1ZupwFOhjl4_001_1080p_frame_00109_jpg.rf.2b9f0dcf1844050698392f2526518802.jpg,train/labels/YTDown-com_YouTube_Rush-Hour-Traffic-with-motorcycle-in-Ho-_Media_1ZupwFOhjl4_001_1080p_frame_00109_jpg.rf.2b9f0dcf1844050698392f2526518802.txt,YTDown-com_YouTube_Rush-Hour-Traffic-with-motorcycle-in-Ho-_Media_1ZupwFOhjl4_001_1080p,109,54.5,train,labeled,51,0:1;1:7;2:39;3:3;4:1,bbox:1;polygon:50,2ce6453fa6a7c45a870c05a2b03c4bb69db00aeeb492518f085d49f0a1d8dee9
32877e2cf763d094a4e0c97c53ffae8c97c6e1f1326145218c212ebe32ccb8b7,train/images/YTDown-com_YouTube_Rush-Hour-Traffic-with-motorcycle-in-Ho-_Media_1ZupwFOhjl4_001_1080p_frame_00110_jpg.rf.85da7300816e991e484d04d86780f71d.jpg,train/labels/YTDown-com_YouTube_Rush-Hour-Traffic-with-motorcycle-in-Ho-_Media_1ZupwFOhjl4_001_1080p_frame_00110_jpg.rf.85da7300816e991e484d04d86780f71d.txt,YTDown-com_YouTube_Rush-Hour-Traffic-with-motorcycle-in-Ho-_Media_1ZupwFOhjl4_001_1080p,110,55.0,train,labeled,53,0:1;1:7;2:38;3:6;4:1,bbox:4;polygon:49,32877e2cf763d094a4e0c97c53ffae8c97c6e1f1326145218c212ebe32ccb8b7
978ec00fea9aa99dd855251494d734a4f2f769681c90b1f339e65ca458600db8,train/images/YTDown-com_YouTube_Rush-Hour-Traffic-with-motorcycle-in-Ho-_Media_1ZupwFOhjl4_001_1080p_frame_00111_jpg.rf.b00021b149bfc76f80d53994f5299074.jpg,train/labels/YTDown-com_YouTube_Rush-Hour-Traffic-with-motorcycle-in-Ho-_Media_1ZupwFOhjl4_001_1080p_frame_00111_jpg.rf.b00021b149bfc76f80d53994f5299074.txt,YTDown-com_YouTube_Rush-Hour-Traffic-with-motorcycle-in-Ho-_Media_1ZupwFOhjl4_001_1080p,111,55.5,train,labeled,51,0:4;1:6;2:35;3:5;4:1,bbox:5;polygon:46,978ec00fea9aa99dd855251494d734a4f2f769681c90b1f339e65ca458600db8
971ef14a42e5ba4273cc79920588d051889c93c4eec4a777ccaa39e433832eba,train/images/YTDown-com_YouTube_Rush-Hour-Traffic-with-motorcycle-in-Ho-_Media_1ZupwFOhjl4_001_1080p_frame_00112_jpg.rf.1eb2887250e037e96e158cf4ba2d32ba.jpg,train/labels/YTDown-com_YouTube_Rush-Hour-Traffic-with-motorcycle-in-Ho-_Media_1ZupwFOhjl4_001_1080p_frame_00112_jpg.rf.1eb2887250e037e96e158cf4ba2d32ba.txt,YTDown-com_YouTube_Rush-Hour-Traffic-with-motorcycle-in-Ho-_Media_1ZupwFOhjl4_001_1080p,112,56.0,train,labeled,58,0:2;1:8;2:41;3:6;4:1,bbox:4;polygon:54,971ef14a42e5ba4273cc79920588d051889c93c4eec4a777ccaa39e433832eba
7e4ba52b55ff3af8b76deb7eae53d28a4bcbd184f832fefc72539894019e5a48,train/images/YTDown-com_YouTube_Rush-Hour-Traffic-with-motorcycle-in-Ho-_Media_1ZupwFOhjl4_001_1080p_frame_00113_jpg.rf.9a6a3672804d025d68f45f8e01cdfcbf.jpg,train/labels/YTDown-com_YouTube_Rush-Hour-Traffic-with-motorcycle-in-Ho-_Media_1ZupwFOhjl4_001_1080p_frame_00113_jpg.rf.9a6a3672804d025d68f45f8e01cdfcbf.txt,YTDown-com_YouTube_Rush-Hour-Traffic-with-motorcycle-in-Ho-_Media_1ZupwFOhjl4_001_1080p,113,56.5,train,labeled,55,0:2;1:8;2:40;3:4;4:1,polygon:55,7e4ba52b55ff3af8b76deb7eae53d28a4bcbd184f832fefc72539894019e5a48
c269bc44c04e7e404abf1b2570de9ade2f27bbd3aab8b61f391fd523db0bba9f,train/images/YTDown-com_YouTube_Rush-Hour-Traffic-with-motorcycle-in-Ho-_Media_1ZupwFOhjl4_001_1080p_frame_00114_jpg.rf.fe80fa964642c4e7d9e7fa6789db763e.jpg,train/labels/YTDown-com_YouTube_Rush-Hour-Traffic-with-motorcycle-in-Ho-_Media_1ZupwFOhjl4_001_1080p_frame_00114_jpg.rf.fe80fa964642c4e7d9e7fa6789db763e.txt,YTDown-com_YouTube_Rush-Hour-Traffic-with-motorcycle-in-Ho-_Media_1ZupwFOhjl4_001_1080p,114,57.0,train,labeled,51,0:2;1:7;2:39;3:2;4:1,polygon:51,c269bc44c04e7e404abf1b2570de9ade2f27bbd3aab8b61f391fd523db0bba9f
61f53b9e91cc2d297310a80abd363c1a6fd79adf09bf1a488571a35fa9e0178e,train/images/YTDown-com_YouTube_Rush-Hour-Traffic-with-motorcycle-in-Ho-_Media_1ZupwFOhjl4_001_1080p_frame_00115_jpg.rf.1af383ae79e2d658f84a2cc95463992e.jpg,train/labels/YTDown-com_YouTube_Rush-Hour-Traffic-with-motorcycle-in-Ho-_Media_1ZupwFOhjl4_001_1080p_frame_00115_jpg.rf.1af383ae79e2d658f84a2cc95463992e.txt,YTDown-com_YouTube_Rush-Hour-Traffic-with-motorcycle-in-Ho-_Media_1ZupwFOhjl4_001_1080p,115,57.5,train,labeled,52,0:2;1:7;2:38;3:4;4:1,bbox:1;polygon:51,61f53b9e91cc2d297310a80abd363c1a6fd79adf09bf1a488571a35fa9e0178e
42f533c6ffd2fd5bf1a3aeabca22f8a4df5f4b643fa5e60a65647178342aa480,train/images/YTDown-com_YouTube_Rush-Hour-Traffic-with-motorcycle-in-Ho-_Media_1ZupwFOhjl4_001_1080p_frame_00116_jpg.rf.93ba132d3276163d5dbae5c28fb46530.jpg,train/labels/YTDown-com_YouTube_Rush-Hour-Traffic-with-motorcycle-in-Ho-_Media_1ZupwFOhjl4_001_1080p_frame_00116_jpg.rf.93ba132d3276163d5dbae5c28fb46530.txt,YTDown-com_YouTube_Rush-Hour-Traffic-with-motorcycle-in-Ho-_Media_1ZupwFOhjl4_001_1080p,116,58.0,train,labeled,45,0:2;1:8;2:32;3:2;4:1,polygon:45,42f533c6ffd2fd5bf1a3aeabca22f8a4df5f4b643fa5e60a65647178342aa480
1a0479cfe2d5bff48a94845dd685da70028d8cbf0546a496eb717ef2b31d9739,train/images/YTDown-com_YouTube_Rush-Hour-Traffic-with-motorcycle-in-Ho-_Media_1ZupwFOhjl4_001_1080p_frame_00117_jpg.rf.98b742b0dadd31ef6fe5d8b17d6a1cd5.jpg,train/labels/YTDown-com_YouTube_Rush-Hour-Traffic-with-motorcycle-in-Ho-_Media_1ZupwFOhjl4_001_1080p_frame_00117_jpg.rf.98b742b0dadd31ef6fe5d8b17d6a1cd5.txt,YTDown-com_YouTube_Rush-Hour-Traffic-with-motorcycle-in-Ho-_Media_1ZupwFOhjl4_001_1080p,117,58.5,train,labeled,57,0:2;1:10;2:44;4:1,bbox:1;polygon:56,1a0479cfe2d5bff48a94845dd685da70028d8cbf0546a496eb717ef2b31d9739
17280dbb0f9ec23e9be516450c9e7c0c13ec5fb95082b77b8eb8dc99c42eb34f,train/images/YTDown-com_YouTube_Rush-Hour-Traffic-with-motorcycle-in-Ho-_Media_1ZupwFOhjl4_001_1080p_frame_00118_jpg.rf.5e5da86d5c7e45a154d48b8199f485fd.jpg,train/labels/YTDown-com_YouTube_Rush-Hour-Traffic-with-motorcycle-in-Ho-_Media_1ZupwFOhjl4_001_1080p_frame_00118_jpg.rf.5e5da86d5c7e45a154d48b8199f485fd.txt,YTDown-com_YouTube_Rush-Hour-Traffic-with-motorcycle-in-Ho-_Media_1ZupwFOhjl4_001_1080p,118,59.0,train,labeled,58,0:2;1:9;2:44;3:2;4:1,bbox:3;polygon:55,17280dbb0f9ec23e9be516450c9e7c0c13ec5fb95082b77b8eb8dc99c42eb34f
833cd6256a93e1d29e64ab8bd22ca4508422925351557cdae1d2a07c4fa8e5a2,train/images/YTDown-com_YouTube_Rush-Hour-Traffic-with-motorcycle-in-Ho-_Media_1ZupwFOhjl4_001_1080p_frame_00119_jpg.rf.0f7f7f611710aa6016d68f63e277ca0e.jpg,train/labels/YTDown-com_YouTube_Rush-Hour-Traffic-with-motorcycle-in-Ho-_Media_1ZupwFOhjl4_001_1080p_frame_00119_jpg.rf.0f7f7f611710aa6016d68f63e277ca0e.txt,YTDown-com_YouTube_Rush-Hour-Traffic-with-motorcycle-in-Ho-_Media_1ZupwFOhjl4_001_1080p,119,59.5,train,labeled,54,0:1;1:8;2:41;3:3;4:1,polygon:54,833cd6256a93e1d29e64ab8bd22ca4508422925351557cdae1d2a07c4fa8e5a2
4908a864178347b2bf5ebf519fc3b244020171e82741742ecd87c79ad3182791,train/images/YTDown-com_YouTube_Rush-Hour-Traffic-with-motorcycle-in-Ho-_Media_1ZupwFOhjl4_001_1080p_frame_00120_jpg.rf.d8ecf3bffae71a1b18798e2978ebdc95.jpg,train/labels/YTDown-com_YouTube_Rush-Hour-Traffic-with-motorcycle-in-Ho-_Media_1ZupwFOhjl4_001_1080p_frame_00120_jpg.rf.d8ecf3bffae71a1b18798e2978ebdc95.txt,YTDown-com_YouTube_Rush-Hour-Traffic-with-motorcycle-in-Ho-_Media_1ZupwFOhjl4_001_1080p,120,60.0,train,labeled,56,0:1;1:8;2:43;3:3;4:1,bbox:3;polygon:53,4908a864178347b2bf5ebf519fc3b244020171e82741742ecd87c79ad3182791
cfa7f5ac46da9b109ca4760aa5da21e87e98f58bc0b3e22f110a1dcfc419d204,train/images/YTDown-com_YouTube_Rush-Hour-Traffic-with-motorcycle-in-Ho-_Media_1ZupwFOhjl4_001_1080p_frame_00121_jpg.rf.e0400ed53b99e1b242c60ede9f168dde.jpg,train/labels/YTDown-com_YouTube_Rush-Hour-Traffic-with-motorcycle-in-Ho-_Media_1ZupwFOhjl4_001_1080p_frame_00121_jpg.rf.e0400ed53b99e1b242c60ede9f168dde.txt,YTDown-com_YouTube_Rush-Hour-Traffic-with-motorcycle-in-Ho-_Media_1ZupwFOhjl4_001_1080p,121,60.5,train,labeled,57,0:1;1:8;2:45;3:2;4:1,bbox:4;polygon:53,cfa7f5ac46da9b109ca4760aa5da21e87e98f58bc0b3e22f110a1dcfc419d204
2e543274c9d699c3745509a2dcd1b725bc46b6a71d7f6a3704903b3e3fdd4a37,train/images/YTDown-com_YouTube_Rush-Hour-Traffic-with-motorcycle-in-Ho-_Media_1ZupwFOhjl4_001_1080p_frame_00122_jpg.rf.5d979310c96b18a940eb23d3b334fb1d.jpg,train/labels/YTDown-com_YouTube_Rush-Hour-Traffic-with-motorcycle-in-Ho-_Media_1ZupwFOhjl4_001_1080p_frame_00122_jpg.rf.5d979310c96b18a940eb23d3b334fb1d.txt,YTDown-com_YouTube_Rush-Hour-Traffic-with-motorcycle-in-Ho-_Media_1ZupwFOhjl4_001_1080p,122,61.0,train,labeled,56,0:2;1:8;2:44;3:1;4:1,bbox:4;polygon:52,2e543274c9d699c3745509a2dcd1b725bc46b6a71d7f6a3704903b3e3fdd4a37
90e7d34ce4dae77454b916cd6f76909f57299b6ff21490528f7f43712ed9f8e0,train/images/YTDown-com_YouTube_Rush-Hour-Traffic-with-motorcycle-in-Ho-_Media_1ZupwFOhjl4_001_1080p_frame_00124_jpg.rf.017edac62b071069f83086c1f572e09a.jpg,train/labels/YTDown-com_YouTube_Rush-Hour-Traffic-with-motorcycle-in-Ho-_Media_1ZupwFOhjl4_001_1080p_frame_00124_jpg.rf.017edac62b071069f83086c1f572e09a.txt,YTDown-com_YouTube_Rush-Hour-Traffic-with-motorcycle-in-Ho-_Media_1ZupwFOhjl4_001_1080p,124,62.0,train,labeled,55,0:2;1:8;2:42;3:2;4:1,bbox:3;polygon:52,90e7d34ce4dae77454b916cd6f76909f57299b6ff21490528f7f43712ed9f8e0
484f0b76c72d9a51ab765486a3d13a6ce288c29c9d7556e0b0d1cba22ffe0b72,train/images/YTDown-com_YouTube_Rush-Hour-Traffic-with-motorcycle-in-Ho-_Media_1ZupwFOhjl4_001_1080p_frame_00125_jpg.rf.4e601609c20c4185f19a69fa2c014966.jpg,train/labels/YTDown-com_YouTube_Rush-Hour-Traffic-with-motorcycle-in-Ho-_Media_1ZupwFOhjl4_001_1080p_frame_00125_jpg.rf.4e601609c20c4185f19a69fa2c014966.txt,YTDown-com_YouTube_Rush-Hour-Traffic-with-motorcycle-in-Ho-_Media_1ZupwFOhjl4_001_1080p,125,62.5,train,labeled,54,0:1;1:8;2:42;3:2;4:1,bbox:3;polygon:51,484f0b76c72d9a51ab765486a3d13a6ce288c29c9d7556e0b0d1cba22ffe0b72
5116092dc02edf149272c461688cd94b118e6547303d906a9901eb6ff67cb69b,train/images/YTDown-com_YouTube_Rush-Hour-Traffic-with-motorcycle-in-Ho-_Media_1ZupwFOhjl4_001_1080p_frame_00127_jpg.rf.c6bac7837aa8fc5a088b58d96e12687a.jpg,train/labels/YTDown-com_YouTube_Rush-Hour-Traffic-with-motorcycle-in-Ho-_Media_1ZupwFOhjl4_001_1080p_frame_00127_jpg.rf.c6bac7837aa8fc5a088b58d96e12687a.txt,YTDown-com_YouTube_Rush-Hour-Traffic-with-motorcycle-in-Ho-_Media_1ZupwFOhjl4_001_1080p,127,63.5,train,labeled,48,0:2;1:8;2:34;3:3;4:1,bbox:3;polygon:45,5116092dc02edf149272c461688cd94b118e6547303d906a9901eb6ff67cb69b
23630389ab7dff9be85462ee2e1acb9932defdf7cf04e54f3a14ffca972a3edb,train/images/YTDown-com_YouTube_Rush-Hour-Traffic-with-motorcycle-in-Ho-_Media_1ZupwFOhjl4_001_1080p_frame_00128_jpg.rf.104ec3172559104efeeda0c293429fa0.jpg,train/labels/YTDown-com_YouTube_Rush-Hour-Traffic-with-motorcycle-in-Ho-_Media_1ZupwFOhjl4_001_1080p_frame_00128_jpg.rf.104ec3172559104efeeda0c293429fa0.txt,YTDown-com_YouTube_Rush-Hour-Traffic-with-motorcycle-in-Ho-_Media_1ZupwFOhjl4_001_1080p,128,64.0,train,labeled,49,0:1;1:8;2:37;3:2;4:1,bbox:2;polygon:47,23630389ab7dff9be85462ee2e1acb9932defdf7cf04e54f3a14ffca972a3edb
1ad88e72cf7704b59b5a0eaedc5d9bbe734edbf2345b3352afa2ce65cc73a872,train/images/YTDown-com_YouTube_Rush-Hour-Traffic-with-motorcycle-in-Ho-_Media_1ZupwFOhjl4_001_1080p_frame_00129_jpg.rf.1151454c3d3abc67fb0c9f20a2a7abfa.jpg,train/labels/YTDown-com_YouTube_Rush-Hour-Traffic-with-motorcycle-in-Ho-_Media_1ZupwFOhjl4_001_1080p_frame_00129_jpg.rf.1151454c3d3abc67fb0c9f20a2a7abfa.txt,YTDown-com_YouTube_Rush-Hour-Traffic-with-motorcycle-in-Ho-_Media_1ZupwFOhjl4_001_1080p,129,64.5,train,labeled,51,0:2;1:9;2:38;3:1;4:1,polygon:51,1ad88e72cf7704b59b5a0eaedc5d9bbe734edbf2345b3352afa2ce65cc73a872
19e0b2e75b4943175bd1dfb1dd8240050099f368c16c2a8c230ee32d2020004e,train/images/YTDown-com_YouTube_Rush-Hour-Traffic-with-motorcycle-in-Ho-_Media_1ZupwFOhjl4_001_1080p_frame_00130_jpg.rf.339ae04cfefe8d08a26cfae1139c5f97.jpg,train/labels/YTDown-com_YouTube_Rush-Hour-Traffic-with-motorcycle-in-Ho-_Media_1ZupwFOhjl4_001_1080p_frame_00130_jpg.rf.339ae04cfefe8d08a26cfae1139c5f97.txt,YTDown-com_YouTube_Rush-Hour-Traffic-with-motorcycle-in-Ho-_Media_1ZupwFOhjl4_001_1080p,130,65.0,train,labeled,50,0:2;1:9;2:35;3:3;4:1,bbox:1;polygon:49,19e0b2e75b4943175bd1dfb1dd8240050099f368c16c2a8c230ee32d2020004e
3a6595e5142c33470c3e7f0d486074556197e121c4e1a1214e071a459ad1caaa,train/images/YTDown-com_YouTube_Rush-Hour-Traffic-with-motorcycle-in-Ho-_Media_1ZupwFOhjl4_001_1080p_frame_00131_jpg.rf.204c415bc61f1bc62df75962a9d3115a.jpg,train/labels/YTDown-com_YouTube_Rush-Hour-Traffic-with-motorcycle-in-Ho-_Media_1ZupwFOhjl4_001_1080p_frame_00131_jpg.rf.204c415bc61f1bc62df75962a9d3115a.txt,YTDown-com_YouTube_Rush-Hour-Traffic-with-motorcycle-in-Ho-_Media_1ZupwFOhjl4_001_1080p,131,65.5,train,labeled,50,0:2;1:9;2:35;3:3;4:1,bbox:1;polygon:49,3a6595e5142c33470c3e7f0d486074556197e121c4e1a1214e071a459ad1caaa
7d6bcff6cdd508198f59cd2eb5bbc4f75e52d1bde977a7049749d9a6547c41fd,train/images/YTDown-com_YouTube_Rush-Hour-Traffic-with-motorcycle-in-Ho-_Media_1ZupwFOhjl4_001_1080p_frame_00132_jpg.rf.a60c8b2517edda2038080ff4d7a28448.jpg,train/labels/YTDown-com_YouTube_Rush-Hour-Traffic-with-motorcycle-in-Ho-_Media_1ZupwFOhjl4_001_1080p_frame_00132_jpg.rf.a60c8b2517edda2038080ff4d7a28448.txt,YTDown-com_YouTube_Rush-Hour-Traffic-with-motorcycle-in-Ho-_Media_1ZupwFOhjl4_001_1080p,132,66.0,train,labeled,51,0:2;1:9;2:37;3:2;4:1,bbox:1;polygon:50,7d6bcff6cdd508198f59cd2eb5bbc4f75e52d1bde977a7049749d9a6547c41fd
34135af0472c7c54c1519a23462b4f221df512edce43efe7ac17e8dca1e93d38,train/images/YTDown-com_YouTube_Rush-Hour-Traffic-with-motorcycle-in-Ho-_Media_1ZupwFOhjl4_001_1080p_frame_00133_jpg.rf.afe690dbcb169eaf034aa551218e06f5.jpg,train/labels/YTDown-com_YouTube_Rush-Hour-Traffic-with-motorcycle-in-Ho-_Media_1ZupwFOhjl4_001_1080p_frame_00133_jpg.rf.afe690dbcb169eaf034aa551218e06f5.txt,YTDown-com_YouTube_Rush-Hour-Traffic-with-motorcycle-in-Ho-_Media_1ZupwFOhjl4_001_1080p,133,66.5,train,labeled,53,0:2;1:9;2:39;3:2;4:1,polygon:53,34135af0472c7c54c1519a23462b4f221df512edce43efe7ac17e8dca1e93d38
8c4bc7e0f719cac07c72a10cd7675c04f0b01b1062b969cc4acbf9492dc9b84a,train/images/YTDown-com_YouTube_Rush-Hour-Traffic-with-motorcycle-in-Ho-_Media_1ZupwFOhjl4_001_1080p_frame_00134_jpg.rf.d0d8fac42484cf3f7622e2e639caeae8.jpg,train/labels/YTDown-com_YouTube_Rush-Hour-Traffic-with-motorcycle-in-Ho-_Media_1ZupwFOhjl4_001_1080p_frame_00134_jpg.rf.d0d8fac42484cf3f7622e2e639caeae8.txt,YTDown-com_YouTube_Rush-Hour-Traffic-with-motorcycle-in-Ho-_Media_1ZupwFOhjl4_001_1080p,134,67.0,train,labeled,47,0:2;1:9;2:34;3:1;4:1,polygon:47,8c4bc7e0f719cac07c72a10cd7675c04f0b01b1062b969cc4acbf9492dc9b84a
7fbdb927bcc4ea199796683047c950f7fab46007e4b154ea24b629833ef047c4,train/images/YTDown-com_YouTube_Rush-Hour-Traffic-with-motorcycle-in-Ho-_Media_1ZupwFOhjl4_001_1080p_frame_00137_jpg.rf.eccc0c94af225df6ae65873f4428148f.jpg,train/labels/YTDown-com_YouTube_Rush-Hour-Traffic-with-motorcycle-in-Ho-_Media_1ZupwFOhjl4_001_1080p_frame_00137_jpg.rf.eccc0c94af225df6ae65873f4428148f.txt,YTDown-com_YouTube_Rush-Hour-Traffic-with-motorcycle-in-Ho-_Media_1ZupwFOhjl4_001_1080p,137,68.5,train,labeled,51,0:2;1:9;2:38;3:1;4:1,bbox:2;polygon:49,7fbdb927bcc4ea199796683047c950f7fab46007e4b154ea24b629833ef047c4
999d8febb566f9e767cc1288456eb5d0c9e31891bb733736b26ab39c081473c9,train/images/YTDown-com_YouTube_Rush-Hour-Traffic-with-motorcycle-in-Ho-_Media_1ZupwFOhjl4_001_1080p_frame_00138_jpg.rf.7ac2b89ca235460198beceaf9a11e97a.jpg,train/labels/YTDown-com_YouTube_Rush-Hour-Traffic-with-motorcycle-in-Ho-_Media_1ZupwFOhjl4_001_1080p_frame_00138_jpg.rf.7ac2b89ca235460198beceaf9a11e97a.txt,YTDown-com_YouTube_Rush-Hour-Traffic-with-motorcycle-in-Ho-_Media_1ZupwFOhjl4_001_1080p,138,69.0,train,labeled,53,0:2;1:9;2:40;3:1;4:1,bbox:3;polygon:50,999d8febb566f9e767cc1288456eb5d0c9e31891bb733736b26ab39c081473c9
545796bd734ef4753df232b5bc750204188f982e2a207a7b67407459fc223605,train/images/YTDown-com_YouTube_Rush-Hour-Traffic-with-motorcycle-in-Ho-_Media_1ZupwFOhjl4_001_1080p_frame_00140_jpg.rf.700c381bc644d4cb6c8e2a7bd21a4946.jpg,train/labels/YTDown-com_YouTube_Rush-Hour-Traffic-with-motorcycle-in-Ho-_Media_1ZupwFOhjl4_001_1080p_frame_00140_jpg.rf.700c381bc644d4cb6c8e2a7bd21a4946.txt,YTDown-com_YouTube_Rush-Hour-Traffic-with-motorcycle-in-Ho-_Media_1ZupwFOhjl4_001_1080p,140,70.0,train,labeled,51,0:2;1:10;2:37;3:1;4:1,bbox:3;polygon:48,545796bd734ef4753df232b5bc750204188f982e2a207a7b67407459fc223605
1197b6428e00bf4077f5fc5f274f2e42e037c431b3ffc1c4465f17864839ba94,train/images/YTDown-com_YouTube_Rush-Hour-Traffic-with-motorcycle-in-Ho-_Media_1ZupwFOhjl4_001_1080p_frame_00141_jpg.rf.8dbe7374aa346ce12fdca1068bf48a9e.jpg,train/labels/YTDown-com_YouTube_Rush-Hour-Traffic-with-motorcycle-in-Ho-_Media_1ZupwFOhjl4_001_1080p_frame_00141_jpg.rf.8dbe7374aa346ce12fdca1068bf48a9e.txt,YTDown-com_YouTube_Rush-Hour-Traffic-with-motorcycle-in-Ho-_Media_1ZupwFOhjl4_001_1080p,141,70.5,train,labeled,51,0:1;1:10;2:39;4:1,bbox:3;polygon:48,1197b6428e00bf4077f5fc5f274f2e42e037c431b3ffc1c4465f17864839ba94
13944104d93c85ba3048cdbbe731d19758691d6870054d6e23537c6b9dbb8d05,train/images/YTDown-com_YouTube_Rush-Hour-Traffic-with-motorcycle-in-Ho-_Media_1ZupwFOhjl4_001_1080p_frame_00142_jpg.rf.3200aaefe81dc5eea0f312885f8fb941.jpg,train/labels/YTDown-com_YouTube_Rush-Hour-Traffic-with-motorcycle-in-Ho-_Media_1ZupwFOhjl4_001_1080p_frame_00142_jpg.rf.3200aaefe81dc5eea0f312885f8fb941.txt,YTDown-com_YouTube_Rush-Hour-Traffic-with-motorcycle-in-Ho-_Media_1ZupwFOhjl4_001_1080p,142,71.0,train,labeled,50,0:1;1:10;2:38;4:1,polygon:50,13944104d93c85ba3048cdbbe731d19758691d6870054d6e23537c6b9dbb8d05
7081128d1181069b0580e58a87aca6e1fb25d1d6496c39acf445358e7722d654,train/images/YTDown-com_YouTube_Rush-Hour-Traffic-with-motorcycle-in-Ho-_Media_1ZupwFOhjl4_001_1080p_frame_00143_jpg.rf.066e3c28032e7ca64f53265b5c95fe0c.jpg,train/labels/YTDown-com_YouTube_Rush-Hour-Traffic-with-motorcycle-in-Ho-_Media_1ZupwFOhjl4_001_1080p_frame_00143_jpg.rf.066e3c28032e7ca64f53265b5c95fe0c.txt,YTDown-com_YouTube_Rush-Hour-Traffic-with-motorcycle-in-Ho-_Media_1ZupwFOhjl4_001_1080p,143,71.5,train,labeled,51,0:1;1:9;2:39;3:1;4:1,polygon:51,7081128d1181069b0580e58a87aca6e1fb25d1d6496c39acf445358e7722d654
19bdbe8204bc7e64325f50bf488c5d1b6f4e81fd3fae87ee186dcc6b1a8ca3d8,train/images/YTDown-com_YouTube_Rush-Hour-Traffic-with-motorcycle-in-Ho-_Media_1ZupwFOhjl4_001_1080p_frame_00144_jpg.rf.4af5f26d7e91f857da286f1e47713975.jpg,train/labels/YTDown-com_YouTube_Rush-Hour-Traffic-with-motorcycle-in-Ho-_Media_1ZupwFOhjl4_001_1080p_frame_00144_jpg.rf.4af5f26d7e91f857da286f1e47713975.txt,YTDown-com_YouTube_Rush-Hour-Traffic-with-motorcycle-in-Ho-_Media_1ZupwFOhjl4_001_1080p,144,72.0,train,labeled,55,0:1;1:9;2:43;3:1;4:1,bbox:5;polygon:50,19bdbe8204bc7e64325f50bf488c5d1b6f4e81fd3fae87ee186dcc6b1a8ca3d8
415ecb4780003ca1819dc8cd8c2301eacfb831ca4f1d4216adbc01273e0ed806,train/images/YTDown-com_YouTube_Rush-Hour-Traffic-with-motorcycle-in-Ho-_Media_1ZupwFOhjl4_001_1080p_frame_00145_jpg.rf.99cbdc3ece69dedb045a1812cace2c70.jpg,train/labels/YTDown-com_YouTube_Rush-Hour-Traffic-with-motorcycle-in-Ho-_Media_1ZupwFOhjl4_001_1080p_frame_00145_jpg.rf.99cbdc3ece69dedb045a1812cace2c70.txt,YTDown-com_YouTube_Rush-Hour-Traffic-with-motorcycle-in-Ho-_Media_1ZupwFOhjl4_001_1080p,145,72.5,train,labeled,51,0:1;1:9;2:39;3:1;4:1,bbox:1;polygon:50,415ecb4780003ca1819dc8cd8c2301eacfb831ca4f1d4216adbc01273e0ed806
05a42a41fe61bac54137fda940bd1ee730c1c61f574f8d3be1ac8cc3c5209f41,train/images/YTDown-com_YouTube_Rush-Hour-Traffic-with-motorcycle-in-Ho-_Media_1ZupwFOhjl4_001_1080p_frame_00146_jpg.rf.296b40a0d1a5a38b7d08e5fb63d8a1f4.jpg,train/labels/YTDown-com_YouTube_Rush-Hour-Traffic-with-motorcycle-in-Ho-_Media_1ZupwFOhjl4_001_1080p_frame_00146_jpg.rf.296b40a0d1a5a38b7d08e5fb63d8a1f4.txt,YTDown-com_YouTube_Rush-Hour-Traffic-with-motorcycle-in-Ho-_Media_1ZupwFOhjl4_001_1080p,146,73.0,train,labeled,53,0:1;1:9;2:41;3:1;4:1,bbox:3;polygon:50,05a42a41fe61bac54137fda940bd1ee730c1c61f574f8d3be1ac8cc3c5209f41
4ea22be702aed4d95681173d229fbb9e6ef1ce506dc604b3c670d32142992033,train/images/YTDown-com_YouTube_Rush-Hour-Traffic-with-motorcycle-in-Ho-_Media_1ZupwFOhjl4_001_1080p_frame_00147_jpg.rf.50ecc5bb0e20cdbc4a29fa091424c962.jpg,train/labels/YTDown-com_YouTube_Rush-Hour-Traffic-with-motorcycle-in-Ho-_Media_1ZupwFOhjl4_001_1080p_frame_00147_jpg.rf.50ecc5bb0e20cdbc4a29fa091424c962.txt,YTDown-com_YouTube_Rush-Hour-Traffic-with-motorcycle-in-Ho-_Media_1ZupwFOhjl4_001_1080p,147,73.5,train,labeled,48,0:1;1:9;2:36;3:1;4:1,bbox:4;polygon:44,4ea22be702aed4d95681173d229fbb9e6ef1ce506dc604b3c670d32142992033
41bd4c2dbafebaafc0901b8ade02a57054d1d7877db59d4c61e7ed6ae30f2754,train/images/YTDown-com_YouTube_Rush-Hour-Traffic-with-motorcycle-in-Ho-_Media_1ZupwFOhjl4_001_1080p_frame_00148_jpg.rf.275c91fcd269eb69d321892666d03585.jpg,train/labels/YTDown-com_YouTube_Rush-Hour-Traffic-with-motorcycle-in-Ho-_Media_1ZupwFOhjl4_001_1080p_frame_00148_jpg.rf.275c91fcd269eb69d321892666d03585.txt,YTDown-com_YouTube_Rush-Hour-Traffic-with-motorcycle-in-Ho-_Media_1ZupwFOhjl4_001_1080p,148,74.0,train,labeled,91,0:5;1:24;2:55;3:6;4:1,bbox:6;polygon:85,41bd4c2dbafebaafc0901b8ade02a57054d1d7877db59d4c61e7ed6ae30f2754
26ae8084a9494dbc358882a964e0b4c55719aeae92004c25352e0934b43bbee0,train/images/YTDown-com_YouTube_Rush-Hour-Traffic-with-motorcycle-in-Ho-_Media_1ZupwFOhjl4_001_1080p_frame_00149_jpg.rf.f158f42fdf489d3f9b49a1ead3d08ba6.jpg,train/labels/YTDown-com_YouTube_Rush-Hour-Traffic-with-motorcycle-in-Ho-_Media_1ZupwFOhjl4_001_1080p_frame_00149_jpg.rf.f158f42fdf489d3f9b49a1ead3d08ba6.txt,YTDown-com_YouTube_Rush-Hour-Traffic-with-motorcycle-in-Ho-_Media_1ZupwFOhjl4_001_1080p,149,74.5,train,labeled,92,0:6;1:24;2:56;3:5;4:1,bbox:7;polygon:85,26ae8084a9494dbc358882a964e0b4c55719aeae92004c25352e0934b43bbee0
b96510966f9b02ba190746ae17f59a2da5e65ef457aa42cb8e267e40af606673,train/images/YTDown-com_YouTube_Rush-Hour-Traffic-with-motorcycle-in-Ho-_Media_1ZupwFOhjl4_001_1080p_frame_00150_jpg.rf.42397a9db3731b228a8f3d2f0a1601d1.jpg,train/labels/YTDown-com_YouTube_Rush-Hour-Traffic-with-motorcycle-in-Ho-_Media_1ZupwFOhjl4_001_1080p_frame_00150_jpg.rf.42397a9db3731b228a8f3d2f0a1601d1.txt,YTDown-com_YouTube_Rush-Hour-Traffic-with-motorcycle-in-Ho-_Media_1ZupwFOhjl4_001_1080p,150,75.0,train,labeled,88,0:5;1:22;2:57;3:3;4:1,bbox:7;polygon:81,b96510966f9b02ba190746ae17f59a2da5e65ef457aa42cb8e267e40af606673
b5a29068f14ae8ef421ba4c44a3b34b4a0fde88b9c6a9802a53e5f8948a357df,train/images/YTDown-com_YouTube_Rush-Hour-Traffic-with-motorcycle-in-Ho-_Media_1ZupwFOhjl4_001_1080p_frame_00151_jpg.rf.0c53ad620f8e91bee57cb1d10085efdc.jpg,train/labels/YTDown-com_YouTube_Rush-Hour-Traffic-with-motorcycle-in-Ho-_Media_1ZupwFOhjl4_001_1080p_frame_00151_jpg.rf.0c53ad620f8e91bee57cb1d10085efdc.txt,YTDown-com_YouTube_Rush-Hour-Traffic-with-motorcycle-in-Ho-_Media_1ZupwFOhjl4_001_1080p,151,75.5,train,labeled,92,0:6;1:23;2:57;3:5;4:1,bbox:3;polygon:89,b5a29068f14ae8ef421ba4c44a3b34b4a0fde88b9c6a9802a53e5f8948a357df
6f01b3215f73fd1bb94909d454ba9e464f00685f15326f79046ef8695561118f,train/images/YTDown-com_YouTube_Rush-Hour-Traffic-with-motorcycle-in-Ho-_Media_1ZupwFOhjl4_001_1080p_frame_00154_jpg.rf.4184108191e4ff77939f3d7234de7f74.jpg,train/labels/YTDown-com_YouTube_Rush-Hour-Traffic-with-motorcycle-in-Ho-_Media_1ZupwFOhjl4_001_1080p_frame_00154_jpg.rf.4184108191e4ff77939f3d7234de7f74.txt,YTDown-com_YouTube_Rush-Hour-Traffic-with-motorcycle-in-Ho-_Media_1ZupwFOhjl4_001_1080p,154,77.0,train,labeled,92,0:4;1:20;2:62;3:5;4:1,bbox:5;polygon:87,6f01b3215f73fd1bb94909d454ba9e464f00685f15326f79046ef8695561118f
3333e87784f5c78353b49ee9edd3219044cee4c0ab6242ed884469951fd52215,train/images/YTDown-com_YouTube_Rush-Hour-Traffic-with-motorcycle-in-Ho-_Media_1ZupwFOhjl4_001_1080p_frame_00155_jpg.rf.660f0462b1aa8877a29d264913812c4f.jpg,train/labels/YTDown-com_YouTube_Rush-Hour-Traffic-with-motorcycle-in-Ho-_Media_1ZupwFOhjl4_001_1080p_frame_00155_jpg.rf.660f0462b1aa8877a29d264913812c4f.txt,YTDown-com_YouTube_Rush-Hour-Traffic-with-motorcycle-in-Ho-_Media_1ZupwFOhjl4_001_1080p,155,77.5,train,labeled,91,0:4;1:20;2:61;3:5;4:1,bbox:1;polygon:90,3333e87784f5c78353b49ee9edd3219044cee4c0ab6242ed884469951fd52215
15cff16a5a216cad76362a39b8c4556205358a087ae2e79b271a86bb758d0c29,train/images/YTDown-com_YouTube_Rush-Hour-Traffic-with-motorcycle-in-Ho-_Media_1ZupwFOhjl4_001_1080p_frame_00156_jpg.rf.b201bc2a23080f389dd0beb302980047.jpg,train/labels/YTDown-com_YouTube_Rush-Hour-Traffic-with-motorcycle-in-Ho-_Media_1ZupwFOhjl4_001_1080p_frame_00156_jpg.rf.b201bc2a23080f389dd0beb302980047.txt,YTDown-com_YouTube_Rush-Hour-Traffic-with-motorcycle-in-Ho-_Media_1ZupwFOhjl4_001_1080p,156,78.0,train,labeled,93,0:4;1:24;2:59;3:5;4:1,bbox:5;polygon:88,15cff16a5a216cad76362a39b8c4556205358a087ae2e79b271a86bb758d0c29
5a48baf4c3641fe6274e2f46d89cd236a0ac2af08d0319361ee91348396f30f5,train/images/YTDown-com_YouTube_Rush-Hour-Traffic-with-motorcycle-in-Ho-_Media_1ZupwFOhjl4_001_1080p_frame_00159_jpg.rf.73fd48b52454158547012693a4fb8e71.jpg,train/labels/YTDown-com_YouTube_Rush-Hour-Traffic-with-motorcycle-in-Ho-_Media_1ZupwFOhjl4_001_1080p_frame_00159_jpg.rf.73fd48b52454158547012693a4fb8e71.txt,YTDown-com_YouTube_Rush-Hour-Traffic-with-motorcycle-in-Ho-_Media_1ZupwFOhjl4_001_1080p,159,79.5,train,labeled,96,0:4;1:25;2:61;3:5;4:1,bbox:5;polygon:91,5a48baf4c3641fe6274e2f46d89cd236a0ac2af08d0319361ee91348396f30f5
84a323015d1c2df6aa8bfbf1a290ec028a58dcd3ff068bedbab58d961c4a156a,train/images/YTDown-com_YouTube_Rush-Hour-Traffic-with-motorcycle-in-Ho-_Media_1ZupwFOhjl4_001_1080p_frame_00160_jpg.rf.8a9bbb8e98947e8339a9505009537ae2.jpg,train/labels/YTDown-com_YouTube_Rush-Hour-Traffic-with-motorcycle-in-Ho-_Media_1ZupwFOhjl4_001_1080p_frame_00160_jpg.rf.8a9bbb8e98947e8339a9505009537ae2.txt,YTDown-com_YouTube_Rush-Hour-Traffic-with-motorcycle-in-Ho-_Media_1ZupwFOhjl4_001_1080p,160,80.0,train,labeled,97,0:3;1:23;2:66;3:4;4:1,bbox:6;polygon:91,84a323015d1c2df6aa8bfbf1a290ec028a58dcd3ff068bedbab58d961c4a156a
cb8f65465fc5ef31bb4c6bb1d33e5cdf34aa3e89eb5e05f1eff4a156cd15ff82,train/images/YTDown-com_YouTube_Rush-Hour-Traffic-with-motorcycle-in-Ho-_Media_1ZupwFOhjl4_001_1080p_frame_00161_jpg.rf.3b6f8e03c5ed60304e0f720b9e607e8b.jpg,train/labels/YTDown-com_YouTube_Rush-Hour-Traffic-with-motorcycle-in-Ho-_Media_1ZupwFOhjl4_001_1080p_frame_00161_jpg.rf.3b6f8e03c5ed60304e0f720b9e607e8b.txt,YTDown-com_YouTube_Rush-Hour-Traffic-with-motorcycle-in-Ho-_Media_1ZupwFOhjl4_001_1080p,161,80.5,train,labeled,93,0:4;1:21;2:64;3:3;4:1,bbox:3;polygon:90,cb8f65465fc5ef31bb4c6bb1d33e5cdf34aa3e89eb5e05f1eff4a156cd15ff82
9f6255bb8ce6cd01cae8b80e78f0ca0ddf58df44a7f9c7c2c8c0774f408c44f8,train/images/YTDown-com_YouTube_Rush-Hour-Traffic-with-motorcycle-in-Ho-_Media_1ZupwFOhjl4_001_1080p_frame_00162_jpg.rf.8fb8cf99232577897f8ebfbfd4913efc.jpg,train/labels/YTDown-com_YouTube_Rush-Hour-Traffic-with-motorcycle-in-Ho-_Media_1ZupwFOhjl4_001_1080p_frame_00162_jpg.rf.8fb8cf99232577897f8ebfbfd4913efc.txt,YTDown-com_YouTube_Rush-Hour-Traffic-with-motorcycle-in-Ho-_Media_1ZupwFOhjl4_001_1080p,162,81.0,train,labeled,94,0:3;1:21;2:66;3:3;4:1,bbox:6;polygon:88,9f6255bb8ce6cd01cae8b80e78f0ca0ddf58df44a7f9c7c2c8c0774f408c44f8
b2420353a4e623001480cd8d84266a47bddeb62c1364e745b640c4eb772fb7d6,train/images/YTDown-com_YouTube_Rush-Hour-Traffic-with-motorcycle-in-Ho-_Media_1ZupwFOhjl4_001_1080p_frame_00163_jpg.rf.57c368101bbe7aaec8f1a3b2cfbefca2.jpg,train/labels/YTDown-com_YouTube_Rush-Hour-Traffic-with-motorcycle-in-Ho-_Media_1ZupwFOhjl4_001_1080p_frame_00163_jpg.rf.57c368101bbe7aaec8f1a3b2cfbefca2.txt,YTDown-com_YouTube_Rush-Hour-Traffic-with-motorcycle-in-Ho-_Media_1ZupwFOhjl4_001_1080p,163,81.5,train,labeled,97,0:4;1:21;2:68;3:3;4:1,bbox:6;polygon:91,b2420353a4e623001480cd8d84266a47bddeb62c1364e745b640c4eb772fb7d6
8497bfa437358fbefaf6a70f84fc74223e6675287a38f66ef683b3a3af0e5268,train/images/YTDown-com_YouTube_Rush-Hour-Traffic-with-motorcycle-in-Ho-_Media_1ZupwFOhjl4_001_1080p_frame_00164_jpg.rf.a1c42807447a9e847d12293b8f5dd57a.jpg,train/labels/YTDown-com_YouTube_Rush-Hour-Traffic-with-motorcycle-in-Ho-_Media_1ZupwFOhjl4_001_1080p_frame_00164_jpg.rf.a1c42807447a9e847d12293b8f5dd57a.txt,YTDown-com_YouTube_Rush-Hour-Traffic-with-motorcycle-in-Ho-_Media_1ZupwFOhjl4_001_1080p,164,82.0,train,labeled,89,0:2;1:21;2:62;3:3;4:1,bbox:3;polygon:86,8497bfa437358fbefaf6a70f84fc74223e6675287a38f66ef683b3a3af0e5268
442c76b471ec38c6543bc93cb8f5e0361c1128ec637067bbf82454a2090d7c6d,train/images/YTDown-com_YouTube_Rush-Hour-Traffic-with-motorcycle-in-Ho-_Media_1ZupwFOhjl4_001_1080p_frame_00165_jpg.rf.ee616e7daf345f7b4494f519e22a37f8.jpg,train/labels/YTDown-com_YouTube_Rush-Hour-Traffic-with-motorcycle-in-Ho-_Media_1ZupwFOhjl4_001_1080p_frame_00165_jpg.rf.ee616e7daf345f7b4494f519e22a37f8.txt,YTDown-com_YouTube_Rush-Hour-Traffic-with-motorcycle-in-Ho-_Media_1ZupwFOhjl4_001_1080p,165,82.5,train,labeled,96,0:3;1:25;2:63;3:4;4:1,bbox:8;polygon:88,442c76b471ec38c6543bc93cb8f5e0361c1128ec637067bbf82454a2090d7c6d
5b77f20ce182d89f3e98ffdec51d01817bcaaf063fcb9e7f05ef43c53409c44f,train/images/YTDown-com_YouTube_Rush-Hour-Traffic-with-motorcycle-in-Ho-_Media_1ZupwFOhjl4_001_1080p_frame_00166_jpg.rf.b91e28134cfafbf8c9881c1bc34c7243.jpg,train/labels/YTDown-com_YouTube_Rush-Hour-Traffic-with-motorcycle-in-Ho-_Media_1ZupwFOhjl4_001_1080p_frame_00166_jpg.rf.b91e28134cfafbf8c9881c1bc34c7243.txt,YTDown-com_YouTube_Rush-Hour-Traffic-with-motorcycle-in-Ho-_Media_1ZupwFOhjl4_001_1080p,166,83.0,train,labeled,101,0:5;1:24;2:67;3:4;4:1,bbox:4;polygon:97,5b77f20ce182d89f3e98ffdec51d01817bcaaf063fcb9e7f05ef43c53409c44f
b68d47f3af3fcce5ab308c7926d4bcb2004463f20aa126dd4d9e1104869495fd,train/images/YTDown-com_YouTube_Rush-Hour-Traffic-with-motorcycle-in-Ho-_Media_1ZupwFOhjl4_001_1080p_frame_00167_jpg.rf.500ad2ed23d055d028a5e43f4085efeb.jpg,train/labels/YTDown-com_YouTube_Rush-Hour-Traffic-with-motorcycle-in-Ho-_Media_1ZupwFOhjl4_001_1080p_frame_00167_jpg.rf.500ad2ed23d055d028a5e43f4085efeb.txt,YTDown-com_YouTube_Rush-Hour-Traffic-with-motorcycle-in-Ho-_Media_1ZupwFOhjl4_001_1080p,167,83.5,train,labeled,98,0:3;1:23;2:68;3:3;4:1,bbox:7;polygon:91,b68d47f3af3fcce5ab308c7926d4bcb2004463f20aa126dd4d9e1104869495fd
ea3419c9b8df9ded1d286e6dc37b85ac43964842e609fe857affaf261c7e1dbb,train/images/YTDown-com_YouTube_Rush-Hour-Traffic-with-motorcycle-in-Ho-_Media_1ZupwFOhjl4_001_1080p_frame_00168_jpg.rf.ab2dcff30fc5f82831f4eb4116b9346c.jpg,train/labels/YTDown-com_YouTube_Rush-Hour-Traffic-with-motorcycle-in-Ho-_Media_1ZupwFOhjl4_001_1080p_frame_00168_jpg.rf.ab2dcff30fc5f82831f4eb4116b9346c.txt,YTDown-com_YouTube_Rush-Hour-Traffic-with-motorcycle-in-Ho-_Media_1ZupwFOhjl4_001_1080p,168,84.0,train,labeled,98,0:3;1:23;2:68;3:3;4:1,bbox:2;polygon:96,ea3419c9b8df9ded1d286e6dc37b85ac43964842e609fe857affaf261c7e1dbb
c59d6dbdf419dbe182e4359efdd3f42e6555a3fa59a518882285ba11c1b30da2,train/images/YTDown-com_YouTube_Rush-Hour-Traffic-with-motorcycle-in-Ho-_Media_1ZupwFOhjl4_001_1080p_frame_00169_jpg.rf.f080015e2f01ea49e43d36ab7095b02c.jpg,train/labels/YTDown-com_YouTube_Rush-Hour-Traffic-with-motorcycle-in-Ho-_Media_1ZupwFOhjl4_001_1080p_frame_00169_jpg.rf.f080015e2f01ea49e43d36ab7095b02c.txt,YTDown-com_YouTube_Rush-Hour-Traffic-with-motorcycle-in-Ho-_Media_1ZupwFOhjl4_001_1080p,169,84.5,train,labeled,96,0:3;1:23;2:65;3:4;4:1,bbox:7;polygon:89,c59d6dbdf419dbe182e4359efdd3f42e6555a3fa59a518882285ba11c1b30da2
5620fe9fa7026898ad1528880e996f319f93ba2270855be97ca05c2fd6906955,train/images/YTDown-com_YouTube_Rush-Hour-Traffic-with-motorcycle-in-Ho-_Media_1ZupwFOhjl4_001_1080p_frame_00171_jpg.rf.d2ecf7fd2ef7c87cf91979d382e8296c.jpg,train/labels/YTDown-com_YouTube_Rush-Hour-Traffic-with-motorcycle-in-Ho-_Media_1ZupwFOhjl4_001_1080p_frame_00171_jpg.rf.d2ecf7fd2ef7c87cf91979d382e8296c.txt,YTDown-com_YouTube_Rush-Hour-Traffic-with-motorcycle-in-Ho-_Media_1ZupwFOhjl4_001_1080p,171,85.5,train,labeled,95,0:4;1:25;2:61;3:4;4:1,bbox:6;polygon:89,5620fe9fa7026898ad1528880e996f319f93ba2270855be97ca05c2fd6906955
d9ba31918e26397038f8c310293d0f426b92bf9cd68b71666d0d26c84143a47b,train/images/YTDown-com_YouTube_Rush-Hour-Traffic-with-motorcycle-in-Ho-_Media_1ZupwFOhjl4_001_1080p_frame_00172_jpg.rf.e6bfcd9dc6a83aaa705b6c9d68a530ad.jpg,train/labels/YTDown-com_YouTube_Rush-Hour-Traffic-with-motorcycle-in-Ho-_Media_1ZupwFOhjl4_001_1080p_frame_00172_jpg.rf.e6bfcd9dc6a83aaa705b6c9d68a530ad.txt,YTDown-com_YouTube_Rush-Hour-Traffic-with-motorcycle-in-Ho-_Media_1ZupwFOhjl4_001_1080p,172,86.0,train,labeled,91,0:3;1:24;2:58;3:5;4:1,bbox:4;polygon:87,d9ba31918e26397038f8c310293d0f426b92bf9cd68b71666d0d26c84143a47b
adde106b1429a46c5729bf51d4ebb46ecc063d4fec629426f95372ca59983030,train/images/YTDown-com_YouTube_Rush-Hour-Traffic-with-motorcycle-in-Ho-_Media_1ZupwFOhjl4_001_1080p_frame_00174_jpg.rf.e3af76599045da2338a7d22ba8a50dcc.jpg,train/labels/YTDown-com_YouTube_Rush-Hour-Traffic-with-motorcycle-in-Ho-_Media_1ZupwFOhjl4_001_1080p_frame_00174_jpg.rf.e3af76599045da2338a7d22ba8a50dcc.txt,YTDown-com_YouTube_Rush-Hour-Traffic-with-motorcycle-in-Ho-_Media_1ZupwFOhjl4_001_1080p,174,87.0,train,labeled,91,0:4;1:25;2:57;3:4;4:1,bbox:6;polygon:85,adde106b1429a46c5729bf51d4ebb46ecc063d4fec629426f95372ca59983030
bf49f334900a2bd99e7ba56dd1ed245c7f04b6fced2e2622a13cad6b102e1dd0,train/images/YTDown-com_YouTube_Rush-Hour-Traffic-with-motorcycle-in-Ho-_Media_1ZupwFOhjl4_001_1080p_frame_00175_jpg.rf.7340eefb7d04fe79ac4217f5bfd7bf77.jpg,train/labels/YTDown-com_YouTube_Rush-Hour-Traffic-with-motorcycle-in-Ho-_Media_1ZupwFOhjl4_001_1080p_frame_00175_jpg.rf.7340eefb7d04fe79ac4217f5bfd7bf77.txt,YTDown-com_YouTube_Rush-Hour-Traffic-with-motorcycle-in-Ho-_Media_1ZupwFOhjl4_001_1080p,175,87.5,train,labeled,95,0:4;1:24;2:62;3:4;4:1,bbox:5;polygon:90,bf49f334900a2bd99e7ba56dd1ed245c7f04b6fced2e2622a13cad6b102e1dd0
b6c464c6e2f3e86323543a4b2dc3d19a3a5318433bcf2407b99b5b17548e99aa,train/images/YTDown-com_YouTube_Rush-Hour-Traffic-with-motorcycle-in-Ho-_Media_1ZupwFOhjl4_001_1080p_frame_00177_jpg.rf.4c523655aadcac8acae728fb718b4351.jpg,train/labels/YTDown-com_YouTube_Rush-Hour-Traffic-with-motorcycle-in-Ho-_Media_1ZupwFOhjl4_001_1080p_frame_00177_jpg.rf.4c523655aadcac8acae728fb718b4351.txt,YTDown-com_YouTube_Rush-Hour-Traffic-with-motorcycle-in-Ho-_Media_1ZupwFOhjl4_001_1080p,177,88.5,train,labeled,94,0:2;1:24;2:64;3:3;4:1,bbox:10;polygon:84,b6c464c6e2f3e86323543a4b2dc3d19a3a5318433bcf2407b99b5b17548e99aa
e9384c13bb27702981d6420ab6670c12531d504ab798fdd83205557fac1d8b7f,train/images/YTDown-com_YouTube_Rush-Hour-Traffic-with-motorcycle-in-Ho-_Media_1ZupwFOhjl4_001_1080p_frame_00178_jpg.rf.b32da23d8e905eb6aa1a01e24f5d8901.jpg,train/labels/YTDown-com_YouTube_Rush-Hour-Traffic-with-motorcycle-in-Ho-_Media_1ZupwFOhjl4_001_1080p_frame_00178_jpg.rf.b32da23d8e905eb6aa1a01e24f5d8901.txt,YTDown-com_YouTube_Rush-Hour-Traffic-with-motorcycle-in-Ho-_Media_1ZupwFOhjl4_001_1080p,178,89.0,train,labeled,95,0:3;1:26;2:61;3:3;4:2,bbox:7;polygon:88,e9384c13bb27702981d6420ab6670c12531d504ab798fdd83205557fac1d8b7f
7364f268bc75da36c4e00f691b4f85ab38cb66e4a5879d1a2e6836e354cfb7ab,train/images/YTDown-com_YouTube_Rush-Hour-Traffic-with-motorcycle-in-Ho-_Media_1ZupwFOhjl4_001_1080p_frame_00179_jpg.rf.487e1aa6d07c5a5f50c63eda49cfe6ea.jpg,train/labels/YTDown-com_YouTube_Rush-Hour-Traffic-with-motorcycle-in-Ho-_Media_1ZupwFOhjl4_001_1080p_frame_00179_jpg.rf.487e1aa6d07c5a5f50c63eda49cfe6ea.txt,YTDown-com_YouTube_Rush-Hour-Traffic-with-motorcycle-in-Ho-_Media_1ZupwFOhjl4_001_1080p,179,89.5,train,labeled,96,0:2;1:25;2:63;3:5;4:1,bbox:9;polygon:87,7364f268bc75da36c4e00f691b4f85ab38cb66e4a5879d1a2e6836e354cfb7ab
a9172bb6a4a66177cceece2c899b6878fce4dbea1415427cc41fcd86303ec454,train/images/YTDown-com_YouTube_Rush-Hour-Traffic-with-motorcycle-in-Ho-_Media_1ZupwFOhjl4_001_1080p_frame_00180_jpg.rf.cbbd89c5ffe67639dd78fae3ca5789d1.jpg,train/labels/YTDown-com_YouTube_Rush-Hour-Traffic-with-motorcycle-in-Ho-_Media_1ZupwFOhjl4_001_1080p_frame_00180_jpg.rf.cbbd89c5ffe67639dd78fae3ca5789d1.txt,YTDown-com_YouTube_Rush-Hour-Traffic-with-motorcycle-in-Ho-_Media_1ZupwFOhjl4_001_1080p,180,90.0,train,labeled,91,0:2;1:25;2:59;3:4;4:1,bbox:1;polygon:90,a9172bb6a4a66177cceece2c899b6878fce4dbea1415427cc41fcd86303ec454
35a8b7d5fba15ade78a706342db2457230569cb954cdc2983d494726f41b2d0d,train/images/YTDown-com_YouTube_Rush-Hour-Traffic-with-motorcycle-in-Ho-_Media_1ZupwFOhjl4_001_1080p_frame_00181_jpg.rf.b90e1812c7416bf6f42fa745c148cd27.jpg,train/labels/YTDown-com_YouTube_Rush-Hour-Traffic-with-motorcycle-in-Ho-_Media_1ZupwFOhjl4_001_1080p_frame_00181_jpg.rf.b90e1812c7416bf6f42fa745c148cd27.txt,YTDown-com_YouTube_Rush-Hour-Traffic-with-motorcycle-in-Ho-_Media_1ZupwFOhjl4_001_1080p,181,90.5,train,labeled,101,0:2;1:26;2:69;3:3;4:1,bbox:6;polygon:95,35a8b7d5fba15ade78a706342db2457230569cb954cdc2983d494726f41b2d0d
d9f628f6aadc313f404a50957d388e4befcd106f50b99290a8d52e1ed94ca890,train/images/YTDown-com_YouTube_Rush-Hour-Traffic-with-motorcycle-in-Ho-_Media_1ZupwFOhjl4_001_1080p_frame_00183_jpg.rf.6b71f7f04724b722282b1c3f659110e8.jpg,train/labels/YTDown-com_YouTube_Rush-Hour-Traffic-with-motorcycle-in-Ho-_Media_1ZupwFOhjl4_001_1080p_frame_00183_jpg.rf.6b71f7f04724b722282b1c3f659110e8.txt,YTDown-com_YouTube_Rush-Hour-Traffic-with-motorcycle-in-Ho-_Media_1ZupwFOhjl4_001_1080p,183,91.5,train,labeled,92,0:4;1:24;2:60;3:3;4:1,bbox:10;polygon:82,d9f628f6aadc313f404a50957d388e4befcd106f50b99290a8d52e1ed94ca890
9ae2e8c432b85391dec440a98ca6e68052ec2c9a9c9ce66a864b550d2c45b997,train/images/YTDown-com_YouTube_Rush-Hour-Traffic-with-motorcycle-in-Ho-_Media_1ZupwFOhjl4_001_1080p_frame_00185_jpg.rf.c5f99d702028761b6c2acc3461541d97.jpg,train/labels/YTDown-com_YouTube_Rush-Hour-Traffic-with-motorcycle-in-Ho-_Media_1ZupwFOhjl4_001_1080p_frame_00185_jpg.rf.c5f99d702028761b6c2acc3461541d97.txt,YTDown-com_YouTube_Rush-Hour-Traffic-with-motorcycle-in-Ho-_Media_1ZupwFOhjl4_001_1080p,185,92.5,train,labeled,98,0:4;1:23;2:66;3:4;4:1,bbox:2;polygon:96,9ae2e8c432b85391dec440a98ca6e68052ec2c9a9c9ce66a864b550d2c45b997
bfcc172d442a5c58ff793bdec9c97675cf99eb14b667a5228815d7224e93ea13,train/images/YTDown-com_YouTube_Rush-Hour-Traffic-with-motorcycle-in-Ho-_Media_1ZupwFOhjl4_001_1080p_frame_00186_jpg.rf.ae75e6b3de9d58914ed708f75320a355.jpg,train/labels/YTDown-com_YouTube_Rush-Hour-Traffic-with-motorcycle-in-Ho-_Media_1ZupwFOhjl4_001_1080p_frame_00186_jpg.rf.ae75e6b3de9d58914ed708f75320a355.txt,YTDown-com_YouTube_Rush-Hour-Traffic-with-motorcycle-in-Ho-_Media_1ZupwFOhjl4_001_1080p,186,93.0,train,labeled,99,0:2;1:24;2:70;3:2;4:1,bbox:6;polygon:93,bfcc172d442a5c58ff793bdec9c97675cf99eb14b667a5228815d7224e93ea13
5d108fb0036809a87ba95510e4ee4ce3e34562a2660406f860192eb94b8a354b,train/images/YTDown-com_YouTube_Rush-Hour-Traffic-with-motorcycle-in-Ho-_Media_1ZupwFOhjl4_001_1080p_frame_00188_jpg.rf.ce35353fe4c832bf8d40b6ce5bd76c33.jpg,train/labels/YTDown-com_YouTube_Rush-Hour-Traffic-with-motorcycle-in-Ho-_Media_1ZupwFOhjl4_001_1080p_frame_00188_jpg.rf.ce35353fe4c832bf8d40b6ce5bd76c33.txt,YTDown-com_YouTube_Rush-Hour-Traffic-with-motorcycle-in-Ho-_Media_1ZupwFOhjl4_001_1080p,188,94.0,train,labeled,97,0:4;1:23;2:68;3:1;4:1,bbox:8;polygon:89,5d108fb0036809a87ba95510e4ee4ce3e34562a2660406f860192eb94b8a354b
372f906ccf77c5a7518d4b5433422e51e2297ec7ff84334e335f2c12ff333c74,train/images/YTDown-com_YouTube_Rush-Hour-Traffic-with-motorcycle-in-Ho-_Media_1ZupwFOhjl4_001_1080p_frame_00189_jpg.rf.d47bbfa46187b20bb64a0c4d783a5ac8.jpg,train/labels/YTDown-com_YouTube_Rush-Hour-Traffic-with-motorcycle-in-Ho-_Media_1ZupwFOhjl4_001_1080p_frame_00189_jpg.rf.d47bbfa46187b20bb64a0c4d783a5ac8.txt,YTDown-com_YouTube_Rush-Hour-Traffic-with-motorcycle-in-Ho-_Media_1ZupwFOhjl4_001_1080p,189,94.5,train,labeled,95,0:3;1:23;2:66;3:2;4:1,bbox:7;polygon:88,372f906ccf77c5a7518d4b5433422e51e2297ec7ff84334e335f2c12ff333c74
6fe7936e0b74bf621ad81240756685d760b715a378d906f025870e5224f2a1f1,train/images/YTDown-com_YouTube_Rush-Hour-Traffic-with-motorcycle-in-Ho-_Media_1ZupwFOhjl4_001_1080p_frame_00192_jpg.rf.5e08dbb676d7b509601f4364c8f4c483.jpg,train/labels/YTDown-com_YouTube_Rush-Hour-Traffic-with-motorcycle-in-Ho-_Media_1ZupwFOhjl4_001_1080p_frame_00192_jpg.rf.5e08dbb676d7b509601f4364c8f4c483.txt,YTDown-com_YouTube_Rush-Hour-Traffic-with-motorcycle-in-Ho-_Media_1ZupwFOhjl4_001_1080p,192,96.0,train,labeled,87,0:3;1:21;2:60;3:2;4:1,bbox:7;polygon:80,6fe7936e0b74bf621ad81240756685d760b715a378d906f025870e5224f2a1f1
3ec92f637c0651dafe24acc5d66361e42b0ac94b2353dc6106f2a985a5878a7a,train/images/YTDown-com_YouTube_Rush-Hour-Traffic-with-motorcycle-in-Ho-_Media_1ZupwFOhjl4_001_1080p_frame_00193_jpg.rf.e5dbde082a555f2880506d585a550734.jpg,train/labels/YTDown-com_YouTube_Rush-Hour-Traffic-with-motorcycle-in-Ho-_Media_1ZupwFOhjl4_001_1080p_frame_00193_jpg.rf.e5dbde082a555f2880506d585a550734.txt,YTDown-com_YouTube_Rush-Hour-Traffic-with-motorcycle-in-Ho-_Media_1ZupwFOhjl4_001_1080p,193,96.5,train,labeled,96,0:6;1:22;2:64;3:3;4:1,bbox:8;polygon:88,3ec92f637c0651dafe24acc5d66361e42b0ac94b2353dc6106f2a985a5878a7a
3a9708a3918ed6b5cbde21745fe4014367969705c5ab88863d2c623a15dc5355,train/images/YTDown-com_YouTube_Rush-Hour-Traffic-with-motorcycle-in-Ho-_Media_1ZupwFOhjl4_001_1080p_frame_00194_jpg.rf.dab57acc9233b9ab580ae37e98858888.jpg,train/labels/YTDown-com_YouTube_Rush-Hour-Traffic-with-motorcycle-in-Ho-_Media_1ZupwFOhjl4_001_1080p_frame_00194_jpg.rf.dab57acc9233b9ab580ae37e98858888.txt,YTDown-com_YouTube_Rush-Hour-Traffic-with-motorcycle-in-Ho-_Media_1ZupwFOhjl4_001_1080p,194,97.0,train,labeled,87,0:4;1:22;2:60;4:1,bbox:9;polygon:78,3a9708a3918ed6b5cbde21745fe4014367969705c5ab88863d2c623a15dc5355
bd4eaeab5e8d1e9045dc7d827f9ea1e3f80674bf0138458e150781eead485fb9,train/images/YTDown-com_YouTube_Rush-Hour-Traffic-with-motorcycle-in-Ho-_Media_1ZupwFOhjl4_001_1080p_frame_00195_jpg.rf.dae78104f84f7462737e5ee7e085ab6a.jpg,train/labels/YTDown-com_YouTube_Rush-Hour-Traffic-with-motorcycle-in-Ho-_Media_1ZupwFOhjl4_001_1080p_frame_00195_jpg.rf.dae78104f84f7462737e5ee7e085ab6a.txt,YTDown-com_YouTube_Rush-Hour-Traffic-with-motorcycle-in-Ho-_Media_1ZupwFOhjl4_001_1080p,195,97.5,train,labeled,89,0:4;1:21;2:63;4:1,bbox:7;polygon:82,bd4eaeab5e8d1e9045dc7d827f9ea1e3f80674bf0138458e150781eead485fb9
1b305b7684e2256f5da58faa898f80f11abcd9bc3226d1a09d7e52c69297249f,train/images/YTDown-com_YouTube_Rush-Hour-Traffic-with-motorcycle-in-Ho-_Media_1ZupwFOhjl4_001_1080p_frame_00196_jpg.rf.32c8ef94c9514b697cd4dac335bcb208.jpg,train/labels/YTDown-com_YouTube_Rush-Hour-Traffic-with-motorcycle-in-Ho-_Media_1ZupwFOhjl4_001_1080p_frame_00196_jpg.rf.32c8ef94c9514b697cd4dac335bcb208.txt,YTDown-com_YouTube_Rush-Hour-Traffic-with-motorcycle-in-Ho-_Media_1ZupwFOhjl4_001_1080p,196,98.0,train,labeled,87,0:3;1:20;2:62;3:1;4:1,bbox:9;polygon:78,1b305b7684e2256f5da58faa898f80f11abcd9bc3226d1a09d7e52c69297249f
27fdf8c3e8a7c4fbb4efb4f8d5f12cea6f0dbeca5bd34ad23d25b9d9c6c4565f,train/images/YTDown-com_YouTube_Rush-Hour-Traffic-with-motorcycle-in-Ho-_Media_1ZupwFOhjl4_001_1080p_frame_00200_jpg.rf.c40e2c453ca4e0e54ba5765bf88c9c32.jpg,train/labels/YTDown-com_YouTube_Rush-Hour-Traffic-with-motorcycle-in-Ho-_Media_1ZupwFOhjl4_001_1080p_frame_00200_jpg.rf.c40e2c453ca4e0e54ba5765bf88c9c32.txt,YTDown-com_YouTube_Rush-Hour-Traffic-with-motorcycle-in-Ho-_Media_1ZupwFOhjl4_001_1080p,200,100.0,train,labeled,89,0:3;1:22;2:61;3:2;4:1,bbox:7;polygon:82,27fdf8c3e8a7c4fbb4efb4f8d5f12cea6f0dbeca5bd34ad23d25b9d9c6c4565f
9b27a519db7c9eb0d16f73641cfe0824f186339a68a3a1961d0be6b0cca6a85a,train/images/YTDown-com_YouTube_Rush-Hour-Traffic-with-motorcycle-in-Ho-_Media_1ZupwFOhjl4_001_1080p_frame_00201_jpg.rf.cec3d44b15c4196b2ba851fa08a73f20.jpg,train/labels/YTDown-com_YouTube_Rush-Hour-Traffic-with-motorcycle-in-Ho-_Media_1ZupwFOhjl4_001_1080p_frame_00201_jpg.rf.cec3d44b15c4196b2ba851fa08a73f20.txt,YTDown-com_YouTube_Rush-Hour-Traffic-with-motorcycle-in-Ho-_Media_1ZupwFOhjl4_001_1080p,201,100.5,train,labeled,84,0:4;1:19;2:59;3:1;4:1,bbox:8;polygon:76,9b27a519db7c9eb0d16f73641cfe0824f186339a68a3a1961d0be6b0cca6a85a
9d85bf3c6b64298d632c6b8ec250b235de1f941daedcf754b40c9f69cdb542f6,train/images/YTDown-com_YouTube_Rush-Hour-Traffic-with-motorcycle-in-Ho-_Media_1ZupwFOhjl4_001_1080p_frame_00202_jpg.rf.81037ddfc17ba7e94483bf708c743689.jpg,train/labels/YTDown-com_YouTube_Rush-Hour-Traffic-with-motorcycle-in-Ho-_Media_1ZupwFOhjl4_001_1080p_frame_00202_jpg.rf.81037ddfc17ba7e94483bf708c743689.txt,YTDown-com_YouTube_Rush-Hour-Traffic-with-motorcycle-in-Ho-_Media_1ZupwFOhjl4_001_1080p,202,101.0,train,labeled,83,0:3;1:18;2:60;3:1;4:1,bbox:8;polygon:75,9d85bf3c6b64298d632c6b8ec250b235de1f941daedcf754b40c9f69cdb542f6
ff1e07b6e3541af1abcbb93e803bff8f639bf85e6e81510fce35d431cc251529,train/images/YTDown-com_YouTube_Rush-Hour-Traffic-with-motorcycle-in-Ho-_Media_1ZupwFOhjl4_001_1080p_frame_00203_jpg.rf.658635db4f1dc46ef8c6643f6077c324.jpg,train/labels/YTDown-com_YouTube_Rush-Hour-Traffic-with-motorcycle-in-Ho-_Media_1ZupwFOhjl4_001_1080p_frame_00203_jpg.rf.658635db4f1dc46ef8c6643f6077c324.txt,YTDown-com_YouTube_Rush-Hour-Traffic-with-motorcycle-in-Ho-_Media_1ZupwFOhjl4_001_1080p,203,101.5,train,labeled,86,0:4;1:20;2:60;3:1;4:1,bbox:5;polygon:81,ff1e07b6e3541af1abcbb93e803bff8f639bf85e6e81510fce35d431cc251529
8ec8e40dd11a792f6ec5aab9ab281692b3db9f4a0852c1acc7b22c713538930a,train/images/YTDown-com_YouTube_Rush-Hour-Traffic-with-motorcycle-in-Ho-_Media_1ZupwFOhjl4_001_1080p_frame_00205_jpg.rf.0bbffcb79b9e4ff1e1b743f4171806db.jpg,train/labels/YTDown-com_YouTube_Rush-Hour-Traffic-with-motorcycle-in-Ho-_Media_1ZupwFOhjl4_001_1080p_frame_00205_jpg.rf.0bbffcb79b9e4ff1e1b743f4171806db.txt,YTDown-com_YouTube_Rush-Hour-Traffic-with-motorcycle-in-Ho-_Media_1ZupwFOhjl4_001_1080p,205,102.5,train,labeled,82,0:4;1:18;2:57;3:2;4:1,bbox:6;polygon:76,8ec8e40dd11a792f6ec5aab9ab281692b3db9f4a0852c1acc7b22c713538930a
629bc135d5fd5ce07a827c7a2678d7b70675877a54473609b171b05122124441,train/images/YTDown-com_YouTube_Rush-Hour-Traffic-with-motorcycle-in-Ho-_Media_1ZupwFOhjl4_001_1080p_frame_00206_jpg.rf.2071e95b0991879fb887adb651f7a67d.jpg,train/labels/YTDown-com_YouTube_Rush-Hour-Traffic-with-motorcycle-in-Ho-_Media_1ZupwFOhjl4_001_1080p_frame_00206_jpg.rf.2071e95b0991879fb887adb651f7a67d.txt,YTDown-com_YouTube_Rush-Hour-Traffic-with-motorcycle-in-Ho-_Media_1ZupwFOhjl4_001_1080p,206,103.0,train,labeled,85,0:4;1:20;2:59;3:1;4:1,bbox:4;polygon:81,629bc135d5fd5ce07a827c7a2678d7b70675877a54473609b171b05122124441
b67f1fe0ebcada5d3bf9d899e3f1a4aeda31d0d377eaff80375b6f6a59bf4bd1,train/images/YTDown-com_YouTube_Rush-Hour-Traffic-with-motorcycle-in-Ho-_Media_1ZupwFOhjl4_001_1080p_frame_00207_jpg.rf.ac66932c1e0010dbe705a0f49f2c013c.jpg,train/labels/YTDown-com_YouTube_Rush-Hour-Traffic-with-motorcycle-in-Ho-_Media_1ZupwFOhjl4_001_1080p_frame_00207_jpg.rf.ac66932c1e0010dbe705a0f49f2c013c.txt,YTDown-com_YouTube_Rush-Hour-Traffic-with-motorcycle-in-Ho-_Media_1ZupwFOhjl4_001_1080p,207,103.5,train,labeled,86,0:4;1:20;2:59;3:2;4:1,bbox:4;polygon:82,b67f1fe0ebcada5d3bf9d899e3f1a4aeda31d0d377eaff80375b6f6a59bf4bd1
62077d80d7f41bd660f5840c632df0d8aadd533aa8e81508b9873b589260c300,train/images/YTDown-com_YouTube_Rush-Hour-Traffic-with-motorcycle-in-Ho-_Media_1ZupwFOhjl4_001_1080p_frame_00210_jpg.rf.2879c7ebe4a991a2465dbe960aa89f88.jpg,train/labels/YTDown-com_YouTube_Rush-Hour-Traffic-with-motorcycle-in-Ho-_Media_1ZupwFOhjl4_001_1080p_frame_00210_jpg.rf.2879c7ebe4a991a2465dbe960aa89f88.txt,YTDown-com_YouTube_Rush-Hour-Traffic-with-motorcycle-in-Ho-_Media_1ZupwFOhjl4_001_1080p,210,105.0,train,labeled,90,0:4;1:21;2:63;3:1;4:1,bbox:6;polygon:84,62077d80d7f41bd660f5840c632df0d8aadd533aa8e81508b9873b589260c300
6875498c15b55c7b9f97968c1b0946a9a91937aa767f2db0f547d54a4bda3831,train/images/YTDown-com_YouTube_Rush-Hour-Traffic-with-motorcycle-in-Ho-_Media_1ZupwFOhjl4_001_1080p_frame_00213_jpg.rf.af32069ab2a46da03523ffa15bfda29c.jpg,train/labels/YTDown-com_YouTube_Rush-Hour-Traffic-with-motorcycle-in-Ho-_Media_1ZupwFOhjl4_001_1080p_frame_00213_jpg.rf.af32069ab2a46da03523ffa15bfda29c.txt,YTDown-com_YouTube_Rush-Hour-Traffic-with-motorcycle-in-Ho-_Media_1ZupwFOhjl4_001_1080p,213,106.5,train,labeled,78,0:3;1:16;2:57;3:1;4:1,bbox:9;polygon:69,6875498c15b55c7b9f97968c1b0946a9a91937aa767f2db0f547d54a4bda3831
d337080f3b970f462b2fadbe54d95a6ccc2e834215f41f14546e3362a05cba81,train/images/YTDown-com_YouTube_Rush-Hour-Traffic-with-motorcycle-in-Ho-_Media_1ZupwFOhjl4_001_1080p_frame_00215_jpg.rf.d353ee13ea8de6f968e98eccabd85f5d.jpg,train/labels/YTDown-com_YouTube_Rush-Hour-Traffic-with-motorcycle-in-Ho-_Media_1ZupwFOhjl4_001_1080p_frame_00215_jpg.rf.d353ee13ea8de6f968e98eccabd85f5d.txt,YTDown-com_YouTube_Rush-Hour-Traffic-with-motorcycle-in-Ho-_Media_1ZupwFOhjl4_001_1080p,215,107.5,train,labeled,79,0:4;1:15;2:58;3:1;4:1,bbox:4;polygon:75,d337080f3b970f462b2fadbe54d95a6ccc2e834215f41f14546e3362a05cba81
5ceeb9388bb5b4e6dc851c961350efdbf7ffcb6e189c073971ebc0d6885cdd0b,train/images/YTDown-com_YouTube_Rush-Hour-Traffic-with-motorcycle-in-Ho-_Media_1ZupwFOhjl4_001_1080p_frame_00216_jpg.rf.978646e876504b5648ce6ecd8f846b6c.jpg,train/labels/YTDown-com_YouTube_Rush-Hour-Traffic-with-motorcycle-in-Ho-_Media_1ZupwFOhjl4_001_1080p_frame_00216_jpg.rf.978646e876504b5648ce6ecd8f846b6c.txt,YTDown-com_YouTube_Rush-Hour-Traffic-with-motorcycle-in-Ho-_Media_1ZupwFOhjl4_001_1080p,216,108.0,train,labeled,78,0:3;1:16;2:58;4:1,bbox:5;polygon:73,5ceeb9388bb5b4e6dc851c961350efdbf7ffcb6e189c073971ebc0d6885cdd0b
2282216b2578801770ef7d941fc6a61fe0130562a93f5423c87928610354750a,train/images/YTDown-com_YouTube_Rush-Hour-Traffic-with-motorcycle-in-Ho-_Media_1ZupwFOhjl4_001_1080p_frame_00217_jpg.rf.4894ee910ace17368b31965dcc69a57e.jpg,train/labels/YTDown-com_YouTube_Rush-Hour-Traffic-with-motorcycle-in-Ho-_Media_1ZupwFOhjl4_001_1080p_frame_00217_jpg.rf.4894ee910ace17368b31965dcc69a57e.txt,YTDown-com_YouTube_Rush-Hour-Traffic-with-motorcycle-in-Ho-_Media_1ZupwFOhjl4_001_1080p,217,108.5,train,labeled,77,0:3;1:15;2:58;4:1,bbox:5;polygon:72,2282216b2578801770ef7d941fc6a61fe0130562a93f5423c87928610354750a
671289374dcca4735c6149809662abd902bdab7e270674b2b22d1e19e227d01a,train/images/YTDown-com_YouTube_Rush-Hour-Traffic-with-motorcycle-in-Ho-_Media_1ZupwFOhjl4_001_1080p_frame_00218_jpg.rf.bbf01447ccf4ef3e60289aaa97cd14e1.jpg,train/labels/YTDown-com_YouTube_Rush-Hour-Traffic-with-motorcycle-in-Ho-_Media_1ZupwFOhjl4_001_1080p_frame_00218_jpg.rf.bbf01447ccf4ef3e60289aaa97cd14e1.txt,YTDown-com_YouTube_Rush-Hour-Traffic-with-motorcycle-in-Ho-_Media_1ZupwFOhjl4_001_1080p,218,109.0,train,labeled,79,0:3;1:12;2:63;4:1,bbox:3;polygon:76,671289374dcca4735c6149809662abd902bdab7e270674b2b22d1e19e227d01a
57a17e01c511e8bb602229ea6925defd212ef4a9c79caa16618bb47626e61794,train/images/YTDown-com_YouTube_Rush-Hour-Traffic-with-motorcycle-in-Ho-_Media_1ZupwFOhjl4_001_1080p_frame_00219_jpg.rf.0332cd174e7bfce9364be6d41fb29912.jpg,train/labels/YTDown-com_YouTube_Rush-Hour-Traffic-with-motorcycle-in-Ho-_Media_1ZupwFOhjl4_001_1080p_frame_00219_jpg.rf.0332cd174e7bfce9364be6d41fb29912.txt,YTDown-com_YouTube_Rush-Hour-Traffic-with-motorcycle-in-Ho-_Media_1ZupwFOhjl4_001_1080p,219,109.5,train,labeled,80,0:5;1:12;2:61;4:2,polygon:80,57a17e01c511e8bb602229ea6925defd212ef4a9c79caa16618bb47626e61794
2392db7f60ed1bfc9505fe33cfdabaac1cfdeb2d6e6ac6415dfca5c4bee6fd78,train/images/YTDown-com_YouTube_Rush-Hour-Traffic-with-motorcycle-in-Ho-_Media_1ZupwFOhjl4_001_1080p_frame_00220_jpg.rf.cad06a8804521f35029ad493c7edd1a3.jpg,train/labels/YTDown-com_YouTube_Rush-Hour-Traffic-with-motorcycle-in-Ho-_Media_1ZupwFOhjl4_001_1080p_frame_00220_jpg.rf.cad06a8804521f35029ad493c7edd1a3.txt,YTDown-com_YouTube_Rush-Hour-Traffic-with-motorcycle-in-Ho-_Media_1ZupwFOhjl4_001_1080p,220,110.0,train,labeled,75,0:3;1:12;2:58;4:2,bbox:6;polygon:69,2392db7f60ed1bfc9505fe33cfdabaac1cfdeb2d6e6ac6415dfca5c4bee6fd78
ec168b1ba62c6b9377b0f0510992c6ec812d56ba35f315d0d4f208deb9c266d3,train/images/YTDown-com_YouTube_Rush-Hour-Traffic-with-motorcycle-in-Ho-_Media_1ZupwFOhjl4_001_1080p_frame_00221_jpg.rf.506d42e46977f8661b105d84f0cbe698.jpg,train/labels/YTDown-com_YouTube_Rush-Hour-Traffic-with-motorcycle-in-Ho-_Media_1ZupwFOhjl4_001_1080p_frame_00221_jpg.rf.506d42e46977f8661b105d84f0cbe698.txt,YTDown-com_YouTube_Rush-Hour-Traffic-with-motorcycle-in-Ho-_Media_1ZupwFOhjl4_001_1080p,221,110.5,train,labeled,77,0:5;1:11;2:60;4:1,bbox:4;polygon:73,ec168b1ba62c6b9377b0f0510992c6ec812d56ba35f315d0d4f208deb9c266d3
ec32b1381644a6a979da5fc2458e330063dd4531fc2f1511341928dcc3f1eeca,train/images/YTDown-com_YouTube_Rush-Hour-Traffic-with-motorcycle-in-Ho-_Media_1ZupwFOhjl4_001_1080p_frame_00224_jpg.rf.5bc89cf83b8c438dfbf5469ae0b58af0.jpg,train/labels/YTDown-com_YouTube_Rush-Hour-Traffic-with-motorcycle-in-Ho-_Media_1ZupwFOhjl4_001_1080p_frame_00224_jpg.rf.5bc89cf83b8c438dfbf5469ae0b58af0.txt,YTDown-com_YouTube_Rush-Hour-Traffic-with-motorcycle-in-Ho-_Media_1ZupwFOhjl4_001_1080p,224,112.0,train,labeled,72,0:4;1:11;2:56;4:1,bbox:7;polygon:65,ec32b1381644a6a979da5fc2458e330063dd4531fc2f1511341928dcc3f1eeca
859357745aca59a29e2cc89360d36dea9732012a23f7209bbc4f8b3cbe1ad8e5,train/images/YTDown-com_YouTube_Rush-Hour-Traffic-with-motorcycle-in-Ho-_Media_1ZupwFOhjl4_001_1080p_frame_00225_jpg.rf.5106640eb58751eb182d736664b39f9a.jpg,train/labels/YTDown-com_YouTube_Rush-Hour-Traffic-with-motorcycle-in-Ho-_Media_1ZupwFOhjl4_001_1080p_frame_00225_jpg.rf.5106640eb58751eb182d736664b39f9a.txt,YTDown-com_YouTube_Rush-Hour-Traffic-with-motorcycle-in-Ho-_Media_1ZupwFOhjl4_001_1080p,225,112.5,train,labeled,70,0:5;1:12;2:51;3:1;4:1,bbox:5;polygon:65,859357745aca59a29e2cc89360d36dea9732012a23f7209bbc4f8b3cbe1ad8e5
17405136218fd457b4f4d0c28635eb741d84e0ecc443dbab5837c26c8489a9bb,train/images/YTDown-com_YouTube_Rush-Hour-Traffic-with-motorcycle-in-Ho-_Media_1ZupwFOhjl4_001_1080p_frame_00226_jpg.rf.82ce309d33c08e4b7ce6ec6bd1de0088.jpg,train/labels/YTDown-com_YouTube_Rush-Hour-Traffic-with-motorcycle-in-Ho-_Media_1ZupwFOhjl4_001_1080p_frame_00226_jpg.rf.82ce309d33c08e4b7ce6ec6bd1de0088.txt,YTDown-com_YouTube_Rush-Hour-Traffic-with-motorcycle-in-Ho-_Media_1ZupwFOhjl4_001_1080p,226,113.0,train,labeled,70,0:5;1:13;2:51;4:1,bbox:5;polygon:65,17405136218fd457b4f4d0c28635eb741d84e0ecc443dbab5837c26c8489a9bb
ce96a06dd5570a5f285905733bf1cfdd785f0db7e5b7c23ce3184bacac7a21ed,train/images/YTDown-com_YouTube_Rush-Hour-Traffic-with-motorcycle-in-Ho-_Media_1ZupwFOhjl4_001_1080p_frame_00228_jpg.rf.376a13ddab64f665d774db60175d8c31.jpg,train/labels/YTDown-com_YouTube_Rush-Hour-Traffic-with-motorcycle-in-Ho-_Media_1ZupwFOhjl4_001_1080p_frame_00228_jpg.rf.376a13ddab64f665d774db60175d8c31.txt,YTDown-com_YouTube_Rush-Hour-Traffic-with-motorcycle-in-Ho-_Media_1ZupwFOhjl4_001_1080p,228,114.0,train,labeled,79,0:6;1:11;2:61;4:1,bbox:4;polygon:75,ce96a06dd5570a5f285905733bf1cfdd785f0db7e5b7c23ce3184bacac7a21ed
17f7e77274b12357e413f46b9325e52a9012d6109f3fc748bef6b28293613d43,train/images/YTDown-com_YouTube_Rush-Hour-Traffic-with-motorcycle-in-Ho-_Media_1ZupwFOhjl4_001_1080p_frame_00229_jpg.rf.44298102817965a0f058ed0eddaa01f1.jpg,train/labels/YTDown-com_YouTube_Rush-Hour-Traffic-with-motorcycle-in-Ho-_Media_1ZupwFOhjl4_001_1080p_frame_00229_jpg.rf.44298102817965a0f058ed0eddaa01f1.txt,YTDown-com_YouTube_Rush-Hour-Traffic-with-motorcycle-in-Ho-_Media_1ZupwFOhjl4_001_1080p,229,114.5,train,labeled,78,0:6;1:11;2:59;3:1;4:1,bbox:8;polygon:70,17f7e77274b12357e413f46b9325e52a9012d6109f3fc748bef6b28293613d43
03e0742d5a958cf16059c16ded83881f06f1dddb749c5fcdbaa223a86ad1d6ba,train/images/YTDown-com_YouTube_Rush-Hour-Traffic-with-motorcycle-in-Ho-_Media_1ZupwFOhjl4_001_1080p_frame_00230_jpg.rf.a8eb189aebe380487c7c5a85763b3940.jpg,train/labels/YTDown-com_YouTube_Rush-Hour-Traffic-with-motorcycle-in-Ho-_Media_1ZupwFOhjl4_001_1080p_frame_00230_jpg.rf.a8eb189aebe380487c7c5a85763b3940.txt,YTDown-com_YouTube_Rush-Hour-Traffic-with-motorcycle-in-Ho-_Media_1ZupwFOhjl4_001_1080p,230,115.0,train,labeled,80,0:6;1:10;2:62;3:1;4:1,bbox:3;polygon:77,03e0742d5a958cf16059c16ded83881f06f1dddb749c5fcdbaa223a86ad1d6ba
67c1d4ed24346c7cc163a3b768fce7358b5fad4f7ad3509a4dd809b8ead5109a,train/images/YTDown-com_YouTube_Rush-Hour-Traffic-with-motorcycle-in-Ho-_Media_1ZupwFOhjl4_001_1080p_frame_00233_jpg.rf.ef46ae63d60d75a6d1bed76bb59321e2.jpg,train/labels/YTDown-com_YouTube_Rush-Hour-Traffic-with-motorcycle-in-Ho-_Media_1ZupwFOhjl4_001_1080p_frame_00233_jpg.rf.ef46ae63d60d75a6d1bed76bb59321e2.txt,YTDown-com_YouTube_Rush-Hour-Traffic-with-motorcycle-in-Ho-_Media_1ZupwFOhjl4_001_1080p,233,116.5,train,labeled,74,0:3;1:13;2:56;3:1;4:1,bbox:3;polygon:71,67c1d4ed24346c7cc163a3b768fce7358b5fad4f7ad3509a4dd809b8ead5109a
edca6ba88fd3928ee7bd807f5649171b0d423feb9cdc5c0c5567f2161268eb7e,train/images/YTDown-com_YouTube_Rush-Hour-Traffic-with-motorcycle-in-Ho-_Media_1ZupwFOhjl4_001_1080p_frame_00234_jpg.rf.6afe163e8e7fb2618d9af015d688a59e.jpg,train/labels/YTDown-com_YouTube_Rush-Hour-Traffic-with-motorcycle-in-Ho-_Media_1ZupwFOhjl4_001_1080p_frame_00234_jpg.rf.6afe163e8e7fb2618d9af015d688a59e.txt,YTDown-com_YouTube_Rush-Hour-Traffic-with-motorcycle-in-Ho-_Media_1ZupwFOhjl4_001_1080p,234,117.0,train,labeled,77,0:3;1:15;2:57;3:1;4:1,bbox:5;polygon:72,edca6ba88fd3928ee7bd807f5649171b0d423feb9cdc5c0c5567f2161268eb7e
3ee5b23c77e48388fbcfcf36a7c17b9d46f6322fc9bd35c5f238898cf570f9c2,train/images/YTDown-com_YouTube_Rush-Hour-Traffic-with-motorcycle-in-Ho-_Media_1ZupwFOhjl4_001_1080p_frame_00237_jpg.rf.d1a231805e17ad8203cb78bb779479e2.jpg,train/labels/YTDown-com_YouTube_Rush-Hour-Traffic-with-motorcycle-in-Ho-_Media_1ZupwFOhjl4_001_1080p_frame_00237_jpg.rf.d1a231805e17ad8203cb78bb779479e2.txt,YTDown-com_YouTube_Rush-Hour-Traffic-with-motorcycle-in-Ho-_Media_1ZupwFOhjl4_001_1080p,237,118.5,train,labeled,75,0:3;1:12;2:59;4:1,bbox:5;polygon:70,3ee5b23c77e48388fbcfcf36a7c17b9d46f6322fc9bd35c5f238898cf570f9c2
827cc11cc9afe6a70de7dd389d3e6be9eefc125bc2e8aae30f91eea66417bb57,train/images/YTDown-com_YouTube_Rush-Hour-Traffic-with-motorcycle-in-Ho-_Media_1ZupwFOhjl4_001_1080p_frame_00239_jpg.rf.273b22a1fb4f463e404cb7ed5d2ee35d.jpg,train/labels/YTDown-com_YouTube_Rush-Hour-Traffic-with-motorcycle-in-Ho-_Media_1ZupwFOhjl4_001_1080p_frame_00239_jpg.rf.273b22a1fb4f463e404cb7ed5d2ee35d.txt,YTDown-com_YouTube_Rush-Hour-Traffic-with-motorcycle-in-Ho-_Media_1ZupwFOhjl4_001_1080p,239,119.5,train,labeled,74,0:2;1:12;2:59;4:1,bbox:5;polygon:69,827cc11cc9afe6a70de7dd389d3e6be9eefc125bc2e8aae30f91eea66417bb57
533d1b05d02055325493f279ca041e0874fec1de2487d3d82f31dfcf1d721810,train/images/YTDown-com_YouTube_Rush-Hour-Traffic-with-motorcycle-in-Ho-_Media_1ZupwFOhjl4_001_1080p_frame_00242_jpg.rf.6999fe660cc066d86cce624cc2cf9c4b.jpg,train/labels/YTDown-com_YouTube_Rush-Hour-Traffic-with-motorcycle-in-Ho-_Media_1ZupwFOhjl4_001_1080p_frame_00242_jpg.rf.6999fe660cc066d86cce624cc2cf9c4b.txt,YTDown-com_YouTube_Rush-Hour-Traffic-with-motorcycle-in-Ho-_Media_1ZupwFOhjl4_001_1080p,242,121.0,train,labeled,75,0:2;1:11;2:58;3:3;4:1,bbox:6;polygon:69,533d1b05d02055325493f279ca041e0874fec1de2487d3d82f31dfcf1d721810
4f4432ab3b89dc222e0fe86d303fbeb538481373c0b9e4de93d81cc1fa94c1ba,train/images/YTDown-com_YouTube_Rush-Hour-Traffic-with-motorcycle-in-Ho-_Media_1ZupwFOhjl4_001_1080p_frame_00243_jpg.rf.aa9c173b8fe8a5e0b5ebb9f0238cec47.jpg,train/labels/YTDown-com_YouTube_Rush-Hour-Traffic-with-motorcycle-in-Ho-_Media_1ZupwFOhjl4_001_1080p_frame_00243_jpg.rf.aa9c173b8fe8a5e0b5ebb9f0238cec47.txt,YTDown-com_YouTube_Rush-Hour-Traffic-with-motorcycle-in-Ho-_Media_1ZupwFOhjl4_001_1080p,243,121.5,train,labeled,72,0:1;1:11;2:56;3:3;4:1,bbox:5;polygon:67,4f4432ab3b89dc222e0fe86d303fbeb538481373c0b9e4de93d81cc1fa94c1ba
f3089bb3eadeefe71bad13b661a6ff65b178da4d2fb9c3f22884e9d1d61d7ada,train/images/YTDown-com_YouTube_Rush-Hour-Traffic-with-motorcycle-in-Ho-_Media_1ZupwFOhjl4_001_1080p_frame_00244_jpg.rf.cdd57254d1e9f0816dd83e91efc56c96.jpg,train/labels/YTDown-com_YouTube_Rush-Hour-Traffic-with-motorcycle-in-Ho-_Media_1ZupwFOhjl4_001_1080p_frame_00244_jpg.rf.cdd57254d1e9f0816dd83e91efc56c96.txt,YTDown-com_YouTube_Rush-Hour-Traffic-with-motorcycle-in-Ho-_Media_1ZupwFOhjl4_001_1080p,244,122.0,train,labeled,72,0:1;1:10;2:58;3:2;4:1,bbox:2;polygon:70,f3089bb3eadeefe71bad13b661a6ff65b178da4d2fb9c3f22884e9d1d61d7ada
0d89c52282cc8ce306fb4c0dd27ea39e7a414b5e217e951f43ba73c48d98e071,train/images/YTDown-com_YouTube_Rush-Hour-Traffic-with-motorcycle-in-Ho-_Media_1ZupwFOhjl4_001_1080p_frame_00245_jpg.rf.90e7c85e9777aaa0eaa37b5e3419f774.jpg,train/labels/YTDown-com_YouTube_Rush-Hour-Traffic-with-motorcycle-in-Ho-_Media_1ZupwFOhjl4_001_1080p_frame_00245_jpg.rf.90e7c85e9777aaa0eaa37b5e3419f774.txt,YTDown-com_YouTube_Rush-Hour-Traffic-with-motorcycle-in-Ho-_Media_1ZupwFOhjl4_001_1080p,245,122.5,train,labeled,70,0:1;1:10;2:56;3:2;4:1,bbox:3;polygon:67,0d89c52282cc8ce306fb4c0dd27ea39e7a414b5e217e951f43ba73c48d98e071
747e56b40ee0997b061ab178adbfc2ed013b9c9b632da47312ea9f2bf1ceede8,train/images/YTDown-com_YouTube_Rush-Hour-Traffic-with-motorcycle-in-Ho-_Media_1ZupwFOhjl4_001_1080p_frame_00246_jpg.rf.0b9560b71296a4a03feee5861e4472bb.jpg,train/labels/YTDown-com_YouTube_Rush-Hour-Traffic-with-motorcycle-in-Ho-_Media_1ZupwFOhjl4_001_1080p_frame_00246_jpg.rf.0b9560b71296a4a03feee5861e4472bb.txt,YTDown-com_YouTube_Rush-Hour-Traffic-with-motorcycle-in-Ho-_Media_1ZupwFOhjl4_001_1080p,246,123.0,train,labeled,70,0:1;1:10;2:56;3:2;4:1,bbox:5;polygon:65,747e56b40ee0997b061ab178adbfc2ed013b9c9b632da47312ea9f2bf1ceede8
c3a87656f5d281543975eb09254db827ae951febc04f865471dab3da5d60afa1,train/images/YTDown-com_YouTube_Rush-Hour-Traffic-with-motorcycle-in-Ho-_Media_1ZupwFOhjl4_001_1080p_frame_00247_jpg.rf.d3663f316599b4c7998bcc777e3f16e6.jpg,train/labels/YTDown-com_YouTube_Rush-Hour-Traffic-with-motorcycle-in-Ho-_Media_1ZupwFOhjl4_001_1080p_frame_00247_jpg.rf.d3663f316599b4c7998bcc777e3f16e6.txt,YTDown-com_YouTube_Rush-Hour-Traffic-with-motorcycle-in-Ho-_Media_1ZupwFOhjl4_001_1080p,247,123.5,train,labeled,72,0:1;1:12;2:53;3:5;4:1,bbox:6;polygon:66,c3a87656f5d281543975eb09254db827ae951febc04f865471dab3da5d60afa1
cf829171520a29e0b1c28ad288ce615963dcb5f38f31c637edb60bf0c6e8e5de,train/images/YTDown-com_YouTube_Rush-Hour-Traffic-with-motorcycle-in-Ho-_Media_1ZupwFOhjl4_001_1080p_frame_00248_jpg.rf.0fab3d6e602dad24090d6b4e9be9d12c.jpg,train/labels/YTDown-com_YouTube_Rush-Hour-Traffic-with-motorcycle-in-Ho-_Media_1ZupwFOhjl4_001_1080p_frame_00248_jpg.rf.0fab3d6e602dad24090d6b4e9be9d12c.txt,YTDown-com_YouTube_Rush-Hour-Traffic-with-motorcycle-in-Ho-_Media_1ZupwFOhjl4_001_1080p,248,124.0,train,labeled,58,0:1;1:10;2:45;3:1;4:1,bbox:5;polygon:53,cf829171520a29e0b1c28ad288ce615963dcb5f38f31c637edb60bf0c6e8e5de
0eb9fa0c71312332e1cee16f92a6b0a9c807659b4284e5af2a34438c528a3e75,train/images/YTDown-com_YouTube_Rush-Hour-Traffic-with-motorcycle-in-Ho-_Media_1ZupwFOhjl4_001_1080p_frame_00249_jpg.rf.ae4cd749e49a978a6d9806bf490b045b.jpg,train/labels/YTDown-com_YouTube_Rush-Hour-Traffic-with-motorcycle-in-Ho-_Media_1ZupwFOhjl4_001_1080p_frame_00249_jpg.rf.ae4cd749e49a978a6d9806bf490b045b.txt,YTDown-com_YouTube_Rush-Hour-Traffic-with-motorcycle-in-Ho-_Media_1ZupwFOhjl4_001_1080p,249,124.5,train,labeled,59,0:1;1:10;2:47;4:1,bbox:2;polygon:57,0eb9fa0c71312332e1cee16f92a6b0a9c807659b4284e5af2a34438c528a3e75
9af531582ff52f13edb229dc687ad01a0f4a33eeeb43ab30dfd24ea7c5ac2119,train/images/YTDown-com_YouTube_Rush-Hour-Traffic-with-motorcycle-in-Ho-_Media_1ZupwFOhjl4_001_1080p_frame_00250_jpg.rf.a0176f332dc24e155466bdfbd756bc8c.jpg,train/labels/YTDown-com_YouTube_Rush-Hour-Traffic-with-motorcycle-in-Ho-_Media_1ZupwFOhjl4_001_1080p_frame_00250_jpg.rf.a0176f332dc24e155466bdfbd756bc8c.txt,YTDown-com_YouTube_Rush-Hour-Traffic-with-motorcycle-in-Ho-_Media_1ZupwFOhjl4_001_1080p,250,125.0,train,labeled,58,0:1;1:10;2:45;3:1;4:1,bbox:2;polygon:56,9af531582ff52f13edb229dc687ad01a0f4a33eeeb43ab30dfd24ea7c5ac2119
1695c4bd3e1db5d6668598b0837e4f078c917a488b5795d2acd0bfba0090d8ff,train/images/YTDown-com_YouTube_Rush-Hour-Traffic-with-motorcycle-in-Ho-_Media_1ZupwFOhjl4_001_1080p_frame_00252_jpg.rf.1704e96183f5c9f56a8e668c56f23f6b.jpg,train/labels/YTDown-com_YouTube_Rush-Hour-Traffic-with-motorcycle-in-Ho-_Media_1ZupwFOhjl4_001_1080p_frame_00252_jpg.rf.1704e96183f5c9f56a8e668c56f23f6b.txt,YTDown-com_YouTube_Rush-Hour-Traffic-with-motorcycle-in-Ho-_Media_1ZupwFOhjl4_001_1080p,252,126.0,train,labeled,51,0:1;1:10;2:39;4:1,bbox:6;polygon:45,1695c4bd3e1db5d6668598b0837e4f078c917a488b5795d2acd0bfba0090d8ff
a84e4dd665f5ee564768a30cb3113e76ae8a924833bb1f5eeaf13bab6cb37369,train/images/YTDown-com_YouTube_Rush-Hour-Traffic-with-motorcycle-in-Ho-_Media_1ZupwFOhjl4_001_1080p_frame_00253_jpg.rf.e6b1f3ad4122f680a22d07aedcc5cddf.jpg,train/labels/YTDown-com_YouTube_Rush-Hour-Traffic-with-motorcycle-in-Ho-_Media_1ZupwFOhjl4_001_1080p_frame_00253_jpg.rf.e6b1f3ad4122f680a22d07aedcc5cddf.txt,YTDown-com_YouTube_Rush-Hour-Traffic-with-motorcycle-in-Ho-_Media_1ZupwFOhjl4_001_1080p,253,126.5,train,labeled,55,0:1;1:10;2:42;3:1;4:1,bbox:2;polygon:53,a84e4dd665f5ee564768a30cb3113e76ae8a924833bb1f5eeaf13bab6cb37369
f7e20be128812cdd7a22e1c876a65f339714d2b967a9a6d1ed0cad851dd3ebf1,train/images/YTDown-com_YouTube_Rush-Hour-Traffic-with-motorcycle-in-Ho-_Media_1ZupwFOhjl4_001_1080p_frame_00254_jpg.rf.168a2172794161fb466ff307a14d0a7c.jpg,train/labels/YTDown-com_YouTube_Rush-Hour-Traffic-with-motorcycle-in-Ho-_Media_1ZupwFOhjl4_001_1080p_frame_00254_jpg.rf.168a2172794161fb466ff307a14d0a7c.txt,YTDown-com_YouTube_Rush-Hour-Traffic-with-motorcycle-in-Ho-_Media_1ZupwFOhjl4_001_1080p,254,127.0,train,labeled,53,0:1;1:11;2:39;3:1;4:1,bbox:2;polygon:51,f7e20be128812cdd7a22e1c876a65f339714d2b967a9a6d1ed0cad851dd3ebf1
f8f071b9ab7425570a11ef2c1e75eb4f2ee77a2a575edac587128f6819c27894,train/images/YTDown-com_YouTube_Rush-Hour-Traffic-with-motorcycle-in-Ho-_Media_1ZupwFOhjl4_001_1080p_frame_00255_jpg.rf.ce49797baf306cb9a7444b172c864f1d.jpg,train/labels/YTDown-com_YouTube_Rush-Hour-Traffic-with-motorcycle-in-Ho-_Media_1ZupwFOhjl4_001_1080p_frame_00255_jpg.rf.ce49797baf306cb9a7444b172c864f1d.txt,YTDown-com_YouTube_Rush-Hour-Traffic-with-motorcycle-in-Ho-_Media_1ZupwFOhjl4_001_1080p,255,127.5,train,labeled,54,0:1;1:10;2:41;3:1;4:1,bbox:2;polygon:52,f8f071b9ab7425570a11ef2c1e75eb4f2ee77a2a575edac587128f6819c27894
5756cb2a209f47ae4d5cabca2edf12665270ab29754a4b91f5ce40e4c87bea13,train/images/YTDown-com_YouTube_Rush-Hour-Traffic-with-motorcycle-in-Ho-_Media_1ZupwFOhjl4_001_1080p_frame_00257_jpg.rf.cd5b0b2e3261233f947142aa990d102c.jpg,train/labels/YTDown-com_YouTube_Rush-Hour-Traffic-with-motorcycle-in-Ho-_Media_1ZupwFOhjl4_001_1080p_frame_00257_jpg.rf.cd5b0b2e3261233f947142aa990d102c.txt,YTDown-com_YouTube_Rush-Hour-Traffic-with-motorcycle-in-Ho-_Media_1ZupwFOhjl4_001_1080p,257,128.5,train,labeled,54,0:1;1:12;2:40;4:1,bbox:1;polygon:53,5756cb2a209f47ae4d5cabca2edf12665270ab29754a4b91f5ce40e4c87bea13
432f615962e9f51d97619551e01f517a6de32346ba1501713f65753f81d8ec01,train/images/YTDown-com_YouTube_Rush-Hour-Traffic-with-motorcycle-in-Ho-_Media_1ZupwFOhjl4_001_1080p_frame_00258_jpg.rf.6600aa76943a0a94e8cac5e873deacbd.jpg,train/labels/YTDown-com_YouTube_Rush-Hour-Traffic-with-motorcycle-in-Ho-_Media_1ZupwFOhjl4_001_1080p_frame_00258_jpg.rf.6600aa76943a0a94e8cac5e873deacbd.txt,YTDown-com_YouTube_Rush-Hour-Traffic-with-motorcycle-in-Ho-_Media_1ZupwFOhjl4_001_1080p,258,129.0,train,labeled,56,0:1;1:11;2:42;3:1;4:1,bbox:1;polygon:55,432f615962e9f51d97619551e01f517a6de32346ba1501713f65753f81d8ec01
ddb5026af5d6e407e874d3d9ded5240aefdf2f57f20e5914e2073f8382f9b5e2,train/images/YTDown-com_YouTube_Rush-Hour-Traffic-with-motorcycle-in-Ho-_Media_1ZupwFOhjl4_001_1080p_frame_00259_jpg.rf.6439945535f499c69d39908e0fdae5d0.jpg,train/labels/YTDown-com_YouTube_Rush-Hour-Traffic-with-motorcycle-in-Ho-_Media_1ZupwFOhjl4_001_1080p_frame_00259_jpg.rf.6439945535f499c69d39908e0fdae5d0.txt,YTDown-com_YouTube_Rush-Hour-Traffic-with-motorcycle-in-Ho-_Media_1ZupwFOhjl4_001_1080p,259,129.5,train,labeled,53,0:1;1:11;2:38;3:2;4:1,polygon:53,ddb5026af5d6e407e874d3d9ded5240aefdf2f57f20e5914e2073f8382f9b5e2
1e506e6448b48ba5c7b5b49d9d048ee1618a24816d9081f74a8905a4a6a85da5,train/images/YTDown-com_YouTube_Rush-Hour-Traffic-with-motorcycle-in-Ho-_Media_1ZupwFOhjl4_001_1080p_frame_00260_jpg.rf.8f68151b9c90cff25dd724ca98c5083b.jpg,train/labels/YTDown-com_YouTube_Rush-Hour-Traffic-with-motorcycle-in-Ho-_Media_1ZupwFOhjl4_001_1080p_frame_00260_jpg.rf.8f68151b9c90cff25dd724ca98c5083b.txt,YTDown-com_YouTube_Rush-Hour-Traffic-with-motorcycle-in-Ho-_Media_1ZupwFOhjl4_001_1080p,260,130.0,train,labeled,55,0:1;1:10;2:41;3:1;4:2,bbox:5;polygon:50,1e506e6448b48ba5c7b5b49d9d048ee1618a24816d9081f74a8905a4a6a85da5
ac501837ca980154ac3569b1e1f4bad87bf58752d697b73e7b4e90fc238069de,train/images/YTDown-com_YouTube_Rush-Hour-Traffic-with-motorcycle-in-Ho-_Media_1ZupwFOhjl4_001_1080p_frame_00263_jpg.rf.ba0b13370fd516f43bd147f900930f84.jpg,train/labels/YTDown-com_YouTube_Rush-Hour-Traffic-with-motorcycle-in-Ho-_Media_1ZupwFOhjl4_001_1080p_frame_00263_jpg.rf.ba0b13370fd516f43bd147f900930f84.txt,YTDown-com_YouTube_Rush-Hour-Traffic-with-motorcycle-in-Ho-_Media_1ZupwFOhjl4_001_1080p,263,131.5,train,labeled,44,0:1;1:10;2:30;3:2;4:1,bbox:5;polygon:39,ac501837ca980154ac3569b1e1f4bad87bf58752d697b73e7b4e90fc238069de
29daf61cc61136b1452657d86fb570a8127cad60bb40d06694f183e144949d79,train/images/YTDown-com_YouTube_Rush-Hour-Traffic-with-motorcycle-in-Ho-_Media_1ZupwFOhjl4_001_1080p_frame_00264_jpg.rf.4cc32f0285615bc33ed95f5b5be5d001.jpg,train/labels/YTDown-com_YouTube_Rush-Hour-Traffic-with-motorcycle-in-Ho-_Media_1ZupwFOhjl4_001_1080p_frame_00264_jpg.rf.4cc32f0285615bc33ed95f5b5be5d001.txt,YTDown-com_YouTube_Rush-Hour-Traffic-with-motorcycle-in-Ho-_Media_1ZupwFOhjl4_001_1080p,264,132.0,train,labeled,43,0:2;1:11;2:28;3:1;4:1,bbox:3;polygon:40,29daf61cc61136b1452657d86fb570a8127cad60bb40d06694f183e144949d79
325232e56cb890a9c20999ff1b876a5c8df1208da2bb427aa1cdd1729e69767f,train/images/YTDown-com_YouTube_Rush-Hour-Traffic-with-motorcycle-in-Ho-_Media_1ZupwFOhjl4_001_1080p_frame_00265_jpg.rf.78c15169ad884bdca64fbc6404596d93.jpg,train/labels/YTDown-com_YouTube_Rush-Hour-Traffic-with-motorcycle-in-Ho-_Media_1ZupwFOhjl4_001_1080p_frame_00265_jpg.rf.78c15169ad884bdca64fbc6404596d93.txt,YTDown-com_YouTube_Rush-Hour-Traffic-with-motorcycle-in-Ho-_Media_1ZupwFOhjl4_001_1080p,265,132.5,train,labeled,44,0:1;1:10;2:32;4:1,bbox:2;polygon:42,325232e56cb890a9c20999ff1b876a5c8df1208da2bb427aa1cdd1729e69767f
3f2589daeaa18ce955f61cac09505bc7c7c89b8424a317c2395614cfd626a798,train/images/YTDown-com_YouTube_Rush-Hour-Traffic-with-motorcycle-in-Ho-_Media_1ZupwFOhjl4_001_1080p_frame_00266_jpg.rf.c8a7a407439a6a4d37e5f7f54c05a7d9.jpg,train/labels/YTDown-com_YouTube_Rush-Hour-Traffic-with-motorcycle-in-Ho-_Media_1ZupwFOhjl4_001_1080p_frame_00266_jpg.rf.c8a7a407439a6a4d37e5f7f54c05a7d9.txt,YTDown-com_YouTube_Rush-Hour-Traffic-with-motorcycle-in-Ho-_Media_1ZupwFOhjl4_001_1080p,266,133.0,train,labeled,43,0:1;1:11;2:29;3:1;4:1,bbox:1;polygon:42,3f2589daeaa18ce955f61cac09505bc7c7c89b8424a317c2395614cfd626a798
8c1f0cbb3b54bbdaaf1b062332ad96dc9685355828375b426e4cd065b08ca75b,train/images/YTDown-com_YouTube_Rush-Hour-Traffic-with-motorcycle-in-Ho-_Media_1ZupwFOhjl4_001_1080p_frame_00267_jpg.rf.b7f436785a1e4165dd58b6259fce4b4c.jpg,train/labels/YTDown-com_YouTube_Rush-Hour-Traffic-with-motorcycle-in-Ho-_Media_1ZupwFOhjl4_001_1080p_frame_00267_jpg.rf.b7f436785a1e4165dd58b6259fce4b4c.txt,YTDown-com_YouTube_Rush-Hour-Traffic-with-motorcycle-in-Ho-_Media_1ZupwFOhjl4_001_1080p,267,133.5,train,labeled,38,0:1;1:11;2:25;4:1,bbox:6;polygon:32,8c1f0cbb3b54bbdaaf1b062332ad96dc9685355828375b426e4cd065b08ca75b
82113be68cf5ca5eee81eac33cde1b30d1f95c9c20441ad503b6cad9caa7069e,train/images/YTDown-com_YouTube_Rush-Hour-Traffic-with-motorcycle-in-Ho-_Media_1ZupwFOhjl4_001_1080p_frame_00268_jpg.rf.10fcf839c40877fa2f9d31df85bffb06.jpg,train/labels/YTDown-com_YouTube_Rush-Hour-Traffic-with-motorcycle-in-Ho-_Media_1ZupwFOhjl4_001_1080p_frame_00268_jpg.rf.10fcf839c40877fa2f9d31df85bffb06.txt,YTDown-com_YouTube_Rush-Hour-Traffic-with-motorcycle-in-Ho-_Media_1ZupwFOhjl4_001_1080p,268,134.0,train,labeled,39,0:1;1:11;2:25;3:1;4:1,bbox:1;polygon:38,82113be68cf5ca5eee81eac33cde1b30d1f95c9c20441ad503b6cad9caa7069e
556ae24a8546bff7bebaf11bf15d4ee25670665fe0aa1cb735fae5b197f8cf68,train/images/YTDown-com_YouTube_Rush-Hour-Traffic-with-motorcycle-in-Ho-_Media_1ZupwFOhjl4_001_1080p_frame_00270_jpg.rf.52c542f8faad10377615ca6c32693a86.jpg,train/labels/YTDown-com_YouTube_Rush-Hour-Traffic-with-motorcycle-in-Ho-_Media_1ZupwFOhjl4_001_1080p_frame_00270_jpg.rf.52c542f8faad10377615ca6c32693a86.txt,YTDown-com_YouTube_Rush-Hour-Traffic-with-motorcycle-in-Ho-_Media_1ZupwFOhjl4_001_1080p,270,135.0,train,labeled,32,0:1;1:9;2:21;4:1,polygon:32,556ae24a8546bff7bebaf11bf15d4ee25670665fe0aa1cb735fae5b197f8cf68
8d3ad4682a3b1580a77ec4ce3011d062d84a151698573c29edad38349aa87266,train/images/YTDown-com_YouTube_Rush-Hour-Traffic-with-motorcycle-in-Ho-_Media_1ZupwFOhjl4_001_1080p_frame_00271_jpg.rf.316168098f398504729d426067af42ae.jpg,train/labels/YTDown-com_YouTube_Rush-Hour-Traffic-with-motorcycle-in-Ho-_Media_1ZupwFOhjl4_001_1080p_frame_00271_jpg.rf.316168098f398504729d426067af42ae.txt,YTDown-com_YouTube_Rush-Hour-Traffic-with-motorcycle-in-Ho-_Media_1ZupwFOhjl4_001_1080p,271,135.5,train,labeled,35,0:1;1:9;2:23;3:1;4:1,bbox:2;polygon:33,8d3ad4682a3b1580a77ec4ce3011d062d84a151698573c29edad38349aa87266
dd9faf8b49f3c3c7738cd157edbb4c1ab8bb3db798cbd057dea68eac281757a2,train/images/YTDown-com_YouTube_Rush-Hour-Traffic-with-motorcycle-in-Ho-_Media_1ZupwFOhjl4_001_1080p_frame_00272_jpg.rf.dd89f42d4b5b684122efaef602ba9d94.jpg,train/labels/YTDown-com_YouTube_Rush-Hour-Traffic-with-motorcycle-in-Ho-_Media_1ZupwFOhjl4_001_1080p_frame_00272_jpg.rf.dd89f42d4b5b684122efaef602ba9d94.txt,YTDown-com_YouTube_Rush-Hour-Traffic-with-motorcycle-in-Ho-_Media_1ZupwFOhjl4_001_1080p,272,136.0,train,labeled,40,0:1;1:8;2:28;3:2;4:1,bbox:3;polygon:37,dd9faf8b49f3c3c7738cd157edbb4c1ab8bb3db798cbd057dea68eac281757a2
b124d02f81562501f01cec8d4014013258b91aa169915e5b3536d09143bf287c,train/images/YTDown-com_YouTube_Rush-Hour-Traffic-with-motorcycle-in-Ho-_Media_1ZupwFOhjl4_001_1080p_frame_00277_jpg.rf.54c6a174aef3e2d3e31f7fd8d0110bf8.jpg,train/labels/YTDown-com_YouTube_Rush-Hour-Traffic-with-motorcycle-in-Ho-_Media_1ZupwFOhjl4_001_1080p_frame_00277_jpg.rf.54c6a174aef3e2d3e31f7fd8d0110bf8.txt,YTDown-com_YouTube_Rush-Hour-Traffic-with-motorcycle-in-Ho-_Media_1ZupwFOhjl4_001_1080p,277,138.5,train,labeled,43,1:9;2:30;3:3;4:1,bbox:5;polygon:38,b124d02f81562501f01cec8d4014013258b91aa169915e5b3536d09143bf287c
ecc1dcb34f488d117a1ecdec892e8dc24b836c67c0207a51f7fe0ce02935a8f0,train/images/YTDown-com_YouTube_Rush-Hour-Traffic-with-motorcycle-in-Ho-_Media_1ZupwFOhjl4_001_1080p_frame_00279_jpg.rf.8e3d4b5fd050378c583d06c67ebcaa48.jpg,train/labels/YTDown-com_YouTube_Rush-Hour-Traffic-with-motorcycle-in-Ho-_Media_1ZupwFOhjl4_001_1080p_frame_00279_jpg.rf.8e3d4b5fd050378c583d06c67ebcaa48.txt,YTDown-com_YouTube_Rush-Hour-Traffic-with-motorcycle-in-Ho-_Media_1ZupwFOhjl4_001_1080p,279,139.5,train,labeled,53,1:6;2:42;3:4;4:1,bbox:8;polygon:45,ecc1dcb34f488d117a1ecdec892e8dc24b836c67c0207a51f7fe0ce02935a8f0
88406310ad3da51d193036a47c95c4e922c2102d472190b2a8b95d9eb5e33ce8,train/images/YTDown-com_YouTube_Rush-Hour-Traffic-with-motorcycle-in-Ho-_Media_1ZupwFOhjl4_001_1080p_frame_00280_jpg.rf.ee406024c51cea99e97867277c5f2da0.jpg,train/labels/YTDown-com_YouTube_Rush-Hour-Traffic-with-motorcycle-in-Ho-_Media_1ZupwFOhjl4_001_1080p_frame_00280_jpg.rf.ee406024c51cea99e97867277c5f2da0.txt,YTDown-com_YouTube_Rush-Hour-Traffic-with-motorcycle-in-Ho-_Media_1ZupwFOhjl4_001_1080p,280,140.0,train,labeled,54,1:7;2:42;3:4;4:1,bbox:4;polygon:50,88406310ad3da51d193036a47c95c4e922c2102d472190b2a8b95d9eb5e33ce8
64f4864d9934be3e261ba66d5a0e0c9680ef9afcffcef8eff487aae35460b47f,train/images/YTDown-com_YouTube_Rush-Hour-Traffic-with-motorcycle-in-Ho-_Media_1ZupwFOhjl4_001_1080p_frame_00281_jpg.rf.5269d3534bc68a5863dca53449e6c995.jpg,train/labels/YTDown-com_YouTube_Rush-Hour-Traffic-with-motorcycle-in-Ho-_Media_1ZupwFOhjl4_001_1080p_frame_00281_jpg.rf.5269d3534bc68a5863dca53449e6c995.txt,YTDown-com_YouTube_Rush-Hour-Traffic-with-motorcycle-in-Ho-_Media_1ZupwFOhjl4_001_1080p,281,140.5,train,labeled,52,1:6;2:43;3:2;4:1,bbox:4;polygon:48,64f4864d9934be3e261ba66d5a0e0c9680ef9afcffcef8eff487aae35460b47f
174a42f146d6d8a528565450b57857bc6661c1c2009539c94f9b762f4b6491c7,train/images/YTDown-com_YouTube_Rush-Hour-Traffic-with-motorcycle-in-Ho-_Media_1ZupwFOhjl4_001_1080p_frame_00283_jpg.rf.39023bde990717937d8957126713b4b6.jpg,train/labels/YTDown-com_YouTube_Rush-Hour-Traffic-with-motorcycle-in-Ho-_Media_1ZupwFOhjl4_001_1080p_frame_00283_jpg.rf.39023bde990717937d8957126713b4b6.txt,YTDown-com_YouTube_Rush-Hour-Traffic-with-motorcycle-in-Ho-_Media_1ZupwFOhjl4_001_1080p,283,141.5,train,labeled,55,1:6;2:45;3:3;4:1,bbox:4;polygon:51,174a42f146d6d8a528565450b57857bc6661c1c2009539c94f9b762f4b6491c7
00daa0c66be23777d947714617aa0b48c893562b2d2773fade0b8061bdd2d999,train/images/YTDown-com_YouTube_Rush-Hour-Traffic-with-motorcycle-in-Ho-_Media_1ZupwFOhjl4_001_1080p_frame_00284_jpg.rf.2403514fe6edef0a45b47959db7f7b20.jpg,train/labels/YTDown-com_YouTube_Rush-Hour-Traffic-with-motorcycle-in-Ho-_Media_1ZupwFOhjl4_001_1080p_frame_00284_jpg.rf.2403514fe6edef0a45b47959db7f7b20.txt,YTDown-com_YouTube_Rush-Hour-Traffic-with-motorcycle-in-Ho-_Media_1ZupwFOhjl4_001_1080p,284,142.0,train,labeled,56,1:6;2:46;3:3;4:1,bbox:2;polygon:54,00daa0c66be23777d947714617aa0b48c893562b2d2773fade0b8061bdd2d999
4befba7ac7741ff91a629a4c743b75a0de3a31a3117181bdbdca2594a1d7779c,train/images/YTDown-com_YouTube_Rush-Hour-Traffic-with-motorcycle-in-Ho-_Media_1ZupwFOhjl4_001_1080p_frame_00285_jpg.rf.620377dd9804d15a59f759a486f82c7d.jpg,train/labels/YTDown-com_YouTube_Rush-Hour-Traffic-with-motorcycle-in-Ho-_Media_1ZupwFOhjl4_001_1080p_frame_00285_jpg.rf.620377dd9804d15a59f759a486f82c7d.txt,YTDown-com_YouTube_Rush-Hour-Traffic-with-motorcycle-in-Ho-_Media_1ZupwFOhjl4_001_1080p,285,142.5,train,labeled,55,1:7;2:47;3:1,bbox:1;polygon:54,4befba7ac7741ff91a629a4c743b75a0de3a31a3117181bdbdca2594a1d7779c
67b5883199339aa7708216aebd7f6d6c83d24f0df20ca279cd393dc14528d325,train/images/YTDown-com_YouTube_Rush-Hour-Traffic-with-motorcycle-in-Ho-_Media_1ZupwFOhjl4_001_1080p_frame_00286_jpg.rf.e8a16cc0ba84aa151781722b6bf73fd7.jpg,train/labels/YTDown-com_YouTube_Rush-Hour-Traffic-with-motorcycle-in-Ho-_Media_1ZupwFOhjl4_001_1080p_frame_00286_jpg.rf.e8a16cc0ba84aa151781722b6bf73fd7.txt,YTDown-com_YouTube_Rush-Hour-Traffic-with-motorcycle-in-Ho-_Media_1ZupwFOhjl4_001_1080p,286,143.0,train,labeled,48,1:7;2:40;4:1,polygon:48,67b5883199339aa7708216aebd7f6d6c83d24f0df20ca279cd393dc14528d325
889f4b468622a1486747568b4d9b96c2e5361f8cf001577c4e5884d34b548109,train/images/YTDown-com_YouTube_Rush-Hour-Traffic-with-motorcycle-in-Ho-_Media_1ZupwFOhjl4_001_1080p_frame_00287_jpg.rf.e7c531ad9cf1107d2f09ec59669c7a65.jpg,train/labels/YTDown-com_YouTube_Rush-Hour-Traffic-with-motorcycle-in-Ho-_Media_1ZupwFOhjl4_001_1080p_frame_00287_jpg.rf.e7c531ad9cf1107d2f09ec59669c7a65.txt,YTDown-com_YouTube_Rush-Hour-Traffic-with-motorcycle-in-Ho-_Media_1ZupwFOhjl4_001_1080p,287,143.5,train,labeled,51,1:8;2:39;3:3;4:1,bbox:5;polygon:46,889f4b468622a1486747568b4d9b96c2e5361f8cf001577c4e5884d34b548109
4a6fc74dfa3da357eeab06b00e0c78de972445d1bf4f30b11f51e90b40f226fd,train/images/YTDown-com_YouTube_Rush-Hour-Traffic-with-motorcycle-in-Ho-_Media_1ZupwFOhjl4_001_1080p_frame_00288_jpg.rf.3e4d6cc4ac7a2445d8cc368248ae53ea.jpg,train/labels/YTDown-com_YouTube_Rush-Hour-Traffic-with-motorcycle-in-Ho-_Media_1ZupwFOhjl4_001_1080p_frame_00288_jpg.rf.3e4d6cc4ac7a2445d8cc368248ae53ea.txt,YTDown-com_YouTube_Rush-Hour-Traffic-with-motorcycle-in-Ho-_Media_1ZupwFOhjl4_001_1080p,288,144.0,train,labeled,50,0:1;1:7;2:40;3:1;4:1,bbox:3;polygon:47,4a6fc74dfa3da357eeab06b00e0c78de972445d1bf4f30b11f51e90b40f226fd
97f304644571c39d7e8e0c56da3c7085772e821b5f07e2a2915235173a207c28,train/images/YTDown-com_YouTube_Rush-Hour-Traffic-with-motorcycle-in-Ho-_Media_1ZupwFOhjl4_001_1080p_frame_00289_jpg.rf.bd9827676a90a4754b107723ebed9e19.jpg,train/labels/YTDown-com_YouTube_Rush-Hour-Traffic-with-motorcycle-in-Ho-_Media_1ZupwFOhjl4_001_1080p_frame_00289_jpg.rf.bd9827676a90a4754b107723ebed9e19.txt,YTDown-com_YouTube_Rush-Hour-Traffic-with-motorcycle-in-Ho-_Media_1ZupwFOhjl4_001_1080p,289,144.5,train,labeled,46,0:1;1:7;2:34;3:3;4:1,bbox:4;polygon:42,97f304644571c39d7e8e0c56da3c7085772e821b5f07e2a2915235173a207c28
54c3d26c633822b476bb894995677ec74af607cd7179c8a6185a8cc89b044a00,train/images/YTDown-com_YouTube_Rush-Hour-Traffic-with-motorcycle-in-Ho-_Media_1ZupwFOhjl4_001_1080p_frame_00291_jpg.rf.f74cd9ac1ccbbbfaf3bd82a983d4f5ef.jpg,train/labels/YTDown-com_YouTube_Rush-Hour-Traffic-with-motorcycle-in-Ho-_Media_1ZupwFOhjl4_001_1080p_frame_00291_jpg.rf.f74cd9ac1ccbbbfaf3bd82a983d4f5ef.txt,YTDown-com_YouTube_Rush-Hour-Traffic-with-motorcycle-in-Ho-_Media_1ZupwFOhjl4_001_1080p,291,145.5,train,labeled,52,0:1;1:7;2:41;3:2;4:1,bbox:3;polygon:49,54c3d26c633822b476bb894995677ec74af607cd7179c8a6185a8cc89b044a00
2c789c0cc70ba7d697595daa916e053ba060f32221e7aa2ec4732a32d0edb64e,train/images/YTDown-com_YouTube_Rush-Hour-Traffic-with-motorcycle-in-Ho-_Media_1ZupwFOhjl4_001_1080p_frame_00292_jpg.rf.17b3e0c06f6527bb08ce6add0616eb39.jpg,train/labels/YTDown-com_YouTube_Rush-Hour-Traffic-with-motorcycle-in-Ho-_Media_1ZupwFOhjl4_001_1080p_frame_00292_jpg.rf.17b3e0c06f6527bb08ce6add0616eb39.txt,YTDown-com_YouTube_Rush-Hour-Traffic-with-motorcycle-in-Ho-_Media_1ZupwFOhjl4_001_1080p,292,146.0,train,labeled,50,0:1;1:7;2:41;3:1,polygon:50,2c789c0cc70ba7d697595daa916e053ba060f32221e7aa2ec4732a32d0edb64e
f48ed502ad2fd6c2b38b260af5d0a8fcf65bdf27a28f79f91f7c3c3aeb9bc8c4,train/images/YTDown-com_YouTube_Rush-Hour-Traffic-with-motorcycle-in-Ho-_Media_1ZupwFOhjl4_001_1080p_frame_00294_jpg.rf.a86a69722ab372c6c32005197c5fbd65.jpg,train/labels/YTDown-com_YouTube_Rush-Hour-Traffic-with-motorcycle-in-Ho-_Media_1ZupwFOhjl4_001_1080p_frame_00294_jpg.rf.a86a69722ab372c6c32005197c5fbd65.txt,YTDown-com_YouTube_Rush-Hour-Traffic-with-motorcycle-in-Ho-_Media_1ZupwFOhjl4_001_1080p,294,147.0,train,labeled,51,0:1;1:8;2:40;3:2,bbox:2;polygon:49,f48ed502ad2fd6c2b38b260af5d0a8fcf65bdf27a28f79f91f7c3c3aeb9bc8c4
3bdaa5e7bf1ef0d7773df71f8e7eb44903410395ebd4a7a4d3642241f03a434c,train/images/YTDown-com_YouTube_Rush-Hour-Traffic-with-motorcycle-in-Ho-_Media_1ZupwFOhjl4_001_1080p_frame_00295_jpg.rf.9d1843a335ede8014c91129cfd53ac7e.jpg,train/labels/YTDown-com_YouTube_Rush-Hour-Traffic-with-motorcycle-in-Ho-_Media_1ZupwFOhjl4_001_1080p_frame_00295_jpg.rf.9d1843a335ede8014c91129cfd53ac7e.txt,YTDown-com_YouTube_Rush-Hour-Traffic-with-motorcycle-in-Ho-_Media_1ZupwFOhjl4_001_1080p,295,147.5,train,labeled,57,0:1;1:10;2:41;3:5,bbox:4;polygon:53,3bdaa5e7bf1ef0d7773df71f8e7eb44903410395ebd4a7a4d3642241f03a434c
9f8ea648fc33789b7e45f34f348738a63e8390b15bad5f0a5f2b487710be8881,train/images/YTDown-com_YouTube_Rush-Hour-Traffic-with-motorcycle-in-Ho-_Media_1ZupwFOhjl4_001_1080p_frame_00296_jpg.rf.7e2498daa79b4d93e775f509894e75bb.jpg,train/labels/YTDown-com_YouTube_Rush-Hour-Traffic-with-motorcycle-in-Ho-_Media_1ZupwFOhjl4_001_1080p_frame_00296_jpg.rf.7e2498daa79b4d93e775f509894e75bb.txt,YTDown-com_YouTube_Rush-Hour-Traffic-with-motorcycle-in-Ho-_Media_1ZupwFOhjl4_001_1080p,296,148.0,train,labeled,57,0:1;1:8;2:46;3:2,bbox:5;polygon:52,9f8ea648fc33789b7e45f34f348738a63e8390b15bad5f0a5f2b487710be8881
9c00cfbb3667b31648bd0c78749500f0b5404257eeea39ce233c8dc16503757e,train/images/YTDown-com_YouTube_Rush-Hour-Traffic-with-motorcycle-in-Ho-_Media_1ZupwFOhjl4_001_1080p_frame_00297_jpg.rf.c8595d4ed16fd913d50694ab44029a19.jpg,train/labels/YTDown-com_YouTube_Rush-Hour-Traffic-with-motorcycle-in-Ho-_Media_1ZupwFOhjl4_001_1080p_frame_00297_jpg.rf.c8595d4ed16fd913d50694ab44029a19.txt,YTDown-com_YouTube_Rush-Hour-Traffic-with-motorcycle-in-Ho-_Media_1ZupwFOhjl4_001_1080p,297,148.5,train,labeled,68,0:1;1:10;2:54;3:3,bbox:1;polygon:67,9c00cfbb3667b31648bd0c78749500f0b5404257eeea39ce233c8dc16503757e
6bd3177bb668a48fd7d7d958f0aec86d8cf966b4c20f8b8be933fc26940872c7,train/images/YTDown-com_YouTube_Rush-Hour-Traffic-with-motorcycle-in-Ho-_Media_1ZupwFOhjl4_001_1080p_frame_00298_jpg.rf.62f6e358398bcce0291f21ef94b105b5.jpg,train/labels/YTDown-com_YouTube_Rush-Hour-Traffic-with-motorcycle-in-Ho-_Media_1ZupwFOhjl4_001_1080p_frame_00298_jpg.rf.62f6e358398bcce0291f21ef94b105b5.txt,YTDown-com_YouTube_Rush-Hour-Traffic-with-motorcycle-in-Ho-_Media_1ZupwFOhjl4_001_1080p,298,149.0,train,labeled,58,0:1;1:8;2:45;3:4,polygon:58,6bd3177bb668a48fd7d7d958f0aec86d8cf966b4c20f8b8be933fc26940872c7
2afcf88fdfa49c09ce296faf8a51267f0a013d2576980ff8ac22aa0741115934,train/images/YTDown-com_YouTube_Rush-Hour-Traffic-with-motorcycle-in-Ho-_Media_1ZupwFOhjl4_001_1080p_frame_00299_jpg.rf.30119916a17ba7dba47ecc9bc2685095.jpg,train/labels/YTDown-com_YouTube_Rush-Hour-Traffic-with-motorcycle-in-Ho-_Media_1ZupwFOhjl4_001_1080p_frame_00299_jpg.rf.30119916a17ba7dba47ecc9bc2685095.txt,YTDown-com_YouTube_Rush-Hour-Traffic-with-motorcycle-in-Ho-_Media_1ZupwFOhjl4_001_1080p,299,149.5,train,labeled,59,0:1;1:6;2:48;3:4,bbox:2;polygon:57,2afcf88fdfa49c09ce296faf8a51267f0a013d2576980ff8ac22aa0741115934
23ea6501e61c9161d4b1e1f047db157f9b7600f2476cce9846f73f8590beb967,train/images/YTDown-com_YouTube_Rush-Hour-Traffic-with-motorcycle-in-Ho-_Media_1ZupwFOhjl4_001_1080p_frame_00300_jpg.rf.02ded75d45ccac8c7df006137d2b5a59.jpg,train/labels/YTDown-com_YouTube_Rush-Hour-Traffic-with-motorcycle-in-Ho-_Media_1ZupwFOhjl4_001_1080p_frame_00300_jpg.rf.02ded75d45ccac8c7df006137d2b5a59.txt,YTDown-com_YouTube_Rush-Hour-Traffic-with-motorcycle-in-Ho-_Media_1ZupwFOhjl4_001_1080p,300,150.0,train,labeled,53,0:1;1:5;2:45;3:2,bbox:4;polygon:49,23ea6501e61c9161d4b1e1f047db157f9b7600f2476cce9846f73f8590beb967
03ae349982e26ba306b84f8b59336c3ad1068a9593fb133848ce89bcebac3b8c,train/images/YTDown-com_YouTube_Rush-Hour-Traffic-with-motorcycle-in-Ho-_Media_1ZupwFOhjl4_001_1080p_frame_00301_jpg.rf.78d24d81a3b33aefbfd1dca0baa89e43.jpg,train/labels/YTDown-com_YouTube_Rush-Hour-Traffic-with-motorcycle-in-Ho-_Media_1ZupwFOhjl4_001_1080p_frame_00301_jpg.rf.78d24d81a3b33aefbfd1dca0baa89e43.txt,YTDown-com_YouTube_Rush-Hour-Traffic-with-motorcycle-in-Ho-_Media_1ZupwFOhjl4_001_1080p,301,150.5,train,labeled,52,0:1;1:5;2:44;3:2,bbox:4;polygon:48,03ae349982e26ba306b84f8b59336c3ad1068a9593fb133848ce89bcebac3b8c
02e3280c762a6bf6c0acccfca83ee9efd002bc43a392161720a26f66b98602f1,train/images/YTDown-com_YouTube_Rush-Hour-Traffic-with-motorcycle-in-Ho-_Media_1ZupwFOhjl4_001_1080p_frame_00302_jpg.rf.95c309f53e9b3fa5818c28b732906fe5.jpg,train/labels/YTDown-com_YouTube_Rush-Hour-Traffic-with-motorcycle-in-Ho-_Media_1ZupwFOhjl4_001_1080p_frame_00302_jpg.rf.95c309f53e9b3fa5818c28b732906fe5.txt,YTDown-com_YouTube_Rush-Hour-Traffic-with-motorcycle-in-Ho-_Media_1ZupwFOhjl4_001_1080p,302,151.0,train,labeled,58,0:1;1:9;2:48,bbox:6;polygon:52,02e3280c762a6bf6c0acccfca83ee9efd002bc43a392161720a26f66b98602f1
a5bb8af69c25f0b1b0f9783f2ac383325a4b7942e47dfc31b8a49936e77d370b,train/images/YTDown-com_YouTube_Rush-Hour-Traffic-with-motorcycle-in-Ho-_Media_1ZupwFOhjl4_001_1080p_frame_00303_jpg.rf.72276a20b807b73b403bf493606c9c47.jpg,train/labels/YTDown-com_YouTube_Rush-Hour-Traffic-with-motorcycle-in-Ho-_Media_1ZupwFOhjl4_001_1080p_frame_00303_jpg.rf.72276a20b807b73b403bf493606c9c47.txt,YTDown-com_YouTube_Rush-Hour-Traffic-with-motorcycle-in-Ho-_Media_1ZupwFOhjl4_001_1080p,303,151.5,train,labeled,59,0:1;1:9;2:46;3:3,bbox:3;polygon:56,a5bb8af69c25f0b1b0f9783f2ac383325a4b7942e47dfc31b8a49936e77d370b
18d3a66bc936b4836c496879bd41d9e01a592093c17a0dabcbc9e7e361f8b7de,train/images/YTDown-com_YouTube_Rush-Hour-Traffic-with-motorcycle-in-Ho-_Media_1ZupwFOhjl4_001_1080p_frame_00307_jpg.rf.1183009d73bcd2fac9327c1c70a07669.jpg,train/labels/YTDown-com_YouTube_Rush-Hour-Traffic-with-motorcycle-in-Ho-_Media_1ZupwFOhjl4_001_1080p_frame_00307_jpg.rf.1183009d73bcd2fac9327c1c70a07669.txt,YTDown-com_YouTube_Rush-Hour-Traffic-with-motorcycle-in-Ho-_Media_1ZupwFOhjl4_001_1080p,307,153.5,train,labeled,60,0:1;1:8;2:50;3:1,bbox:3;polygon:57,18d3a66bc936b4836c496879bd41d9e01a592093c17a0dabcbc9e7e361f8b7de
e692a581e5be88ac8a283a8043d07ef7392b926471cc1942ac70f9470f3f39fb,train/images/YTDown-com_YouTube_Rush-Hour-Traffic-with-motorcycle-in-Ho-_Media_1ZupwFOhjl4_001_1080p_frame_00308_jpg.rf.e192a1508bac83e6053c6c7df87c8529.jpg,train/labels/YTDown-com_YouTube_Rush-Hour-Traffic-with-motorcycle-in-Ho-_Media_1ZupwFOhjl4_001_1080p_frame_00308_jpg.rf.e192a1508bac83e6053c6c7df87c8529.txt,YTDown-com_YouTube_Rush-Hour-Traffic-with-motorcycle-in-Ho-_Media_1ZupwFOhjl4_001_1080p,308,154.0,train,labeled,54,0:1;1:8;2:45,bbox:3;polygon:51,e692a581e5be88ac8a283a8043d07ef7392b926471cc1942ac70f9470f3f39fb
a39d32d6532a764b17a54ea43c26cdfa29603adb1e5845b58d71c5c76d3bfbe0,train/images/YTDown-com_YouTube_Rush-Hour-Traffic-with-motorcycle-in-Ho-_Media_1ZupwFOhjl4_001_1080p_frame_00309_jpg.rf.d28aed8cdfe614be8dcc067a3f1eadf0.jpg,train/labels/YTDown-com_YouTube_Rush-Hour-Traffic-with-motorcycle-in-Ho-_Media_1ZupwFOhjl4_001_1080p_frame_00309_jpg.rf.d28aed8cdfe614be8dcc067a3f1eadf0.txt,YTDown-com_YouTube_Rush-Hour-Traffic-with-motorcycle-in-Ho-_Media_1ZupwFOhjl4_001_1080p,309,154.5,train,labeled,58,0:1;1:9;2:47;3:1,bbox:3;polygon:55,a39d32d6532a764b17a54ea43c26cdfa29603adb1e5845b58d71c5c76d3bfbe0
659a55860bf8b13b4280fc2a60186e05affda77a4ccee33127c7123d59bb8eb7,train/images/YTDown-com_YouTube_Rush-Hour-Traffic-with-motorcycle-in-Ho-_Media_1ZupwFOhjl4_001_1080p_frame_00310_jpg.rf.98cac1f185fa0c725fa77c4bcb02d254.jpg,train/labels/YTDown-com_YouTube_Rush-Hour-Traffic-with-motorcycle-in-Ho-_Media_1ZupwFOhjl4_001_1080p_frame_00310_jpg.rf.98cac1f185fa0c725fa77c4bcb02d254.txt,YTDown-com_YouTube_Rush-Hour-Traffic-with-motorcycle-in-Ho-_Media_1ZupwFOhjl4_001_1080p,310,155.0,train,labeled,51,0:1;1:7;2:42;3:1,bbox:3;polygon:48,659a55860bf8b13b4280fc2a60186e05affda77a4ccee33127c7123d59bb8eb7
36150aa872d900536ec900afcbfa86ab6ca2dd6a49dff680cb5779024ed5fbfb,train/images/YTDown-com_YouTube_Rush-Hour-Traffic-with-motorcycle-in-Ho-_Media_1ZupwFOhjl4_001_1080p_frame_00313_jpg.rf.b71ef4c8baa35e3e2ef88fe12214fdae.jpg,train/labels/YTDown-com_YouTube_Rush-Hour-Traffic-with-motorcycle-in-Ho-_Media_1ZupwFOhjl4_001_1080p_frame_00313_jpg.rf.b71ef4c8baa35e3e2ef88fe12214fdae.txt,YTDown-com_YouTube_Rush-Hour-Traffic-with-motorcycle-in-Ho-_Media_1ZupwFOhjl4_001_1080p,313,156.5,train,labeled,41,1:4;2:36;3:1,bbox:2;polygon:39,36150aa872d900536ec900afcbfa86ab6ca2dd6a49dff680cb5779024ed5fbfb
388858a74014c2bca5d39552a691459ca149fd716a961efe28b0e35d957bb882,train/images/YTDown-com_YouTube_Rush-Hour-Traffic-with-motorcycle-in-Ho-_Media_1ZupwFOhjl4_001_1080p_frame_00314_jpg.rf.404723b2e35b6a7e5ba76f2d032aa0dd.jpg,train/labels/YTDown-com_YouTube_Rush-Hour-Traffic-with-motorcycle-in-Ho-_Media_1ZupwFOhjl4_001_1080p_frame_00314_jpg.rf.404723b2e35b6a7e5ba76f2d032aa0dd.txt,YTDown-com_YouTube_Rush-Hour-Traffic-with-motorcycle-in-Ho-_Media_1ZupwFOhjl4_001_1080p,314,157.0,train,labeled,41,0:1;1:6;2:33;3:1,bbox:3;polygon:38,388858a74014c2bca5d39552a691459ca149fd716a961efe28b0e35d957bb882
4278089e3c86f0206149aab6bd2337d10c7da17b16a1143caa1b9bf5b1305267,train/images/YTDown-com_YouTube_Rush-Hour-Traffic-with-motorcycle-in-Ho-_Media_1ZupwFOhjl4_001_1080p_frame_00316_jpg.rf.a16b7a46e456bfc7c612eb95433eb6ea.jpg,train/labels/YTDown-com_YouTube_Rush-Hour-Traffic-with-motorcycle-in-Ho-_Media_1ZupwFOhjl4_001_1080p_frame_00316_jpg.rf.a16b7a46e456bfc7c612eb95433eb6ea.txt,YTDown-com_YouTube_Rush-Hour-Traffic-with-motorcycle-in-Ho-_Media_1ZupwFOhjl4_001_1080p,316,158.0,train,labeled,41,0:1;1:4;2:35;3:1,bbox:2;polygon:39,4278089e3c86f0206149aab6bd2337d10c7da17b16a1143caa1b9bf5b1305267
86d650bfcf0fe9755d7bb340afa15f23503587013820bb801b4150fa57cca713,train/images/YTDown-com_YouTube_Rush-Hour-Traffic-with-motorcycle-in-Ho-_Media_1ZupwFOhjl4_001_1080p_frame_00317_jpg.rf.64ce7652f802202486d318e3f35d85ea.jpg,train/labels/YTDown-com_YouTube_Rush-Hour-Traffic-with-motorcycle-in-Ho-_Media_1ZupwFOhjl4_001_1080p_frame_00317_jpg.rf.64ce7652f802202486d318e3f35d85ea.txt,YTDown-com_YouTube_Rush-Hour-Traffic-with-motorcycle-in-Ho-_Media_1ZupwFOhjl4_001_1080p,317,158.5,train,labeled,38,0:1;1:5;2:31;3:1,bbox:2;polygon:36,86d650bfcf0fe9755d7bb340afa15f23503587013820bb801b4150fa57cca713
ac72b64717dc575d9d7b1cd4e941f69f9a032fa880a88a8fb401d47252a2258a,train/images/YTDown-com_YouTube_Rush-Hour-Traffic-with-motorcycle-in-Ho-_Media_1ZupwFOhjl4_001_1080p_frame_00319_jpg.rf.afcb30950987e8c4e72e706b0e5b5dbd.jpg,train/labels/YTDown-com_YouTube_Rush-Hour-Traffic-with-motorcycle-in-Ho-_Media_1ZupwFOhjl4_001_1080p_frame_00319_jpg.rf.afcb30950987e8c4e72e706b0e5b5dbd.txt,YTDown-com_YouTube_Rush-Hour-Traffic-with-motorcycle-in-Ho-_Media_1ZupwFOhjl4_001_1080p,319,159.5,train,labeled,46,0:1;1:7;2:38,bbox:1;polygon:45,ac72b64717dc575d9d7b1cd4e941f69f9a032fa880a88a8fb401d47252a2258a
e1aa6cb418ae7e74fbf87ca6f9fdd3847fd778b6296aeb34a82e4e08320909c0,train/images/YTDown-com_YouTube_Rush-Hour-Traffic-with-motorcycle-in-Ho-_Media_1ZupwFOhjl4_001_1080p_frame_00320_jpg.rf.6bbae94110aa8aa6504351a6e37c07a6.jpg,train/labels/YTDown-com_YouTube_Rush-Hour-Traffic-with-motorcycle-in-Ho-_Media_1ZupwFOhjl4_001_1080p_frame_00320_jpg.rf.6bbae94110aa8aa6504351a6e37c07a6.txt,YTDown-com_YouTube_Rush-Hour-Traffic-with-motorcycle-in-Ho-_Media_1ZupwFOhjl4_001_1080p,320,160.0,train,labeled,46,0:1;1:7;2:37;3:1,bbox:4;polygon:42,e1aa6cb418ae7e74fbf87ca6f9fdd3847fd778b6296aeb34a82e4e08320909c0
d557579c52814c1b6d270192c711c1ed9dde56bcf917023a3fc719d139bfebb2,train/images/YTDown-com_YouTube_Rush-Hour-Traffic-with-motorcycle-in-Ho-_Media_1ZupwFOhjl4_001_1080p_frame_00321_jpg.rf.b59247ce69cb9a617d8d81d4f3308b9b.jpg,train/labels/YTDown-com_YouTube_Rush-Hour-Traffic-with-motorcycle-in-Ho-_Media_1ZupwFOhjl4_001_1080p_frame_00321_jpg.rf.b59247ce69cb9a617d8d81d4f3308b9b.txt,YTDown-com_YouTube_Rush-Hour-Traffic-with-motorcycle-in-Ho-_Media_1ZupwFOhjl4_001_1080p,321,160.5,train,labeled,45,0:3;1:6;2:36,bbox:4;polygon:41,d557579c52814c1b6d270192c711c1ed9dde56bcf917023a3fc719d139bfebb2
aa76ca055ae3e1b63636cc752fdc1e77b42528bfb6813afae1139ff7f026b7ec,train/images/YTDown-com_YouTube_Rush-Hour-Traffic-with-motorcycle-in-Ho-_Media_1ZupwFOhjl4_001_1080p_frame_00322_jpg.rf.09f113c34f59a96118ce9682203b05e1.jpg,train/labels/YTDown-com_YouTube_Rush-Hour-Traffic-with-motorcycle-in-Ho-_Media_1ZupwFOhjl4_001_1080p_frame_00322_jpg.rf.09f113c34f59a96118ce9682203b05e1.txt,YTDown-com_YouTube_Rush-Hour-Traffic-with-motorcycle-in-Ho-_Media_1ZupwFOhjl4_001_1080p,322,161.0,train,labeled,47,0:2;1:6;2:38;3:1,bbox:1;polygon:46,aa76ca055ae3e1b63636cc752fdc1e77b42528bfb6813afae1139ff7f026b7ec
57b9112b041e8181da57e77ed8fcd555faf5cda242c972a7b03bfcfce5df35a1,train/images/YTDown-com_YouTube_Rush-Hour-Traffic-with-motorcycle-in-Ho-_Media_1ZupwFOhjl4_001_1080p_frame_00323_jpg.rf.badf3b7debb452fe3fb1cff673a35513.jpg,train/labels/YTDown-com_YouTube_Rush-Hour-Traffic-with-motorcycle-in-Ho-_Media_1ZupwFOhjl4_001_1080p_frame_00323_jpg.rf.badf3b7debb452fe3fb1cff673a35513.txt,YTDown-com_YouTube_Rush-Hour-Traffic-with-motorcycle-in-Ho-_Media_1ZupwFOhjl4_001_1080p,323,161.5,train,labeled,47,0:1;1:7;2:37;3:2,bbox:5;polygon:42,57b9112b041e8181da57e77ed8fcd555faf5cda242c972a7b03bfcfce5df35a1
b8bdbc8d7ef5035c1f94694facfcab2020ffb7d2c18aa1da4705d9a8161886db,train/images/YTDown-com_YouTube_Rush-Hour-Traffic-with-motorcycle-in-Ho-_Media_1ZupwFOhjl4_001_1080p_frame_00324_jpg.rf.56db6554c7afe8d1b14e8a8c77695342.jpg,train/labels/YTDown-com_YouTube_Rush-Hour-Traffic-with-motorcycle-in-Ho-_Media_1ZupwFOhjl4_001_1080p_frame_00324_jpg.rf.56db6554c7afe8d1b14e8a8c77695342.txt,YTDown-com_YouTube_Rush-Hour-Traffic-with-motorcycle-in-Ho-_Media_1ZupwFOhjl4_001_1080p,324,162.0,train,labeled,47,0:3;1:4;2:37;3:3,bbox:7;polygon:40,b8bdbc8d7ef5035c1f94694facfcab2020ffb7d2c18aa1da4705d9a8161886db
28330556f3d5a30d2b5af1502067ba55050623902434317ea2e1f4f62d0f7471,train/images/YTDown-com_YouTube_Rush-Hour-Traffic-with-motorcycle-in-Ho-_Media_1ZupwFOhjl4_001_1080p_frame_00326_jpg.rf.18824ce2090f0bdc62386d3e0add6251.jpg,train/labels/YTDown-com_YouTube_Rush-Hour-Traffic-with-motorcycle-in-Ho-_Media_1ZupwFOhjl4_001_1080p_frame_00326_jpg.rf.18824ce2090f0bdc62386d3e0add6251.txt,YTDown-com_YouTube_Rush-Hour-Traffic-with-motorcycle-in-Ho-_Media_1ZupwFOhjl4_001_1080p,326,163.0,train,labeled,7,0:1;1:4;2:1;3:1,polygon:7,28330556f3d5a30d2b5af1502067ba55050623902434317ea2e1f4f62d0f7471
b30f70f4710ab5c7bcc649d2c1ec6d15dee3d1c2a54a2b61a0b45517ed2661e0,train/images/YTDown-com_YouTube_Traffic-in-Hanoi-during-rush-hour_Media_oetF3UTIwbc_001_480p_frame_00001_jpg.rf.14da919f115a995104fa9cc6c75d6c9f.jpg,train/labels/YTDown-com_YouTube_Traffic-in-Hanoi-during-rush-hour_Media_oetF3UTIwbc_001_480p_frame_00001_jpg.rf.14da919f115a995104fa9cc6c75d6c9f.txt,YTDown-com_YouTube_Traffic-in-Hanoi-during-rush-hour_Media_oetF3UTIwbc_001_480p,1,0.5,train,labeled,35,0:1;1:3;2:25;3:6,bbox:3;polygon:32,b30f70f4710ab5c7bcc649d2c1ec6d15dee3d1c2a54a2b61a0b45517ed2661e0
23b96d7a6a16b3c7e88820982538014375731df725eb283c3056dfe6f98e183b,train/images/YTDown-com_YouTube_Traffic-in-Hanoi-during-rush-hour_Media_oetF3UTIwbc_001_480p_frame_00002_jpg.rf.9de0b684a2c01b092e611170e30d845a.jpg,train/labels/YTDown-com_YouTube_Traffic-in-Hanoi-during-rush-hour_Media_oetF3UTIwbc_001_480p_frame_00002_jpg.rf.9de0b684a2c01b092e611170e30d845a.txt,YTDown-com_YouTube_Traffic-in-Hanoi-during-rush-hour_Media_oetF3UTIwbc_001_480p,2,1.0,train,labeled,45,0:1;1:3;2:33;3:8,bbox:6;polygon:39,23b96d7a6a16b3c7e88820982538014375731df725eb283c3056dfe6f98e183b
160c27429bae99230fd69093d835cfb9fbfb97af860e21e47052a99f8e877ebb,train/images/YTDown-com_YouTube_Traffic-in-Hanoi-during-rush-hour_Media_oetF3UTIwbc_001_480p_frame_00003_jpg.rf.2a8c446a05faf980e664efaab9fdcb85.jpg,train/labels/YTDown-com_YouTube_Traffic-in-Hanoi-during-rush-hour_Media_oetF3UTIwbc_001_480p_frame_00003_jpg.rf.2a8c446a05faf980e664efaab9fdcb85.txt,YTDown-com_YouTube_Traffic-in-Hanoi-during-rush-hour_Media_oetF3UTIwbc_001_480p,3,1.5,train,labeled,45,0:1;1:3;2:37;3:4,bbox:1;polygon:44,160c27429bae99230fd69093d835cfb9fbfb97af860e21e47052a99f8e877ebb
1cd6da04d62cf07a774086a6754c7f69b14bb7ab2217dd68d7bcb9ada9dcfef3,train/images/YTDown-com_YouTube_Traffic-in-Hanoi-during-rush-hour_Media_oetF3UTIwbc_001_480p_frame_00005_jpg.rf.dea99c4d2a45c521eb9abdaf375bf01f.jpg,train/labels/YTDown-com_YouTube_Traffic-in-Hanoi-during-rush-hour_Media_oetF3UTIwbc_001_480p_frame_00005_jpg.rf.dea99c4d2a45c521eb9abdaf375bf01f.txt,YTDown-com_YouTube_Traffic-in-Hanoi-during-rush-hour_Media_oetF3UTIwbc_001_480p,5,2.5,train,labeled,49,0:1;1:4;2:37;3:7,bbox:1;polygon:48,1cd6da04d62cf07a774086a6754c7f69b14bb7ab2217dd68d7bcb9ada9dcfef3
c90f7a9bcf63ae459953517b44ae6270c09a6a16a366038ef3bc8bc99e8aab72,train/images/YTDown-com_YouTube_Traffic-in-Hanoi-during-rush-hour_Media_oetF3UTIwbc_001_480p_frame_00008_jpg.rf.42992575b6055871237d66387070fcc3.jpg,train/labels/YTDown-com_YouTube_Traffic-in-Hanoi-during-rush-hour_Media_oetF3UTIwbc_001_480p_frame_00008_jpg.rf.42992575b6055871237d66387070fcc3.txt,YTDown-com_YouTube_Traffic-in-Hanoi-during-rush-hour_Media_oetF3UTIwbc_001_480p,8,4.0,train,labeled,43,0:1;1:4;2:25;3:12;4:1,bbox:2;polygon:41,c90f7a9bcf63ae459953517b44ae6270c09a6a16a366038ef3bc8bc99e8aab72
372fc6da4b43915b4883cfe21021d3ab01fb2c253e84906bb9c0e4e677929f61,train/images/YTDown-com_YouTube_Traffic-in-Hanoi-during-rush-hour_Media_oetF3UTIwbc_001_480p_frame_00010_jpg.rf.9c17f60f0456378428f06c3089381ee8.jpg,train/labels/YTDown-com_YouTube_Traffic-in-Hanoi-during-rush-hour_Media_oetF3UTIwbc_001_480p_frame_00010_jpg.rf.9c17f60f0456378428f06c3089381ee8.txt,YTDown-com_YouTube_Traffic-in-Hanoi-during-rush-hour_Media_oetF3UTIwbc_001_480p,10,5.0,train,labeled,48,0:1;1:4;2:33;3:10,bbox:2;polygon:46,372fc6da4b43915b4883cfe21021d3ab01fb2c253e84906bb9c0e4e677929f61
5fc76b399d85c7fbc62f3c0debd1ed231c41ee88e85bb9db8c415fe1f459ae3d,train/images/YTDown-com_YouTube_Traffic-in-Hanoi-during-rush-hour_Media_oetF3UTIwbc_001_480p_frame_00012_jpg.rf.5ff2274aaa7986ee3d3f572cb4d96de0.jpg,train/labels/YTDown-com_YouTube_Traffic-in-Hanoi-during-rush-hour_Media_oetF3UTIwbc_001_480p_frame_00012_jpg.rf.5ff2274aaa7986ee3d3f572cb4d96de0.txt,YTDown-com_YouTube_Traffic-in-Hanoi-during-rush-hour_Media_oetF3UTIwbc_001_480p,12,6.0,train,labeled,36,0:1;1:4;2:20;3:11,polygon:36,5fc76b399d85c7fbc62f3c0debd1ed231c41ee88e85bb9db8c415fe1f459ae3d
3f8bc6e6f8f7b56cb183c3d9cdab877728d0a6e73248393ef3da7ff3ab3fbe63,train/images/YTDown-com_YouTube_Traffic-in-Hanoi-during-rush-hour_Media_oetF3UTIwbc_001_480p_frame_00013_jpg.rf.be1e6cdd3eebd18774cf45f72bab7269.jpg,train/labels/YTDown-com_YouTube_Traffic-in-Hanoi-during-rush-hour_Media_oetF3UTIwbc_001_480p_frame_00013_jpg.rf.be1e6cdd3eebd18774cf45f72bab7269.txt,YTDown-com_YouTube_Traffic-in-Hanoi-during-rush-hour_Media_oetF3UTIwbc_001_480p,13,6.5,train,labeled,46,0:1;1:4;2:31;3:10,bbox:1;polygon:45,3f8bc6e6f8f7b56cb183c3d9cdab877728d0a6e73248393ef3da7ff3ab3fbe63
22d54daa1e1c4442b773b00bbe515756557859afc227e3df00052b36814974f2,train/images/YTDown-com_YouTube_Traffic-in-Hanoi-during-rush-hour_Media_oetF3UTIwbc_001_480p_frame_00014_jpg.rf.2d4bc1d1e138538e48e04d24ca83a4bd.jpg,train/labels/YTDown-com_YouTube_Traffic-in-Hanoi-during-rush-hour_Media_oetF3UTIwbc_001_480p_frame_00014_jpg.rf.2d4bc1d1e138538e48e04d24ca83a4bd.txt,YTDown-com_YouTube_Traffic-in-Hanoi-during-rush-hour_Media_oetF3UTIwbc_001_480p,14,7.0,train,labeled,44,0:1;1:5;2:29;3:9,bbox:2;polygon:42,22d54daa1e1c4442b773b00bbe515756557859afc227e3df00052b36814974f2
566d5bee093ee24e04c85dfbafc1bc57db227068f04856444c05f9f18bef01d6,train/images/YTDown-com_YouTube_Traffic-in-Hanoi-during-rush-hour_Media_oetF3UTIwbc_001_480p_frame_00015_jpg.rf.aa9f416eeac77de10405d38c2a7f8494.jpg,train/labels/YTDown-com_YouTube_Traffic-in-Hanoi-during-rush-hour_Media_oetF3UTIwbc_001_480p_frame_00015_jpg.rf.aa9f416eeac77de10405d38c2a7f8494.txt,YTDown-com_YouTube_Traffic-in-Hanoi-during-rush-hour_Media_oetF3UTIwbc_001_480p,15,7.5,train,labeled,43,0:1;1:4;2:27;3:11,bbox:1;polygon:42,566d5bee093ee24e04c85dfbafc1bc57db227068f04856444c05f9f18bef01d6
fa9f7609f9d3efc23ae2afdbc4b14ce77cbacddfc892ea59464ae8e805d384aa,train/images/YTDown-com_YouTube_Traffic-in-Hanoi-during-rush-hour_Media_oetF3UTIwbc_001_480p_frame_00017_jpg.rf.760c571d2f7b0d9a3188c551fdaff662.jpg,train/labels/YTDown-com_YouTube_Traffic-in-Hanoi-during-rush-hour_Media_oetF3UTIwbc_001_480p_frame_00017_jpg.rf.760c571d2f7b0d9a3188c551fdaff662.txt,YTDown-com_YouTube_Traffic-in-Hanoi-during-rush-hour_Media_oetF3UTIwbc_001_480p,17,8.5,train,labeled,50,0:1;1:4;2:35;3:10,polygon:50,fa9f7609f9d3efc23ae2afdbc4b14ce77cbacddfc892ea59464ae8e805d384aa
77fc768e9134505989eb0a8131b842ec00bfd41a1b03ffc45803abeafe72abe1,train/images/YTDown-com_YouTube_Traffic-in-Hanoi-during-rush-hour_Media_oetF3UTIwbc_001_480p_frame_00018_jpg.rf.234227173db6cd742ae4b0853a14b8e9.jpg,train/labels/YTDown-com_YouTube_Traffic-in-Hanoi-during-rush-hour_Media_oetF3UTIwbc_001_480p_frame_00018_jpg.rf.234227173db6cd742ae4b0853a14b8e9.txt,YTDown-com_YouTube_Traffic-in-Hanoi-during-rush-hour_Media_oetF3UTIwbc_001_480p,18,9.0,train,labeled,53,0:2;1:5;2:37;3:9,bbox:4;polygon:49,77fc768e9134505989eb0a8131b842ec00bfd41a1b03ffc45803abeafe72abe1
339fb3402ee8cbd40b4040b48eccae3e18dc05fc5beaec36427c022e037be9a6,train/images/YTDown-com_YouTube_Traffic-in-Hanoi-during-rush-hour_Media_oetF3UTIwbc_001_480p_frame_00020_jpg.rf.d47e344dc7acf6e0ea46942bcdc2717a.jpg,train/labels/YTDown-com_YouTube_Traffic-in-Hanoi-during-rush-hour_Media_oetF3UTIwbc_001_480p_frame_00020_jpg.rf.d47e344dc7acf6e0ea46942bcdc2717a.txt,YTDown-com_YouTube_Traffic-in-Hanoi-during-rush-hour_Media_oetF3UTIwbc_001_480p,20,10.0,train,labeled,40,0:2;1:4;2:24;3:10,polygon:40,339fb3402ee8cbd40b4040b48eccae3e18dc05fc5beaec36427c022e037be9a6
fa1903d973a6cf5283c6e8e519bc5c39c6f59196b95e65af41f58dbfe4304b98,train/images/YTDown-com_YouTube_Traffic-in-Hanoi-during-rush-hour_Media_oetF3UTIwbc_001_480p_frame_00021_jpg.rf.450707192e6036945a5d17436cd5faef.jpg,train/labels/YTDown-com_YouTube_Traffic-in-Hanoi-during-rush-hour_Media_oetF3UTIwbc_001_480p_frame_00021_jpg.rf.450707192e6036945a5d17436cd5faef.txt,YTDown-com_YouTube_Traffic-in-Hanoi-during-rush-hour_Media_oetF3UTIwbc_001_480p,21,10.5,train,labeled,57,0:2;1:5;2:41;3:9,bbox:6;polygon:51,fa1903d973a6cf5283c6e8e519bc5c39c6f59196b95e65af41f58dbfe4304b98
7af47271bc0da792e6b9fa01dfe2deea53720633fa2f076115ed200154fbf303,train/images/YTDown-com_YouTube_Traffic-in-Hanoi-during-rush-hour_Media_oetF3UTIwbc_001_480p_frame_00022_jpg.rf.84858c1c0382e769e84f29957d0ea0bb.jpg,train/labels/YTDown-com_YouTube_Traffic-in-Hanoi-during-rush-hour_Media_oetF3UTIwbc_001_480p_frame_00022_jpg.rf.84858c1c0382e769e84f29957d0ea0bb.txt,YTDown-com_YouTube_Traffic-in-Hanoi-during-rush-hour_Media_oetF3UTIwbc_001_480p,22,11.0,train,labeled,45,0:1;1:3;2:33;3:8,bbox:1;polygon:44,7af47271bc0da792e6b9fa01dfe2deea53720633fa2f076115ed200154fbf303
e6698ebf2a0451b9f6b2d75beb571e609b9dc9c5900f03540ce3ef623ce7ed41,train/images/YTDown-com_YouTube_Traffic-in-Hanoi-during-rush-hour_Media_oetF3UTIwbc_001_480p_frame_00023_jpg.rf.729fefebe958b35c5357eba8091782fd.jpg,train/labels/YTDown-com_YouTube_Traffic-in-Hanoi-during-rush-hour_Media_oetF3UTIwbc_001_480p_frame_00023_jpg.rf.729fefebe958b35c5357eba8091782fd.txt,YTDown-com_YouTube_Traffic-in-Hanoi-during-rush-hour_Media_oetF3UTIwbc_001_480p,23,11.5,train,labeled,48,0:1;1:3;2:34;3:10,bbox:3;polygon:45,e6698ebf2a0451b9f6b2d75beb571e609b9dc9c5900f03540ce3ef623ce7ed41
4a05fc9c20440c9dcc60a420fe82cc5b41be5b8fb3a30c66553fa5907c174261,train/images/YTDown-com_YouTube_Traffic-in-Hanoi-during-rush-hour_Media_oetF3UTIwbc_001_480p_frame_00024_jpg.rf.907d1ab89a05a72df00d30dc27bf57c0.jpg,train/labels/YTDown-com_YouTube_Traffic-in-Hanoi-during-rush-hour_Media_oetF3UTIwbc_001_480p_frame_00024_jpg.rf.907d1ab89a05a72df00d30dc27bf57c0.txt,YTDown-com_YouTube_Traffic-in-Hanoi-during-rush-hour_Media_oetF3UTIwbc_001_480p,24,12.0,train,labeled,55,0:1;1:3;2:39;3:12,bbox:4;polygon:51,4a05fc9c20440c9dcc60a420fe82cc5b41be5b8fb3a30c66553fa5907c174261
f611020f5c9797355745b96b8634fcb334f16bfabe600e4846b822ca98e00e94,train/images/YTDown-com_YouTube_Traffic-in-Hanoi-during-rush-hour_Media_oetF3UTIwbc_001_480p_frame_00026_jpg.rf.adc820e64bedf7c7a99ed01fad726665.jpg,train/labels/YTDown-com_YouTube_Traffic-in-Hanoi-during-rush-hour_Media_oetF3UTIwbc_001_480p_frame_00026_jpg.rf.adc820e64bedf7c7a99ed01fad726665.txt,YTDown-com_YouTube_Traffic-in-Hanoi-during-rush-hour_Media_oetF3UTIwbc_001_480p,26,13.0,train,labeled,54,0:1;1:5;2:36;3:12,bbox:3;polygon:51,f611020f5c9797355745b96b8634fcb334f16bfabe600e4846b822ca98e00e94
4363dcbd31c11bd4fb026b1576c475ac6eb720d502a66b280d2d44b361d60da1,train/images/YTDown-com_YouTube_Traffic-in-Hanoi-during-rush-hour_Media_oetF3UTIwbc_001_480p_frame_00027_jpg.rf.6d89c5e29b47f49af6f7148a28509026.jpg,train/labels/YTDown-com_YouTube_Traffic-in-Hanoi-during-rush-hour_Media_oetF3UTIwbc_001_480p_frame_00027_jpg.rf.6d89c5e29b47f49af6f7148a28509026.txt,YTDown-com_YouTube_Traffic-in-Hanoi-during-rush-hour_Media_oetF3UTIwbc_001_480p,27,13.5,train,labeled,48,0:1;1:4;2:35;3:8,bbox:1;polygon:47,4363dcbd31c11bd4fb026b1576c475ac6eb720d502a66b280d2d44b361d60da1
1980aba90598867b5665a6b83079a027430ae0c4e93cd5a2b8d1e8c2f587c7e0,train/images/YTDown-com_YouTube_Traffic-in-Hanoi-during-rush-hour_Media_oetF3UTIwbc_001_480p_frame_00028_jpg.rf.2e2b4d7fd19b786d0b91584a7f56c6f4.jpg,train/labels/YTDown-com_YouTube_Traffic-in-Hanoi-during-rush-hour_Media_oetF3UTIwbc_001_480p_frame_00028_jpg.rf.2e2b4d7fd19b786d0b91584a7f56c6f4.txt,YTDown-com_YouTube_Traffic-in-Hanoi-during-rush-hour_Media_oetF3UTIwbc_001_480p,28,14.0,train,labeled,41,0:1;1:4;2:32;3:4,bbox:3;polygon:38,1980aba90598867b5665a6b83079a027430ae0c4e93cd5a2b8d1e8c2f587c7e0
b4008cc479071b7bea4ebb678363b8cd87ccf1699834ca903770ee5c66e48870,train/images/YTDown-com_YouTube_Traffic-in-Hanoi-during-rush-hour_Media_oetF3UTIwbc_001_480p_frame_00031_jpg.rf.de5f31b96f2d55019d6c52bfc031e98a.jpg,train/labels/YTDown-com_YouTube_Traffic-in-Hanoi-during-rush-hour_Media_oetF3UTIwbc_001_480p_frame_00031_jpg.rf.de5f31b96f2d55019d6c52bfc031e98a.txt,YTDown-com_YouTube_Traffic-in-Hanoi-during-rush-hour_Media_oetF3UTIwbc_001_480p,31,15.5,train,labeled,45,0:1;1:3;2:34;3:7,bbox:2;polygon:43,b4008cc479071b7bea4ebb678363b8cd87ccf1699834ca903770ee5c66e48870
a41150af607e4acf7dcf8daebcb2a7136533bd546f32acec2d36f4f2115f0858,train/images/YTDown-com_YouTube_Traffic-in-Hanoi-during-rush-hour_Media_oetF3UTIwbc_001_480p_frame_00036_jpg.rf.21ca9f785ed1a7321fc71a4ed4f17bba.jpg,train/labels/YTDown-com_YouTube_Traffic-in-Hanoi-during-rush-hour_Media_oetF3UTIwbc_001_480p_frame_00036_jpg.rf.21ca9f785ed1a7321fc71a4ed4f17bba.txt,YTDown-com_YouTube_Traffic-in-Hanoi-during-rush-hour_Media_oetF3UTIwbc_001_480p,36,18.0,train,labeled,43,0:1;1:2;2:35;3:5,bbox:1;polygon:42,a41150af607e4acf7dcf8daebcb2a7136533bd546f32acec2d36f4f2115f0858
c4d628e5c8f8fc592069c57f5508be37319622540e8278f992079f9e6e73fa65,train/images/YTDown-com_YouTube_Traffic-in-Hanoi-during-rush-hour_Media_oetF3UTIwbc_001_480p_frame_00038_jpg.rf.7607c6e4624f4782ef92d99484285426.jpg,train/labels/YTDown-com_YouTube_Traffic-in-Hanoi-during-rush-hour_Media_oetF3UTIwbc_001_480p_frame_00038_jpg.rf.7607c6e4624f4782ef92d99484285426.txt,YTDown-com_YouTube_Traffic-in-Hanoi-during-rush-hour_Media_oetF3UTIwbc_001_480p,38,19.0,train,labeled,41,0:1;1:2;2:30;3:8,bbox:2;polygon:39,c4d628e5c8f8fc592069c57f5508be37319622540e8278f992079f9e6e73fa65
79640e8242924673819e76ea5a7c54f7b6846bd9933aa5bac2a8a529666743fe,train/images/YTDown-com_YouTube_Traffic-in-Hanoi-during-rush-hour_Media_oetF3UTIwbc_001_480p_frame_00039_jpg.rf.3c52780772ab7ed71e8d64a41ebc2ee4.jpg,train/labels/YTDown-com_YouTube_Traffic-in-Hanoi-during-rush-hour_Media_oetF3UTIwbc_001_480p_frame_00039_jpg.rf.3c52780772ab7ed71e8d64a41ebc2ee4.txt,YTDown-com_YouTube_Traffic-in-Hanoi-during-rush-hour_Media_oetF3UTIwbc_001_480p,39,19.5,train,labeled,42,0:1;1:2;2:33;3:6,bbox:3;polygon:39,79640e8242924673819e76ea5a7c54f7b6846bd9933aa5bac2a8a529666743fe
dca6fde801b17a78d4c3e94bab06ea616db6a9b98dc6f23b668ca5e5cd3ad75f,train/images/YTDown-com_YouTube_Traffic-in-Hanoi-during-rush-hour_Media_oetF3UTIwbc_001_480p_frame_00040_jpg.rf.49d5a01578b144d5539e9516e5f2ec0a.jpg,train/labels/YTDown-com_YouTube_Traffic-in-Hanoi-during-rush-hour_Media_oetF3UTIwbc_001_480p_frame_00040_jpg.rf.49d5a01578b144d5539e9516e5f2ec0a.txt,YTDown-com_YouTube_Traffic-in-Hanoi-during-rush-hour_Media_oetF3UTIwbc_001_480p,40,20.0,train,labeled,41,0:1;1:3;2:32;3:5,polygon:41,dca6fde801b17a78d4c3e94bab06ea616db6a9b98dc6f23b668ca5e5cd3ad75f
aa6103f45de7ae22424e2c4ebcf7f0a8c2abacfd603f8bad20868fb5022d74a3,train/images/YTDown-com_YouTube_Traffic-in-Hanoi-during-rush-hour_Media_oetF3UTIwbc_001_480p_frame_00041_jpg.rf.ca2ab4be9e6eddc8b598f790e56ada1b.jpg,train/labels/YTDown-com_YouTube_Traffic-in-Hanoi-during-rush-hour_Media_oetF3UTIwbc_001_480p_frame_00041_jpg.rf.ca2ab4be9e6eddc8b598f790e56ada1b.txt,YTDown-com_YouTube_Traffic-in-Hanoi-during-rush-hour_Media_oetF3UTIwbc_001_480p,41,20.5,train,labeled,46,0:1;1:2;2:36;3:7,bbox:4;polygon:42,aa6103f45de7ae22424e2c4ebcf7f0a8c2abacfd603f8bad20868fb5022d74a3
8863bf7cc2880f8f85210e2f65b995e7f8e2a921e4e0ed5b74c27c7eeddfeb04,train/images/YTDown-com_YouTube_Traffic-in-Hanoi-during-rush-hour_Media_oetF3UTIwbc_001_480p_frame_00042_jpg.rf.8bbe6012e709c1f713858171c6b452b1.jpg,train/labels/YTDown-com_YouTube_Traffic-in-Hanoi-during-rush-hour_Media_oetF3UTIwbc_001_480p_frame_00042_jpg.rf.8bbe6012e709c1f713858171c6b452b1.txt,YTDown-com_YouTube_Traffic-in-Hanoi-during-rush-hour_Media_oetF3UTIwbc_001_480p,42,21.0,train,labeled,46,0:1;1:3;2:36;3:6,bbox:4;polygon:42,8863bf7cc2880f8f85210e2f65b995e7f8e2a921e4e0ed5b74c27c7eeddfeb04
b07517faccc1c17911ca5883c5a43e37dbc3efaaaabace4caf0b3602720c65e5,train/images/YTDown-com_YouTube_Traffic-in-Hanoi-during-rush-hour_Media_oetF3UTIwbc_001_480p_frame_00045_jpg.rf.8c4a34f4cd5aff5f57c262d00d55417c.jpg,train/labels/YTDown-com_YouTube_Traffic-in-Hanoi-during-rush-hour_Media_oetF3UTIwbc_001_480p_frame_00045_jpg.rf.8c4a34f4cd5aff5f57c262d00d55417c.txt,YTDown-com_YouTube_Traffic-in-Hanoi-during-rush-hour_Media_oetF3UTIwbc_001_480p,45,22.5,train,labeled,40,0:1;1:3;2:26;3:10,polygon:40,b07517faccc1c17911ca5883c5a43e37dbc3efaaaabace4caf0b3602720c65e5
7307a45c2ed84ce0269879130a131c47578dea2ccbb9e9b2ffb33448117a4ba3,train/images/YTDown-com_YouTube_Traffic-in-Hanoi-during-rush-hour_Media_oetF3UTIwbc_001_480p_frame_00046_jpg.rf.01bb8d4b907a826a48fc0c2abb6ffab9.jpg,train/labels/YTDown-com_YouTube_Traffic-in-Hanoi-during-rush-hour_Media_oetF3UTIwbc_001_480p_frame_00046_jpg.rf.01bb8d4b907a826a48fc0c2abb6ffab9.txt,YTDown-com_YouTube_Traffic-in-Hanoi-during-rush-hour_Media_oetF3UTIwbc_001_480p,46,23.0,train,labeled,42,0:1;1:3;2:30;3:8,polygon:42,7307a45c2ed84ce0269879130a131c47578dea2ccbb9e9b2ffb33448117a4ba3
81415d7e651db1f8dd90e836771c59681ef80b72891b8a877c0272a32883b93f,train/images/YTDown-com_YouTube_Traffic-in-Hanoi-during-rush-hour_Media_oetF3UTIwbc_001_480p_frame_00047_jpg.rf.d0c7ef42e1b6287c02c3009cf5704fe3.jpg,train/labels/YTDown-com_YouTube_Traffic-in-Hanoi-during-rush-hour_Media_oetF3UTIwbc_001_480p_frame_00047_jpg.rf.d0c7ef42e1b6287c02c3009cf5704fe3.txt,YTDown-com_YouTube_Traffic-in-Hanoi-during-rush-hour_Media_oetF3UTIwbc_001_480p,47,23.5,train,labeled,41,0:3;1:3;2:28;3:7,bbox:1;polygon:40,81415d7e651db1f8dd90e836771c59681ef80b72891b8a877c0272a32883b93f
23e4d60482fd9f0601e1e55cdfc6dd63d1a0acef4a14752d803686a2a1d5eac0,train/images/YTDown-com_YouTube_Traffic-in-Hanoi-during-rush-hour_Media_oetF3UTIwbc_001_480p_frame_00048_jpg.rf.bc519ab54bc8c34f1fc606e7225897a5.jpg,train/labels/YTDown-com_YouTube_Traffic-in-Hanoi-during-rush-hour_Media_oetF3UTIwbc_001_480p_frame_00048_jpg.rf.bc519ab54bc8c34f1fc606e7225897a5.txt,YTDown-com_YouTube_Traffic-in-Hanoi-during-rush-hour_Media_oetF3UTIwbc_001_480p,48,24.0,train,labeled,43,0:2;1:4;2:29;3:8,polygon:43,23e4d60482fd9f0601e1e55cdfc6dd63d1a0acef4a14752d803686a2a1d5eac0
23d44af8f18aa2330ec43f06d4586f03bf409415104dba228d08433b76590e96,train/images/YTDown-com_YouTube_Traffic-in-Hanoi-during-rush-hour_Media_oetF3UTIwbc_001_480p_frame_00050_jpg.rf.de9f22f8f25ccad49907f23d98c2e68b.jpg,train/labels/YTDown-com_YouTube_Traffic-in-Hanoi-during-rush-hour_Media_oetF3UTIwbc_001_480p_frame_00050_jpg.rf.de9f22f8f25ccad49907f23d98c2e68b.txt,YTDown-com_YouTube_Traffic-in-Hanoi-during-rush-hour_Media_oetF3UTIwbc_001_480p,50,25.0,train,labeled,41,0:2;1:4;2:28;3:7,bbox:1;polygon:40,23d44af8f18aa2330ec43f06d4586f03bf409415104dba228d08433b76590e96
7c07991e0428b965185f02961dd80a234b764047de594a9dc631ce1d3d1d2a47,train/images/YTDown-com_YouTube_Traffic-in-Hanoi-during-rush-hour_Media_oetF3UTIwbc_001_480p_frame_00051_jpg.rf.86a9f90d4140a2ce974f8108a799e8c7.jpg,train/labels/YTDown-com_YouTube_Traffic-in-Hanoi-during-rush-hour_Media_oetF3UTIwbc_001_480p_frame_00051_jpg.rf.86a9f90d4140a2ce974f8108a799e8c7.txt,YTDown-com_YouTube_Traffic-in-Hanoi-during-rush-hour_Media_oetF3UTIwbc_001_480p,51,25.5,train,labeled,43,0:2;1:5;2:28;3:8,polygon:43,7c07991e0428b965185f02961dd80a234b764047de594a9dc631ce1d3d1d2a47
1c0d46a8ee7b387abf87f4fad9d8cb24ba410913925036acbadd4039ebf8378b,train/images/YTDown-com_YouTube_Traffic-in-Hanoi-during-rush-hour_Media_oetF3UTIwbc_001_480p_frame_00052_jpg.rf.9231c3ea3692934da8ceeaca833b9d1f.jpg,train/labels/YTDown-com_YouTube_Traffic-in-Hanoi-during-rush-hour_Media_oetF3UTIwbc_001_480p_frame_00052_jpg.rf.9231c3ea3692934da8ceeaca833b9d1f.txt,YTDown-com_YouTube_Traffic-in-Hanoi-during-rush-hour_Media_oetF3UTIwbc_001_480p,52,26.0,train,labeled,36,0:1;1:5;2:25;3:5,polygon:36,1c0d46a8ee7b387abf87f4fad9d8cb24ba410913925036acbadd4039ebf8378b
ff8b9325f1cf2595e1592131fcb5b00e842164eda66f9df230a6f701ef157632,train/images/YTDown-com_YouTube_Traffic-in-Hanoi-during-rush-hour_Media_oetF3UTIwbc_001_480p_frame_00053_jpg.rf.570a67aafa40b5c6e488df5edd655292.jpg,train/labels/YTDown-com_YouTube_Traffic-in-Hanoi-during-rush-hour_Media_oetF3UTIwbc_001_480p_frame_00053_jpg.rf.570a67aafa40b5c6e488df5edd655292.txt,YTDown-com_YouTube_Traffic-in-Hanoi-during-rush-hour_Media_oetF3UTIwbc_001_480p,53,26.5,train,labeled,44,0:1;1:5;2:29;3:9,bbox:3;polygon:41,ff8b9325f1cf2595e1592131fcb5b00e842164eda66f9df230a6f701ef157632
d87dc4e55e1c33fef9ca55005863ac1f33a375a2f5547ba09e4711ae9fa17cb8,train/images/YTDown-com_YouTube_Traffic-in-Hanoi-during-rush-hour_Media_oetF3UTIwbc_001_480p_frame_00054_jpg.rf.9e7670f6e540db0aa517b1e06045803a.jpg,train/labels/YTDown-com_YouTube_Traffic-in-Hanoi-during-rush-hour_Media_oetF3UTIwbc_001_480p_frame_00054_jpg.rf.9e7670f6e540db0aa517b1e06045803a.txt,YTDown-com_YouTube_Traffic-in-Hanoi-during-rush-hour_Media_oetF3UTIwbc_001_480p,54,27.0,train,labeled,33,0:1;1:4;2:23;3:5,bbox:2;polygon:31,d87dc4e55e1c33fef9ca55005863ac1f33a375a2f5547ba09e4711ae9fa17cb8
0d788a7b0c50e5ae1acf5c4bcdd2acd1801571b9435a633af3f920dcb4e44c8c,train/images/YTDown-com_YouTube_Traffic-in-Hanoi-during-rush-hour_Media_oetF3UTIwbc_001_480p_frame_00055_jpg.rf.47880877aac8ca261baee377db338c35.jpg,train/labels/YTDown-com_YouTube_Traffic-in-Hanoi-during-rush-hour_Media_oetF3UTIwbc_001_480p_frame_00055_jpg.rf.47880877aac8ca261baee377db338c35.txt,YTDown-com_YouTube_Traffic-in-Hanoi-during-rush-hour_Media_oetF3UTIwbc_001_480p,55,27.5,train,labeled,31,0:1;1:3;2:22;3:5,bbox:1;polygon:30,0d788a7b0c50e5ae1acf5c4bcdd2acd1801571b9435a633af3f920dcb4e44c8c
820c16b38e1eae63039dc9bfde5f624707b29e3f0cc3ef5f9934afd6a28d4dd3,train/images/YTDown-com_YouTube_Traffic-in-Hanoi-during-rush-hour_Media_oetF3UTIwbc_001_480p_frame_00056_jpg.rf.13c1b15b367678d2b4e71421b09b7109.jpg,train/labels/YTDown-com_YouTube_Traffic-in-Hanoi-during-rush-hour_Media_oetF3UTIwbc_001_480p_frame_00056_jpg.rf.13c1b15b367678d2b4e71421b09b7109.txt,YTDown-com_YouTube_Traffic-in-Hanoi-during-rush-hour_Media_oetF3UTIwbc_001_480p,56,28.0,train,labeled,33,0:1;1:3;2:23;3:6,bbox:2;polygon:31,820c16b38e1eae63039dc9bfde5f624707b29e3f0cc3ef5f9934afd6a28d4dd3
2917e33af7a121af727d3acd28c57c98cec9282ae7a072c2d3d0a419cdc6a347,train/images/YTDown-com_YouTube_Traffic-in-Hanoi-during-rush-hour_Media_oetF3UTIwbc_001_480p_frame_00057_jpg.rf.c271013e85ca16a5cca8d2290875ca24.jpg,train/labels/YTDown-com_YouTube_Traffic-in-Hanoi-during-rush-hour_Media_oetF3UTIwbc_001_480p_frame_00057_jpg.rf.c271013e85ca16a5cca8d2290875ca24.txt,YTDown-com_YouTube_Traffic-in-Hanoi-during-rush-hour_Media_oetF3UTIwbc_001_480p,57,28.5,train,labeled,31,0:1;1:4;2:22;3:4,bbox:2;polygon:29,2917e33af7a121af727d3acd28c57c98cec9282ae7a072c2d3d0a419cdc6a347
bca04edec01621d88bdb686651971a353691ce0af780ca9daf31745277ee1d85,train/images/YTDown-com_YouTube_Traffic-in-Hanoi-during-rush-hour_Media_oetF3UTIwbc_001_480p_frame_00058_jpg.rf.991354320184f72689347bc027372b74.jpg,train/labels/YTDown-com_YouTube_Traffic-in-Hanoi-during-rush-hour_Media_oetF3UTIwbc_001_480p_frame_00058_jpg.rf.991354320184f72689347bc027372b74.txt,YTDown-com_YouTube_Traffic-in-Hanoi-during-rush-hour_Media_oetF3UTIwbc_001_480p,58,29.0,train,labeled,32,0:1;1:5;2:22;3:4,bbox:1;polygon:31,bca04edec01621d88bdb686651971a353691ce0af780ca9daf31745277ee1d85
d573c899754211c99f15066c9dff089c3585dec8629707c9ca704d24e1751005,train/images/YTDown-com_YouTube_Traffic-in-Hanoi-during-rush-hour_Media_oetF3UTIwbc_001_480p_frame_00059_jpg.rf.0040354a4b18317d4cd64955ce0ab695.jpg,train/labels/YTDown-com_YouTube_Traffic-in-Hanoi-during-rush-hour_Media_oetF3UTIwbc_001_480p_frame_00059_jpg.rf.0040354a4b18317d4cd64955ce0ab695.txt,YTDown-com_YouTube_Traffic-in-Hanoi-during-rush-hour_Media_oetF3UTIwbc_001_480p,59,29.5,train,labeled,41,0:1;1:5;2:29;3:6,bbox:4;polygon:37,d573c899754211c99f15066c9dff089c3585dec8629707c9ca704d24e1751005
34e10e516ffe96b06d085a5dc1e4a0ada2fb55293e377ab6f3884224fc87a500,train/images/YTDown-com_YouTube_Traffic-in-Hanoi-during-rush-hour_Media_oetF3UTIwbc_001_480p_frame_00061_jpg.rf.b2de8c9adb04f09465c6a4cb5e0338fe.jpg,train/labels/YTDown-com_YouTube_Traffic-in-Hanoi-during-rush-hour_Media_oetF3UTIwbc_001_480p_frame_00061_jpg.rf.b2de8c9adb04f09465c6a4cb5e0338fe.txt,YTDown-com_YouTube_Traffic-in-Hanoi-during-rush-hour_Media_oetF3UTIwbc_001_480p,61,30.5,train,labeled,38,0:1;1:6;2:26;3:4;4:1,polygon:38,34e10e516ffe96b06d085a5dc1e4a0ada2fb55293e377ab6f3884224fc87a500
08be3268542e1a8cb3e14c99d0a530b85de31a4ca7ac643a492547000d1f26c9,train/images/YTDown-com_YouTube_Traffic-in-Hanoi-during-rush-hour_Media_oetF3UTIwbc_001_480p_frame_00064_jpg.rf.1543109a3eef2af35f8ed522521fa5ee.jpg,train/labels/YTDown-com_YouTube_Traffic-in-Hanoi-during-rush-hour_Media_oetF3UTIwbc_001_480p_frame_00064_jpg.rf.1543109a3eef2af35f8ed522521fa5ee.txt,YTDown-com_YouTube_Traffic-in-Hanoi-during-rush-hour_Media_oetF3UTIwbc_001_480p,64,32.0,train,labeled,41,0:1;1:5;2:30;3:4;4:1,bbox:1;polygon:40,08be3268542e1a8cb3e14c99d0a530b85de31a4ca7ac643a492547000d1f26c9
d18cc3a63b5697bfda47cac5c06ce8416a5828d243b3f84cffc0e8f690999298,train/images/YTSave_YouTube_4k-my-first-video-Crazy-vietnam-Traffic_Media_08IqB7MSuXc_001_1080p_frame_00000_jpg.rf.f2fe3865946d1f54c97c990328b113f8.jpg,train/labels/YTSave_YouTube_4k-my-first-video-Crazy-vietnam-Traffic_Media_08IqB7MSuXc_001_1080p_frame_00000_jpg.rf.f2fe3865946d1f54c97c990328b113f8.txt,YTSave_YouTube_4k-my-first-video-Crazy-vietnam-Traffic_Media_08IqB7MSuXc_001_1080p,0,0.0,train,labeled,100,1:6;2:61;3:32;4:1,bbox:4;polygon:96,d18cc3a63b5697bfda47cac5c06ce8416a5828d243b3f84cffc0e8f690999298
bd888f043e1bf3aaea8f41b3a9790efa2970c5f8eb5c9060995d5eac3a22e5ff,train/images/YTSave_YouTube_4k-my-first-video-Crazy-vietnam-Traffic_Media_08IqB7MSuXc_001_1080p_frame_00001_jpg.rf.3c7b16b1d00882ae4ad7f40afaece80c.jpg,train/labels/YTSave_YouTube_4k-my-first-video-Crazy-vietnam-Traffic_Media_08IqB7MSuXc_001_1080p_frame_00001_jpg.rf.3c7b16b1d00882ae4ad7f40afaece80c.txt,YTSave_YouTube_4k-my-first-video-Crazy-vietnam-Traffic_Media_08IqB7MSuXc_001_1080p,1,0.5,train,labeled,95,1:7;2:52;3:35;4:1,bbox:9;polygon:86,bd888f043e1bf3aaea8f41b3a9790efa2970c5f8eb5c9060995d5eac3a22e5ff
b778f6032bfb5c82409f410098b9789ea12d8cc8e137178b77026a76edd3baf5,train/images/YTSave_YouTube_4k-my-first-video-Crazy-vietnam-Traffic_Media_08IqB7MSuXc_001_1080p_frame_00001_jpg.rf.ea0e9b8dd57033663f492b85a4aba936.jpg,train/labels/YTSave_YouTube_4k-my-first-video-Crazy-vietnam-Traffic_Media_08IqB7MSuXc_001_1080p_frame_00001_jpg.rf.ea0e9b8dd57033663f492b85a4aba936.txt,YTSave_YouTube_4k-my-first-video-Crazy-vietnam-Traffic_Media_08IqB7MSuXc_001_1080p,1,0.5,train,labeled,100,1:3;2:58;3:39,bbox:12;polygon:88,b778f6032bfb5c82409f410098b9789ea12d8cc8e137178b77026a76edd3baf5
438cd7f273dc7b49f15b6963a3ad908ca239163f7839dfd86b8c31b338f1cb38,train/images/YTSave_YouTube_4k-my-first-video-Crazy-vietnam-Traffic_Media_08IqB7MSuXc_001_1080p_frame_00002_jpg.rf.91a7e072e2213918d4148e404cab7231.jpg,train/labels/YTSave_YouTube_4k-my-first-video-Crazy-vietnam-Traffic_Media_08IqB7MSuXc_001_1080p_frame_00002_jpg.rf.91a7e072e2213918d4148e404cab7231.txt,YTSave_YouTube_4k-my-first-video-Crazy-vietnam-Traffic_Media_08IqB7MSuXc_001_1080p,2,1.0,train,labeled,91,1:3;2:65;3:21;4:2,bbox:9;polygon:82,438cd7f273dc7b49f15b6963a3ad908ca239163f7839dfd86b8c31b338f1cb38
bfa37f2107f8abad5e9ee4f045ecec953a38e154e2721a3859f6474f4d3de117,train/images/YTSave_YouTube_4k-my-first-video-Crazy-vietnam-Traffic_Media_08IqB7MSuXc_001_1080p_frame_00003_jpg.rf.2ff2761b24e90ea787cf56a5a530439b.jpg,train/labels/YTSave_YouTube_4k-my-first-video-Crazy-vietnam-Traffic_Media_08IqB7MSuXc_001_1080p_frame_00003_jpg.rf.2ff2761b24e90ea787cf56a5a530439b.txt,YTSave_YouTube_4k-my-first-video-Crazy-vietnam-Traffic_Media_08IqB7MSuXc_001_1080p,3,1.5,train,labeled,91,0:1;1:6;2:61;3:22;4:1,bbox:3;polygon:88,bfa37f2107f8abad5e9ee4f045ecec953a38e154e2721a3859f6474f4d3de117
59960c0aecdc1fd98918138b95a2b3a775f88e2cd75f1166f9c3e60922d57422,train/images/YTSave_YouTube_4k-my-first-video-Crazy-vietnam-Traffic_Media_08IqB7MSuXc_001_1080p_frame_00004_jpg.rf.76d16c06def436f1a00d321575da350f.jpg,train/labels/YTSave_YouTube_4k-my-first-video-Crazy-vietnam-Traffic_Media_08IqB7MSuXc_001_1080p_frame_00004_jpg.rf.76d16c06def436f1a00d321575da350f.txt,YTSave_YouTube_4k-my-first-video-Crazy-vietnam-Traffic_Media_08IqB7MSuXc_001_1080p,4,2.0,train,labeled,85,1:4;2:58;3:22;4:1,bbox:6;polygon:79,59960c0aecdc1fd98918138b95a2b3a775f88e2cd75f1166f9c3e60922d57422
99de8133ef20f39aa9750b5ec206c4321dcc512ab18a08068e15422900d32488,train/images/YTSave_YouTube_4k-my-first-video-Crazy-vietnam-Traffic_Media_08IqB7MSuXc_001_1080p_frame_00004_jpg.rf.e97c9e775db97399f30760fe8d74ea42.jpg,train/labels/YTSave_YouTube_4k-my-first-video-Crazy-vietnam-Traffic_Media_08IqB7MSuXc_001_1080p_frame_00004_jpg.rf.e97c9e775db97399f30760fe8d74ea42.txt,YTSave_YouTube_4k-my-first-video-Crazy-vietnam-Traffic_Media_08IqB7MSuXc_001_1080p,4,2.0,train,labeled,86,1:4;2:46;3:35;4:1,bbox:6;polygon:80,99de8133ef20f39aa9750b5ec206c4321dcc512ab18a08068e15422900d32488
147c37a39ce5875684f3be3b8307844dca75d38780b899c5f68e095c8c71f0a2,train/images/YTSave_YouTube_4k-my-first-video-Crazy-vietnam-Traffic_Media_08IqB7MSuXc_001_1080p_frame_00005_jpg.rf.cec1fd24470ce9cfc09feb81e8d005ce.jpg,train/labels/YTSave_YouTube_4k-my-first-video-Crazy-vietnam-Traffic_Media_08IqB7MSuXc_001_1080p_frame_00005_jpg.rf.cec1fd24470ce9cfc09feb81e8d005ce.txt,YTSave_YouTube_4k-my-first-video-Crazy-vietnam-Traffic_Media_08IqB7MSuXc_001_1080p,5,2.5,train,labeled,92,1:7;2:54;3:30;4:1,bbox:6;polygon:86,147c37a39ce5875684f3be3b8307844dca75d38780b899c5f68e095c8c71f0a2
d875341b004d0674cbdca20e2f8b6c63cfe43bf6944884e4a2d27890feb01f5b,train/images/YTSave_YouTube_4k-my-first-video-Crazy-vietnam-Traffic_Media_08IqB7MSuXc_001_1080p_frame_00005_jpg.rf.ea749474ff91387c20f405a630f57c18.jpg,train/labels/YTSave_YouTube_4k-my-first-video-Crazy-vietnam-Traffic_Media_08IqB7MSuXc_001_1080p_frame_00005_jpg.rf.ea749474ff91387c20f405a630f57c18.txt,YTSave_YouTube_4k-my-first-video-Crazy-vietnam-Traffic_Media_08IqB7MSuXc_001_1080p,5,2.5,train,labeled,65,1:5;2:41;3:18;4:1,bbox:3;polygon:62,d875341b004d0674cbdca20e2f8b6c63cfe43bf6944884e4a2d27890feb01f5b
0598b624440cf9756ef6411ac8c9460e1b1b5520f2333ca49df5ffeaae0bc74b,train/images/YTSave_YouTube_4k-my-first-video-Crazy-vietnam-Traffic_Media_08IqB7MSuXc_001_1080p_frame_00006_jpg.rf.4913c65a5595093a5f620adec4720955.jpg,train/labels/YTSave_YouTube_4k-my-first-video-Crazy-vietnam-Traffic_Media_08IqB7MSuXc_001_1080p_frame_00006_jpg.rf.4913c65a5595093a5f620adec4720955.txt,YTSave_YouTube_4k-my-first-video-Crazy-vietnam-Traffic_Media_08IqB7MSuXc_001_1080p,6,3.0,train,labeled,79,1:10;2:43;3:25;4:1,bbox:4;polygon:75,0598b624440cf9756ef6411ac8c9460e1b1b5520f2333ca49df5ffeaae0bc74b
46a7ba966c5fc8bce4854bf8f115399665637f43b5a6de6c059b32781972ea31,train/images/YTSave_YouTube_4k-my-first-video-Crazy-vietnam-Traffic_Media_08IqB7MSuXc_001_1080p_frame_00007_jpg.rf.ae61cda5f9c6fc2aa3dca67e1f240afa.jpg,train/labels/YTSave_YouTube_4k-my-first-video-Crazy-vietnam-Traffic_Media_08IqB7MSuXc_001_1080p_frame_00007_jpg.rf.ae61cda5f9c6fc2aa3dca67e1f240afa.txt,YTSave_YouTube_4k-my-first-video-Crazy-vietnam-Traffic_Media_08IqB7MSuXc_001_1080p,7,3.5,train,labeled,86,0:1;1:7;2:52;3:25;4:1,bbox:5;polygon:81,46a7ba966c5fc8bce4854bf8f115399665637f43b5a6de6c059b32781972ea31
51b6bcb687cb3c9c8746ee53373ccb84dc905f25399b8136c4eec3dc357e97ed,train/images/YTSave_YouTube_4k-my-first-video-Crazy-vietnam-Traffic_Media_08IqB7MSuXc_001_1080p_frame_00008_jpg.rf.331261af4a4d2d0de07beb20e1834be4.jpg,train/labels/YTSave_YouTube_4k-my-first-video-Crazy-vietnam-Traffic_Media_08IqB7MSuXc_001_1080p_frame_00008_jpg.rf.331261af4a4d2d0de07beb20e1834be4.txt,YTSave_YouTube_4k-my-first-video-Crazy-vietnam-Traffic_Media_08IqB7MSuXc_001_1080p,8,4.0,train,labeled,101,0:1;1:10;2:56;3:33;4:1,bbox:7;polygon:94,51b6bcb687cb3c9c8746ee53373ccb84dc905f25399b8136c4eec3dc357e97ed
bb53606abe8b416732d0f7b58a3af7ff3bb3a0a41015165626ddb478a709f629,train/images/YTSave_YouTube_4k-my-first-video-Crazy-vietnam-Traffic_Media_08IqB7MSuXc_001_1080p_frame_00009_jpg.rf.a7d142c28ce8e32b2004c87badbacde1.jpg,train/labels/YTSave_YouTube_4k-my-first-video-Crazy-vietnam-Traffic_Media_08IqB7MSuXc_001_1080p_frame_00009_jpg.rf.a7d142c28ce8e32b2004c87badbacde1.txt,YTSave_YouTube_4k-my-first-video-Crazy-vietnam-Traffic_Media_08IqB7MSuXc_001_1080p,9,4.5,train,labeled,82,0:1;1:7;2:52;3:21;4:1,bbox:5;polygon:77,bb53606abe8b416732d0f7b58a3af7ff3bb3a0a41015165626ddb478a709f629
e3437552dd97e3295c10be3b280e3122d0269be52bd6c6408bad534abc22210c,train/images/YTSave_YouTube_4k-my-first-video-Crazy-vietnam-Traffic_Media_08IqB7MSuXc_001_1080p_frame_00009_jpg.rf.b4c6d0ffa4d3c64880d4e1d731d56f75.jpg,train/labels/YTSave_YouTube_4k-my-first-video-Crazy-vietnam-Traffic_Media_08IqB7MSuXc_001_1080p_frame_00009_jpg.rf.b4c6d0ffa4d3c64880d4e1d731d56f75.txt,YTSave_YouTube_4k-my-first-video-Crazy-vietnam-Traffic_Media_08IqB7MSuXc_001_1080p,9,4.5,train,labeled,74,0:1;1:7;2:45;3:20;4:1,bbox:2;polygon:72,e3437552dd97e3295c10be3b280e3122d0269be52bd6c6408bad534abc22210c
9c5deb8882c8be4303452dd298520cc4a4337e699ace153e151893c3b535b9c9,train/images/YTSave_YouTube_4k-my-first-video-Crazy-vietnam-Traffic_Media_08IqB7MSuXc_001_1080p_frame_00010_jpg.rf.466422073ec7cfdba76a288844d04d93.jpg,train/labels/YTSave_YouTube_4k-my-first-video-Crazy-vietnam-Traffic_Media_08IqB7MSuXc_001_1080p_frame_00010_jpg.rf.466422073ec7cfdba76a288844d04d93.txt,YTSave_YouTube_4k-my-first-video-Crazy-vietnam-Traffic_Media_08IqB7MSuXc_001_1080p,10,5.0,train,labeled,101,0:1;1:8;2:62;3:29;4:1,bbox:7;polygon:94,9c5deb8882c8be4303452dd298520cc4a4337e699ace153e151893c3b535b9c9
a346078848f53bffa4c2420e4b1c60124bae7cd911415799329c45f5fbb2cba6,train/images/YTSave_YouTube_4k-my-first-video-Crazy-vietnam-Traffic_Media_08IqB7MSuXc_001_1080p_frame_00010_jpg.rf.ac322f56bd574e503a0e420e8fbdaffb.jpg,train/labels/YTSave_YouTube_4k-my-first-video-Crazy-vietnam-Traffic_Media_08IqB7MSuXc_001_1080p_frame_00010_jpg.rf.ac322f56bd574e503a0e420e8fbdaffb.txt,YTSave_YouTube_4k-my-first-video-Crazy-vietnam-Traffic_Media_08IqB7MSuXc_001_1080p,10,5.0,train,labeled,112,1:10;2:59;3:42;4:1,bbox:5;polygon:107,a346078848f53bffa4c2420e4b1c60124bae7cd911415799329c45f5fbb2cba6
e2fb398e8dc48f9a5422442f98c04e428b00d6e815ebbc2e022849acaacf443a,train/images/YTSave_YouTube_4k-my-first-video-Crazy-vietnam-Traffic_Media_08IqB7MSuXc_001_1080p_frame_00011_jpg.rf.4dc43fbfc186967ffa65dd728195c574.jpg,train/labels/YTSave_YouTube_4k-my-first-video-Crazy-vietnam-Traffic_Media_08IqB7MSuXc_001_1080p_frame_00011_jpg.rf.4dc43fbfc186967ffa65dd728195c574.txt,YTSave_YouTube_4k-my-first-video-Crazy-vietnam-Traffic_Media_08IqB7MSuXc_001_1080p,11,5.5,train,labeled,104,0:1;1:8;2:51;3:43;4:1,bbox:12;polygon:92,e2fb398e8dc48f9a5422442f98c04e428b00d6e815ebbc2e022849acaacf443a
dc9251f304571b73b01253b4ff080f193767f6e4722a3216d9484e7c767ae343,train/images/YTSave_YouTube_4k-my-first-video-Crazy-vietnam-Traffic_Media_08IqB7MSuXc_001_1080p_frame_00012_jpg.rf.0586f78b90e0e329ac55e7f140ba6086.jpg,train/labels/YTSave_YouTube_4k-my-first-video-Crazy-vietnam-Traffic_Media_08IqB7MSuXc_001_1080p_frame_00012_jpg.rf.0586f78b90e0e329ac55e7f140ba6086.txt,YTSave_YouTube_4k-my-first-video-Crazy-vietnam-Traffic_Media_08IqB7MSuXc_001_1080p,12,6.0,train,labeled,87,1:4;2:41;3:41;4:1,bbox:3;polygon:84,dc9251f304571b73b01253b4ff080f193767f6e4722a3216d9484e7c767ae343
dc836a1d72847d33c1c5614da6bdefc0498fbf654cc97afca68774e775faccb0,train/images/YTSave_YouTube_4k-my-first-video-Crazy-vietnam-Traffic_Media_08IqB7MSuXc_001_1080p_frame_00012_jpg.rf.6a4bd223b315abb19758ea3aad3023d3.jpg,train/labels/YTSave_YouTube_4k-my-first-video-Crazy-vietnam-Traffic_Media_08IqB7MSuXc_001_1080p_frame_00012_jpg.rf.6a4bd223b315abb19758ea3aad3023d3.txt,YTSave_YouTube_4k-my-first-video-Crazy-vietnam-Traffic_Media_08IqB7MSuXc_001_1080p,12,6.0,train,labeled,72,1:11;2:40;3:20;4:1,bbox:5;polygon:67,dc836a1d72847d33c1c5614da6bdefc0498fbf654cc97afca68774e775faccb0
48a584b8c56e64f87fa2d26e45367e04e931e65af3c2a8c00c0dda29bb4f4e9c,train/images/YTSave_YouTube_4k-my-first-video-Crazy-vietnam-Traffic_Media_08IqB7MSuXc_001_1080p_frame_00013_jpg.rf.396f76395fa1cfdfe56fe3c53e53a461.jpg,train/labels/YTSave_YouTube_4k-my-first-video-Crazy-vietnam-Traffic_Media_08IqB7MSuXc_001_1080p_frame_00013_jpg.rf.396f76395fa1cfdfe56fe3c53e53a461.txt,YTSave_YouTube_4k-my-first-video-Crazy-vietnam-Traffic_Media_08IqB7MSuXc_001_1080p,13,6.5,train,labeled,80,0:1;1:9;2:38;3:31;4:1,bbox:5;polygon:75,48a584b8c56e64f87fa2d26e45367e04e931e65af3c2a8c00c0dda29bb4f4e9c
ed34709fb88d1c811cfa77581e37d8bb700fa330857b6b483255402f4ea718e9,train/images/YTSave_YouTube_4k-my-first-video-Crazy-vietnam-Traffic_Media_08IqB7MSuXc_001_1080p_frame_00013_jpg.rf.9563bba645567e97b2cf941dd67d9525.jpg,train/labels/YTSave_YouTube_4k-my-first-video-Crazy-vietnam-Traffic_Media_08IqB7MSuXc_001_1080p_frame_00013_jpg.rf.9563bba645567e97b2cf941dd67d9525.txt,YTSave_YouTube_4k-my-first-video-Crazy-vietnam-Traffic_Media_08IqB7MSuXc_001_1080p,13,6.5,train,labeled,86,1:4;2:45;3:36;4:1,bbox:7;polygon:79,ed34709fb88d1c811cfa77581e37d8bb700fa330857b6b483255402f4ea718e9
d4192b9f765fce34ffea62affa625177879e15e72f8106eb096d374982d94048,train/images/YTSave_YouTube_4k-my-first-video-Crazy-vietnam-Traffic_Media_08IqB7MSuXc_001_1080p_frame_00014_jpg.rf.bef0b6d662a3cc7797f0c36cc94c9340.jpg,train/labels/YTSave_YouTube_4k-my-first-video-Crazy-vietnam-Traffic_Media_08IqB7MSuXc_001_1080p_frame_00014_jpg.rf.bef0b6d662a3cc7797f0c36cc94c9340.txt,YTSave_YouTube_4k-my-first-video-Crazy-vietnam-Traffic_Media_08IqB7MSuXc_001_1080p,14,7.0,train,labeled,82,1:16;2:38;3:27;4:1,bbox:7;polygon:75,d4192b9f765fce34ffea62affa625177879e15e72f8106eb096d374982d94048
20982a4c2d3870cf898f8e0d9303833064dd7bd0174057dbf34e636ba3eb728f,train/images/YTSave_YouTube_4k-my-first-video-Crazy-vietnam-Traffic_Media_08IqB7MSuXc_001_1080p_frame_00015_jpg.rf.19fdb5b1213012555641eba8ff7bf7de.jpg,train/labels/YTSave_YouTube_4k-my-first-video-Crazy-vietnam-Traffic_Media_08IqB7MSuXc_001_1080p_frame_00015_jpg.rf.19fdb5b1213012555641eba8ff7bf7de.txt,YTSave_YouTube_4k-my-first-video-Crazy-vietnam-Traffic_Media_08IqB7MSuXc_001_1080p,15,7.5,train,labeled,96,1:12;2:48;3:36,bbox:8;polygon:88,20982a4c2d3870cf898f8e0d9303833064dd7bd0174057dbf34e636ba3eb728f
4d8c0935671fd57ed02b5eaa0483f100cd9f71c7ec8f9c49ab54ac455fddee61,train/images/YTSave_YouTube_4k-my-first-video-Crazy-vietnam-Traffic_Media_08IqB7MSuXc_001_1080p_frame_00015_jpg.rf.4b5c228736c6861979b3152123196b91.jpg,train/labels/YTSave_YouTube_4k-my-first-video-Crazy-vietnam-Traffic_Media_08IqB7MSuXc_001_1080p_frame_00015_jpg.rf.4b5c228736c6861979b3152123196b91.txt,YTSave_YouTube_4k-my-first-video-Crazy-vietnam-Traffic_Media_08IqB7MSuXc_001_1080p,15,7.5,train,labeled,73,1:8;2:34;3:30;4:1,bbox:2;polygon:71,4d8c0935671fd57ed02b5eaa0483f100cd9f71c7ec8f9c49ab54ac455fddee61
b2afc0077108f3df12b02ce76349e3b6d00a068eb3ec3fac0edff07da586abbe,train/images/YTSave_YouTube_4k-my-first-video-Crazy-vietnam-Traffic_Media_08IqB7MSuXc_001_1080p_frame_00017_jpg.rf.2f27cda813cb6e6cfeaac025b1b7b95d.jpg,train/labels/YTSave_YouTube_4k-my-first-video-Crazy-vietnam-Traffic_Media_08IqB7MSuXc_001_1080p_frame_00017_jpg.rf.2f27cda813cb6e6cfeaac025b1b7b95d.txt,YTSave_YouTube_4k-my-first-video-Crazy-vietnam-Traffic_Media_08IqB7MSuXc_001_1080p,17,8.5,train,labeled,82,0:1;1:4;2:53;3:23;4:1,bbox:2;polygon:80,b2afc0077108f3df12b02ce76349e3b6d00a068eb3ec3fac0edff07da586abbe
95184cf648482c696745d26798f90a7236a27f620d423cc8bc0224e4ceb2abf3,train/images/YTSave_YouTube_4k-my-first-video-Crazy-vietnam-Traffic_Media_08IqB7MSuXc_001_1080p_frame_00018_jpg.rf.c8ef91b95cd37c239c995c2454a4f37b.jpg,train/labels/YTSave_YouTube_4k-my-first-video-Crazy-vietnam-Traffic_Media_08IqB7MSuXc_001_1080p_frame_00018_jpg.rf.c8ef91b95cd37c239c995c2454a4f37b.txt,YTSave_YouTube_4k-my-first-video-Crazy-vietnam-Traffic_Media_08IqB7MSuXc_001_1080p,18,9.0,train,labeled,73,1:3;2:43;3:26;4:1,bbox:3;polygon:70,95184cf648482c696745d26798f90a7236a27f620d423cc8bc0224e4ceb2abf3
b63bb799fa304ef35c2f017bcef052ddddf5fc8cca7db402dd49e4c1b3c646b7,train/images/YTSave_YouTube_4k-my-first-video-Crazy-vietnam-Traffic_Media_08IqB7MSuXc_001_1080p_frame_00019_jpg.rf.ff6e46faf51f1729c4a12ef1b4172950.jpg,train/labels/YTSave_YouTube_4k-my-first-video-Crazy-vietnam-Traffic_Media_08IqB7MSuXc_001_1080p_frame_00019_jpg.rf.ff6e46faf51f1729c4a12ef1b4172950.txt,YTSave_YouTube_4k-my-first-video-Crazy-vietnam-Traffic_Media_08IqB7MSuXc_001_1080p,19,9.5,train,labeled,78,1:10;2:45;3:22;4:1,bbox:2;polygon:76,b63bb799fa304ef35c2f017bcef052ddddf5fc8cca7db402dd49e4c1b3c646b7
86cdb550be01cbcab5228b6f4ae4f754d5ff609bf30d20c265981cfe5db22892,train/images/YTSave_YouTube_4k-my-first-video-Crazy-vietnam-Traffic_Media_08IqB7MSuXc_001_1080p_frame_00020_jpg.rf.79a4db982890fe87c7ceb01c107f7d06.jpg,train/labels/YTSave_YouTube_4k-my-first-video-Crazy-vietnam-Traffic_Media_08IqB7MSuXc_001_1080p_frame_00020_jpg.rf.79a4db982890fe87c7ceb01c107f7d06.txt,YTSave_YouTube_4k-my-first-video-Crazy-vietnam-Traffic_Media_08IqB7MSuXc_001_1080p,20,10.0,train,labeled,89,1:9;2:54;3:25;4:1,bbox:9;polygon:80,86cdb550be01cbcab5228b6f4ae4f754d5ff609bf30d20c265981cfe5db22892
b4d508942189a8103c1ae0dfc641443491b94a7eb214e3825f4601155e6eeb8d,train/images/YTSave_YouTube_4k-my-first-video-Crazy-vietnam-Traffic_Media_08IqB7MSuXc_001_1080p_frame_00021_jpg.rf.c31d5b1b8343ae70bd108cd670a0c20f.jpg,train/labels/YTSave_YouTube_4k-my-first-video-Crazy-vietnam-Traffic_Media_08IqB7MSuXc_001_1080p_frame_00021_jpg.rf.c31d5b1b8343ae70bd108cd670a0c20f.txt,YTSave_YouTube_4k-my-first-video-Crazy-vietnam-Traffic_Media_08IqB7MSuXc_001_1080p,21,10.5,train,labeled,97,1:10;2:58;3:28;4:1,bbox:7;polygon:90,b4d508942189a8103c1ae0dfc641443491b94a7eb214e3825f4601155e6eeb8d
6d8ee5e8be797f4d000efdc02e2c542b7a5d6c7531b1ef44cd7c06cb600565c2,train/images/YTSave_YouTube_4k-my-first-video-Crazy-vietnam-Traffic_Media_08IqB7MSuXc_001_1080p_frame_00023_jpg.rf.d03146b4c4f5c9daabf5c9b4e0741abd.jpg,train/labels/YTSave_YouTube_4k-my-first-video-Crazy-vietnam-Traffic_Media_08IqB7MSuXc_001_1080p_frame_00023_jpg.rf.d03146b4c4f5c9daabf5c9b4e0741abd.txt,YTSave_YouTube_4k-my-first-video-Crazy-vietnam-Traffic_Media_08IqB7MSuXc_001_1080p,23,11.5,train,labeled,108,0:1;1:9;2:57;3:40;4:1,bbox:7;polygon:101,6d8ee5e8be797f4d000efdc02e2c542b7a5d6c7531b1ef44cd7c06cb600565c2
e3316d3adc4411130337b8e112412c511dd937670ebc1bc6db96f1e7ca1988d4,train/images/YTSave_YouTube_4k-my-first-video-Crazy-vietnam-Traffic_Media_08IqB7MSuXc_001_1080p_frame_00024_jpg.rf.2cd8c8b3ed6bf86058014ee000af7488.jpg,train/labels/YTSave_YouTube_4k-my-first-video-Crazy-vietnam-Traffic_Media_08IqB7MSuXc_001_1080p_frame_00024_jpg.rf.2cd8c8b3ed6bf86058014ee000af7488.txt,YTSave_YouTube_4k-my-first-video-Crazy-vietnam-Traffic_Media_08IqB7MSuXc_001_1080p,24,12.0,train,labeled,110,0:1;1:11;2:57;3:40;4:1,bbox:6;polygon:104,e3316d3adc4411130337b8e112412c511dd937670ebc1bc6db96f1e7ca1988d4
f5ce4ee975b7506d3e8fb65f879cdd252b9fc8bd01272fdf2a00054d6aebf21e,train/images/YTSave_YouTube_4k-my-first-video-Crazy-vietnam-Traffic_Media_08IqB7MSuXc_001_1080p_frame_00025_jpg.rf.8f8fd2e7d88a36c7cc7295d8bdadf016.jpg,train/labels/YTSave_YouTube_4k-my-first-video-Crazy-vietnam-Traffic_Media_08IqB7MSuXc_001_1080p_frame_00025_jpg.rf.8f8fd2e7d88a36c7cc7295d8bdadf016.txt,YTSave_YouTube_4k-my-first-video-Crazy-vietnam-Traffic_Media_08IqB7MSuXc_001_1080p,25,12.5,train,labeled,94,0:1;1:10;2:53;3:30,bbox:7;polygon:87,f5ce4ee975b7506d3e8fb65f879cdd252b9fc8bd01272fdf2a00054d6aebf21e
54e6e6e5803b5d3d3d69fbde4ab4cb91bd6fd26ad92305dbf381d199dd6d1948,train/images/YTSave_YouTube_4k-my-first-video-Crazy-vietnam-Traffic_Media_08IqB7MSuXc_001_1080p_frame_00029_jpg.rf.244b34ec2dda0b9ebb5640ed65aae5f4.jpg,train/labels/YTSave_YouTube_4k-my-first-video-Crazy-vietnam-Traffic_Media_08IqB7MSuXc_001_1080p_frame_00029_jpg.rf.244b34ec2dda0b9ebb5640ed65aae5f4.txt,YTSave_YouTube_4k-my-first-video-Crazy-vietnam-Traffic_Media_08IqB7MSuXc_001_1080p,29,14.5,train,labeled,79,0:1;1:7;2:45;3:25;4:1,bbox:5;polygon:74,54e6e6e5803b5d3d3d69fbde4ab4cb91bd6fd26ad92305dbf381d199dd6d1948
4df2575e52d22b6645088634e8335bfdae0d55ebcef1b63a5c671e2e68e14a0d,train/images/YTSave_YouTube_4k-my-first-video-Crazy-vietnam-Traffic_Media_08IqB7MSuXc_001_1080p_frame_00030_jpg.rf.1d6cc5eafe2e88ac24c03813a1642577.jpg,train/labels/YTSave_YouTube_4k-my-first-video-Crazy-vietnam-Traffic_Media_08IqB7MSuXc_001_1080p_frame_00030_jpg.rf.1d6cc5eafe2e88ac24c03813a1642577.txt,YTSave_YouTube_4k-my-first-video-Crazy-vietnam-Traffic_Media_08IqB7MSuXc_001_1080p,30,15.0,train,labeled,84,1:10;2:49;3:24;4:1,bbox:4;polygon:80,4df2575e52d22b6645088634e8335bfdae0d55ebcef1b63a5c671e2e68e14a0d
fa1084e1c707046744a9ef92652bdd394942ea27296295b42d51c13dcc3bbdfa,train/images/YTSave_YouTube_4k-my-first-video-Crazy-vietnam-Traffic_Media_08IqB7MSuXc_001_1080p_frame_00031_jpg.rf.04f8c89841019584b604323cde113e97.jpg,train/labels/YTSave_YouTube_4k-my-first-video-Crazy-vietnam-Traffic_Media_08IqB7MSuXc_001_1080p_frame_00031_jpg.rf.04f8c89841019584b604323cde113e97.txt,YTSave_YouTube_4k-my-first-video-Crazy-vietnam-Traffic_Media_08IqB7MSuXc_001_1080p,31,15.5,train,labeled,96,1:10;2:56;3:30,bbox:9;polygon:87,fa1084e1c707046744a9ef92652bdd394942ea27296295b42d51c13dcc3bbdfa
744be41b31703bf509b30275945e6887c6633d739a1340867d2975e690d354b0,train/images/YTSave_YouTube_4k-my-first-video-Crazy-vietnam-Traffic_Media_08IqB7MSuXc_001_1080p_frame_00032_jpg.rf.204ca807f29ee431b2f37f8783720003.jpg,train/labels/YTSave_YouTube_4k-my-first-video-Crazy-vietnam-Traffic_Media_08IqB7MSuXc_001_1080p_frame_00032_jpg.rf.204ca807f29ee431b2f37f8783720003.txt,YTSave_YouTube_4k-my-first-video-Crazy-vietnam-Traffic_Media_08IqB7MSuXc_001_1080p,32,16.0,train,labeled,103,1:12;2:53;3:37;4:1,bbox:6;polygon:97,744be41b31703bf509b30275945e6887c6633d739a1340867d2975e690d354b0
991892306acedc50f100071f40def77e876bd47e8c9af3f909c9ecfedc6004e3,train/images/YTSave_YouTube_4k-my-first-video-Crazy-vietnam-Traffic_Media_08IqB7MSuXc_001_1080p_frame_00033_jpg.rf.29595c0d529bac366a984369a634026e.jpg,train/labels/YTSave_YouTube_4k-my-first-video-Crazy-vietnam-Traffic_Media_08IqB7MSuXc_001_1080p_frame_00033_jpg.rf.29595c0d529bac366a984369a634026e.txt,YTSave_YouTube_4k-my-first-video-Crazy-vietnam-Traffic_Media_08IqB7MSuXc_001_1080p,33,16.5,train,labeled,103,0:2;1:12;2:49;3:39;4:1,bbox:10;polygon:93,991892306acedc50f100071f40def77e876bd47e8c9af3f909c9ecfedc6004e3
63e001766c2fe9b71b5ceffcefa48daf61e00918f497c0db6b33401d72f68261,train/images/YTSave_YouTube_4k-my-first-video-Crazy-vietnam-Traffic_Media_08IqB7MSuXc_001_1080p_frame_00035_jpg.rf.7257dcc443ff2b81dd61cfba499626fe.jpg,train/labels/YTSave_YouTube_4k-my-first-video-Crazy-vietnam-Traffic_Media_08IqB7MSuXc_001_1080p_frame_00035_jpg.rf.7257dcc443ff2b81dd61cfba499626fe.txt,YTSave_YouTube_4k-my-first-video-Crazy-vietnam-Traffic_Media_08IqB7MSuXc_001_1080p,35,17.5,train,labeled,102,0:1;1:5;2:48;3:47;4:1,bbox:11;polygon:91,63e001766c2fe9b71b5ceffcefa48daf61e00918f497c0db6b33401d72f68261
2b55dcf974d9b64f8294da27772506bb922f91f3612f54d025810f1a21e5cea7,train/images/YTSave_YouTube_4k-my-first-video-Crazy-vietnam-Traffic_Media_08IqB7MSuXc_001_1080p_frame_00036_jpg.rf.3b78f85c2b6b1ba103726cbd2efba36a.jpg,train/labels/YTSave_YouTube_4k-my-first-video-Crazy-vietnam-Traffic_Media_08IqB7MSuXc_001_1080p_frame_00036_jpg.rf.3b78f85c2b6b1ba103726cbd2efba36a.txt,YTSave_YouTube_4k-my-first-video-Crazy-vietnam-Traffic_Media_08IqB7MSuXc_001_1080p,36,18.0,train,labeled,99,0:2;1:9;2:49;3:39,bbox:5;polygon:94,2b55dcf974d9b64f8294da27772506bb922f91f3612f54d025810f1a21e5cea7
e949ae41d0a4e521e7126abef35da002d57d0b1fbf786f4990f211174a6b673f,train/images/YTSave_YouTube_4k-my-first-video-Crazy-vietnam-Traffic_Media_08IqB7MSuXc_001_1080p_frame_00037_jpg.rf.7711f18dae918052b349f2848c0d3fa6.jpg,train/labels/YTSave_YouTube_4k-my-first-video-Crazy-vietnam-Traffic_Media_08IqB7MSuXc_001_1080p_frame_00037_jpg.rf.7711f18dae918052b349f2848c0d3fa6.txt,YTSave_YouTube_4k-my-first-video-Crazy-vietnam-Traffic_Media_08IqB7MSuXc_001_1080p,37,18.5,train,labeled,95,0:1;1:14;2:53;3:26;4:1,bbox:6;polygon:89,e949ae41d0a4e521e7126abef35da002d57d0b1fbf786f4990f211174a6b673f
5d7fe752abd28f932bbc6a99af96c4d3937d96130385814a7723d20778b78c33,train/images/YTSave_YouTube_4k-my-first-video-Crazy-vietnam-Traffic_Media_08IqB7MSuXc_001_1080p_frame_00038_jpg.rf.ae4879c1e8eb4ba104f9d4dea0f42031.jpg,train/labels/YTSave_YouTube_4k-my-first-video-Crazy-vietnam-Traffic_Media_08IqB7MSuXc_001_1080p_frame_00038_jpg.rf.ae4879c1e8eb4ba104f9d4dea0f42031.txt,YTSave_YouTube_4k-my-first-video-Crazy-vietnam-Traffic_Media_08IqB7MSuXc_001_1080p,38,19.0,train,labeled,72,0:1;1:11;2:36;3:23;4:1,bbox:4;polygon:68,5d7fe752abd28f932bbc6a99af96c4d3937d96130385814a7723d20778b78c33
c32f71fb9337299314d018708d61e934f34a58b14da456992806f4c05135dc74,train/images/YTSave_YouTube_4k-my-first-video-Crazy-vietnam-Traffic_Media_08IqB7MSuXc_001_1080p_frame_00040_jpg.rf.8d63d88423cf5f18beef129ddb00576a.jpg,train/labels/YTSave_YouTube_4k-my-first-video-Crazy-vietnam-Traffic_Media_08IqB7MSuXc_001_1080p_frame_00040_jpg.rf.8d63d88423cf5f18beef129ddb00576a.txt,YTSave_YouTube_4k-my-first-video-Crazy-vietnam-Traffic_Media_08IqB7MSuXc_001_1080p,40,20.0,train,labeled,93,0:1;1:12;2:55;3:25,bbox:5;polygon:88,c32f71fb9337299314d018708d61e934f34a58b14da456992806f4c05135dc74
ee17a1e480b625fa0e9ca81a83c62ea22349cd8ccdc0a56630f937c53d4f7904,train/images/YTSave_YouTube_4k-my-first-video-Crazy-vietnam-Traffic_Media_08IqB7MSuXc_001_1080p_frame_00045_jpg.rf.39023288f2c80d09ab107131943669ef.jpg,train/labels/YTSave_YouTube_4k-my-first-video-Crazy-vietnam-Traffic_Media_08IqB7MSuXc_001_1080p_frame_00045_jpg.rf.39023288f2c80d09ab107131943669ef.txt,YTSave_YouTube_4k-my-first-video-Crazy-vietnam-Traffic_Media_08IqB7MSuXc_001_1080p,45,22.5,train,labeled,102,0:1;1:12;2:49;3:40,bbox:5;polygon:97,ee17a1e480b625fa0e9ca81a83c62ea22349cd8ccdc0a56630f937c53d4f7904
e29b10b0a4c635acbaf35389156def3e4876fe49169c632233da97c891b95dc6,train/images/YTSave_YouTube_4k-my-first-video-Crazy-vietnam-Traffic_Media_08IqB7MSuXc_001_1080p_frame_00049_jpg.rf.0a7db456b3a26af26554ca772450989d.jpg,train/labels/YTSave_YouTube_4k-my-first-video-Crazy-vietnam-Traffic_Media_08IqB7MSuXc_001_1080p_frame_00049_jpg.rf.0a7db456b3a26af26554ca772450989d.txt,YTSave_YouTube_4k-my-first-video-Crazy-vietnam-Traffic_Media_08IqB7MSuXc_001_1080p,49,24.5,train,labeled,103,1:10;2:60;3:33,bbox:5;polygon:98,e29b10b0a4c635acbaf35389156def3e4876fe49169c632233da97c891b95dc6
61f53e94b3d0668b80694e09d02067cbb9f98d4cb939545f26e34e0343b24196,train/images/YTSave_YouTube_4k-my-first-video-Crazy-vietnam-Traffic_Media_08IqB7MSuXc_001_1080p_frame_00050_jpg.rf.fa1bb4d2da2931b3d374664fc5b70ff4.jpg,train/labels/YTSave_YouTube_4k-my-first-video-Crazy-vietnam-Traffic_Media_08IqB7MSuXc_001_1080p_frame_00050_jpg.rf.fa1bb4d2da2931b3d374664fc5b70ff4.txt,YTSave_YouTube_4k-my-first-video-Crazy-vietnam-Traffic_Media_08IqB7MSuXc_001_1080p,50,25.0,train,labeled,110,1:11;2:55;3:44,bbox:11;polygon:99,61f53e94b3d0668b80694e09d02067cbb9f98d4cb939545f26e34e0343b24196
11106e47aa8a419c138d17b06d04ba31d79196ec1c502d13e003b9a5dce9f870,train/images/YTSave_YouTube_4k-my-first-video-Crazy-vietnam-Traffic_Media_08IqB7MSuXc_001_1080p_frame_00051_jpg.rf.049b2730d6bffd70ac1337006c4b2870.jpg,train/labels/YTSave_YouTube_4k-my-first-video-Crazy-vietnam-Traffic_Media_08IqB7MSuXc_001_1080p_frame_00051_jpg.rf.049b2730d6bffd70ac1337006c4b2870.txt,YTSave_YouTube_4k-my-first-video-Crazy-vietnam-Traffic_Media_08IqB7MSuXc_001_1080p,51,25.5,train,labeled,95,1:11;2:46;3:38,bbox:5;polygon:90,11106e47aa8a419c138d17b06d04ba31d79196ec1c502d13e003b9a5dce9f870
4ae516e9d44433997fb436ff95dfd32246e6fee587c2f9f2e1bb32397b237c9d,train/images/YTSave_YouTube_AERIAL-DRONE-4K-VIDEO-CITY-TRAFFIC-JAM-P_Media_Sk1ZAIQc7ZM_001_1080p_frame_00001_jpg.rf.d487319d1470aad1180b1175bc1ebb21.jpg,train/labels/YTSave_YouTube_AERIAL-DRONE-4K-VIDEO-CITY-TRAFFIC-JAM-P_Media_Sk1ZAIQc7ZM_001_1080p_frame_00001_jpg.rf.d487319d1470aad1180b1175bc1ebb21.txt,YTSave_YouTube_AERIAL-DRONE-4K-VIDEO-CITY-TRAFFIC-JAM-P_Media_Sk1ZAIQc7ZM_001_1080p,1,0.5,train,labeled,145,1:90;2:49;4:6,bbox:20;polygon:125,4ae516e9d44433997fb436ff95dfd32246e6fee587c2f9f2e1bb32397b237c9d
f59e7399768c86c83ffd9838d2aa10fb54bb0e2e6a95f6ae8b9d206a07a4fe07,train/images/YTSave_YouTube_AERIAL-DRONE-4K-VIDEO-CITY-TRAFFIC-JAM-P_Media_Sk1ZAIQc7ZM_001_1080p_frame_00002_jpg.rf.275d58bbf340fec8dc9cdf603d374d9b.jpg,train/labels/YTSave_YouTube_AERIAL-DRONE-4K-VIDEO-CITY-TRAFFIC-JAM-P_Media_Sk1ZAIQc7ZM_001_1080p_frame_00002_jpg.rf.275d58bbf340fec8dc9cdf603d374d9b.txt,YTSave_YouTube_AERIAL-DRONE-4K-VIDEO-CITY-TRAFFIC-JAM-P_Media_Sk1ZAIQc7ZM_001_1080p,2,1.0,train,labeled,148,1:89;2:52;4:7,bbox:20;polygon:128,f59e7399768c86c83ffd9838d2aa10fb54bb0e2e6a95f6ae8b9d206a07a4fe07
2c753e15dbc86cb75acfb4481934548f555ce470348e6d24ed5e1b565a8f65df,train/images/YTSave_YouTube_AERIAL-DRONE-4K-VIDEO-CITY-TRAFFIC-JAM-P_Media_Sk1ZAIQc7ZM_001_1080p_frame_00002_jpg.rf.403fc0f0f37dc2e4e56fdac05dc02402.jpg,train/labels/YTSave_YouTube_AERIAL-DRONE-4K-VIDEO-CITY-TRAFFIC-JAM-P_Media_Sk1ZAIQc7ZM_001_1080p_frame_00002_jpg.rf.403fc0f0f37dc2e4e56fdac05dc02402.txt,YTSave_YouTube_AERIAL-DRONE-4K-VIDEO-CITY-TRAFFIC-JAM-P_Media_Sk1ZAIQc7ZM_001_1080p,2,1.0,train,labeled,153,1:90;2:52;3:2;4:9,bbox:20;polygon:133,2c753e15dbc86cb75acfb4481934548f555ce470348e6d24ed5e1b565a8f65df
aa82cb3fe20a5491f90740dc030c071142cb9b3e8e9724b2202e4f16c67c23ea,train/images/YTSave_YouTube_AERIAL-DRONE-4K-VIDEO-CITY-TRAFFIC-JAM-P_Media_Sk1ZAIQc7ZM_001_1080p_frame_00004_jpg.rf.446c55c7f591585594c3c3d877c58d99.jpg,train/labels/YTSave_YouTube_AERIAL-DRONE-4K-VIDEO-CITY-TRAFFIC-JAM-P_Media_Sk1ZAIQc7ZM_001_1080p_frame_00004_jpg.rf.446c55c7f591585594c3c3d877c58d99.txt,YTSave_YouTube_AERIAL-DRONE-4K-VIDEO-CITY-TRAFFIC-JAM-P_Media_Sk1ZAIQc7ZM_001_1080p,4,2.0,train,labeled,137,1:87;2:45;4:5,bbox:16;polygon:121,aa82cb3fe20a5491f90740dc030c071142cb9b3e8e9724b2202e4f16c67c23ea
0e76b478104e2488d4e636a918c9cad111b89453bacb409c5fc5ffbee2e19e40,train/images/YTSave_YouTube_AERIAL-DRONE-4K-VIDEO-CITY-TRAFFIC-JAM-P_Media_Sk1ZAIQc7ZM_001_1080p_frame_00004_jpg.rf.5ae28c06aa72dbf28570e0bb3a304a1d.jpg,train/labels/YTSave_YouTube_AERIAL-DRONE-4K-VIDEO-CITY-TRAFFIC-JAM-P_Media_Sk1ZAIQc7ZM_001_1080p_frame_00004_jpg.rf.5ae28c06aa72dbf28570e0bb3a304a1d.txt,YTSave_YouTube_AERIAL-DRONE-4K-VIDEO-CITY-TRAFFIC-JAM-P_Media_Sk1ZAIQc7ZM_001_1080p,4,2.0,train,labeled,145,1:86;2:53;4:6,bbox:16;polygon:129,0e76b478104e2488d4e636a918c9cad111b89453bacb409c5fc5ffbee2e19e40
5fe706dbd748ac86e376dcfebe16c3d0e75a9ca7f704e8bcdae043e856c07a6a,train/images/YTSave_YouTube_AERIAL-DRONE-4K-VIDEO-CITY-TRAFFIC-JAM-P_Media_Sk1ZAIQc7ZM_001_1080p_frame_00005_jpg.rf.8a6bf9e71521b18f22aa5d007ba804db.jpg,train/labels/YTSave_YouTube_AERIAL-DRONE-4K-VIDEO-CITY-TRAFFIC-JAM-P_Media_Sk1ZAIQc7ZM_001_1080p_frame_00005_jpg.rf.8a6bf9e71521b18f22aa5d007ba804db.txt,YTSave_YouTube_AERIAL-DRONE-4K-VIDEO-CITY-TRAFFIC-JAM-P_Media_Sk1ZAIQc7ZM_001_1080p,5,2.5,train,labeled,156,1:90;2:59;4:7,bbox:34;polygon:122,5fe706dbd748ac86e376dcfebe16c3d0e75a9ca7f704e8bcdae043e856c07a6a
e1ad63bee6dc6ba1ad2e220a73c43cf714d00d490c421b089bb8cb484b161c0b,train/images/YTSave_YouTube_AERIAL-DRONE-4K-VIDEO-CITY-TRAFFIC-JAM-P_Media_Sk1ZAIQc7ZM_001_1080p_frame_00006_jpg.rf.c301b4044c3343f0287191493936de75.jpg,train/labels/YTSave_YouTube_AERIAL-DRONE-4K-VIDEO-CITY-TRAFFIC-JAM-P_Media_Sk1ZAIQc7ZM_001_1080p_frame_00006_jpg.rf.c301b4044c3343f0287191493936de75.txt,YTSave_YouTube_AERIAL-DRONE-4K-VIDEO-CITY-TRAFFIC-JAM-P_Media_Sk1ZAIQc7ZM_001_1080p,6,3.0,train,labeled,145,1:88;2:50;3:1;4:6,bbox:18;polygon:127,e1ad63bee6dc6ba1ad2e220a73c43cf714d00d490c421b089bb8cb484b161c0b
aeb9e6771ce1e3b4d45957d33c28011b2790cd45413536392a4628cde9ee57b7,train/images/YTSave_YouTube_AERIAL-DRONE-4K-VIDEO-CITY-TRAFFIC-JAM-P_Media_Sk1ZAIQc7ZM_001_1080p_frame_00007_jpg.rf.70af67e2c73f98de754365c9fbc959a4.jpg,train/labels/YTSave_YouTube_AERIAL-DRONE-4K-VIDEO-CITY-TRAFFIC-JAM-P_Media_Sk1ZAIQc7ZM_001_1080p_frame_00007_jpg.rf.70af67e2c73f98de754365c9fbc959a4.txt,YTSave_YouTube_AERIAL-DRONE-4K-VIDEO-CITY-TRAFFIC-JAM-P_Media_Sk1ZAIQc7ZM_001_1080p,7,3.5,train,labeled,149,1:89;2:51;3:1;4:8,bbox:21;polygon:128,aeb9e6771ce1e3b4d45957d33c28011b2790cd45413536392a4628cde9ee57b7
e0581a1c792230a2551f4fecfca6f8a7b2cc311d106044bc8bea9836eb88eb6d,train/images/YTSave_YouTube_AERIAL-DRONE-4K-VIDEO-CITY-TRAFFIC-JAM-P_Media_Sk1ZAIQc7ZM_001_1080p_frame_00008_jpg.rf.44a317df130d73ec37d98746ea1d5517.jpg,train/labels/YTSave_YouTube_AERIAL-DRONE-4K-VIDEO-CITY-TRAFFIC-JAM-P_Media_Sk1ZAIQc7ZM_001_1080p_frame_00008_jpg.rf.44a317df130d73ec37d98746ea1d5517.txt,YTSave_YouTube_AERIAL-DRONE-4K-VIDEO-CITY-TRAFFIC-JAM-P_Media_Sk1ZAIQc7ZM_001_1080p,8,4.0,train,labeled,146,1:88;2:51;3:1;4:6,bbox:20;polygon:126,e0581a1c792230a2551f4fecfca6f8a7b2cc311d106044bc8bea9836eb88eb6d
a18fbea013aa7e07bf31f6b8e515d00f3e8ec46c3e74dbc841600d00b4599605,train/images/YTSave_YouTube_AERIAL-DRONE-4K-VIDEO-CITY-TRAFFIC-JAM-P_Media_Sk1ZAIQc7ZM_001_1080p_frame_00009_jpg.rf.7a4acf808e9bba1c8e23f6b8bff291cc.jpg,train/labels/YTSave_YouTube_AERIAL-DRONE-4K-VIDEO-CITY-TRAFFIC-JAM-P_Media_Sk1ZAIQc7ZM_001_1080p_frame_00009_jpg.rf.7a4acf808e9bba1c8e23f6b8bff291cc.txt,YTSave_YouTube_AERIAL-DRONE-4K-VIDEO-CITY-TRAFFIC-JAM-P_Media_Sk1ZAIQc7ZM_001_1080p,9,4.5,train,labeled,132,1:84;2:44;4:4,bbox:13;polygon:119,a18fbea013aa7e07bf31f6b8e515d00f3e8ec46c3e74dbc841600d00b4599605
eb83361f1cbde1226eb3d21bf4d97fb48871ae70d0175ce5856036724f367897,train/images/YTSave_YouTube_AERIAL-DRONE-4K-VIDEO-CITY-TRAFFIC-JAM-P_Media_Sk1ZAIQc7ZM_001_1080p_frame_00011_jpg.rf.bf1e7041ce312d5bdfe82b998d3d1520.jpg,train/labels/YTSave_YouTube_AERIAL-DRONE-4K-VIDEO-CITY-TRAFFIC-JAM-P_Media_Sk1ZAIQc7ZM_001_1080p_frame_00011_jpg.rf.bf1e7041ce312d5bdfe82b998d3d1520.txt,YTSave_YouTube_AERIAL-DRONE-4K-VIDEO-CITY-TRAFFIC-JAM-P_Media_Sk1ZAIQc7ZM_001_1080p,11,5.5,train,labeled,140,1:85;2:48;4:7,bbox:18;polygon:122,eb83361f1cbde1226eb3d21bf4d97fb48871ae70d0175ce5856036724f367897
288acb692b5d5f3ce10de2bd2c8537dff8392582ef6650612c6a0e4d0035ec17,train/images/YTSave_YouTube_AERIAL-DRONE-4K-VIDEO-CITY-TRAFFIC-JAM-P_Media_Sk1ZAIQc7ZM_001_1080p_frame_00014_jpg.rf.d0dc000a07cf11826dd40590f225a623.jpg,train/labels/YTSave_YouTube_AERIAL-DRONE-4K-VIDEO-CITY-TRAFFIC-JAM-P_Media_Sk1ZAIQc7ZM_001_1080p_frame_00014_jpg.rf.d0dc000a07cf11826dd40590f225a623.txt,YTSave_YouTube_AERIAL-DRONE-4K-VIDEO-CITY-TRAFFIC-JAM-P_Media_Sk1ZAIQc7ZM_001_1080p,14,7.0,train,labeled,142,1:91;2:47;4:4,bbox:22;polygon:120,288acb692b5d5f3ce10de2bd2c8537dff8392582ef6650612c6a0e4d0035ec17
de4e05dcbf7c713c1a8833858ae8486f6eb2560c2914c74ef8b92d30a2fd9e3a,train/images/YTSave_YouTube_AERIAL-DRONE-4K-VIDEO-CITY-TRAFFIC-JAM-P_Media_Sk1ZAIQc7ZM_001_1080p_frame_00016_jpg.rf.7fd06007cd9f7e0336caf553d5c1973b.jpg,train/labels/YTSave_YouTube_AERIAL-DRONE-4K-VIDEO-CITY-TRAFFIC-JAM-P_Media_Sk1ZAIQc7ZM_001_1080p_frame_00016_jpg.rf.7fd06007cd9f7e0336caf553d5c1973b.txt,YTSave_YouTube_AERIAL-DRONE-4K-VIDEO-CITY-TRAFFIC-JAM-P_Media_Sk1ZAIQc7ZM_001_1080p,16,8.0,train,labeled,144,1:95;2:46;4:3,bbox:21;polygon:123,de4e05dcbf7c713c1a8833858ae8486f6eb2560c2914c74ef8b92d30a2fd9e3a
3d73f7392970bb5626f4aec9339c53ca8816f15216c6de9fd854223a1beee136,train/images/YTSave_YouTube_AERIAL-DRONE-4K-VIDEO-CITY-TRAFFIC-JAM-P_Media_Sk1ZAIQc7ZM_001_1080p_frame_00017_jpg.rf.54f8f5781f204d53b17101ebef7623b5.jpg,train/labels/YTSave_YouTube_AERIAL-DRONE-4K-VIDEO-CITY-TRAFFIC-JAM-P_Media_Sk1ZAIQc7ZM_001_1080p_frame_00017_jpg.rf.54f8f5781f204d53b17101ebef7623b5.txt,YTSave_YouTube_AERIAL-DRONE-4K-VIDEO-CITY-TRAFFIC-JAM-P_Media_Sk1ZAIQc7ZM_001_1080p,17,8.5,train,labeled,136,1:94;2:35;4:7,bbox:18;polygon:118,3d73f7392970bb5626f4aec9339c53ca8816f15216c6de9fd854223a1beee136
437de9ad8f3cc085f695aeed665fce0e9182a0526bc36c0e6c9715aca6ec5e16,train/images/YTSave_YouTube_AERIAL-DRONE-4K-VIDEO-CITY-TRAFFIC-JAM-P_Media_Sk1ZAIQc7ZM_001_1080p_frame_00018_jpg.rf.9f0fa64912c27ac1793d62cd3e2b07c1.jpg,train/labels/YTSave_YouTube_AERIAL-DRONE-4K-VIDEO-CITY-TRAFFIC-JAM-P_Media_Sk1ZAIQc7ZM_001_1080p_frame_00018_jpg.rf.9f0fa64912c27ac1793d62cd3e2b07c1.txt,YTSave_YouTube_AERIAL-DRONE-4K-VIDEO-CITY-TRAFFIC-JAM-P_Media_Sk1ZAIQc7ZM_001_1080p,18,9.0,train,labeled,132,1:94;2:35;4:3,bbox:15;polygon:117,437de9ad8f3cc085f695aeed665fce0e9182a0526bc36c0e6c9715aca6ec5e16
5e9162f3c502c63c9688ffae9d39e357008d3fe5a9a4d2559218b4a4b8840d48,train/images/YTSave_YouTube_AERIAL-DRONE-4K-VIDEO-CITY-TRAFFIC-JAM-P_Media_Sk1ZAIQc7ZM_001_1080p_frame_00019_jpg.rf.aaac7550a92619d9ddf85c433365c456.jpg,train/labels/YTSave_YouTube_AERIAL-DRONE-4K-VIDEO-CITY-TRAFFIC-JAM-P_Media_Sk1ZAIQc7ZM_001_1080p_frame_00019_jpg.rf.aaac7550a92619d9ddf85c433365c456.txt,YTSave_YouTube_AERIAL-DRONE-4K-VIDEO-CITY-TRAFFIC-JAM-P_Media_Sk1ZAIQc7ZM_001_1080p,19,9.5,train,labeled,136,1:95;2:37;4:4,bbox:16;polygon:120,5e9162f3c502c63c9688ffae9d39e357008d3fe5a9a4d2559218b4a4b8840d48
bdece16cf997cf63364b87f4f977dfc3c7682853f3315ff9ff3902473f3ad2ba,train/images/YTSave_YouTube_AERIAL-DRONE-4K-VIDEO-CITY-TRAFFIC-JAM-P_Media_Sk1ZAIQc7ZM_001_1080p_frame_00020_jpg.rf.6f536fcb79a188e59c76a13881f25083.jpg,train/labels/YTSave_YouTube_AERIAL-DRONE-4K-VIDEO-CITY-TRAFFIC-JAM-P_Media_Sk1ZAIQc7ZM_001_1080p_frame_00020_jpg.rf.6f536fcb79a188e59c76a13881f25083.txt,YTSave_YouTube_AERIAL-DRONE-4K-VIDEO-CITY-TRAFFIC-JAM-P_Media_Sk1ZAIQc7ZM_001_1080p,20,10.0,train,labeled,132,1:90;2:38;3:1;4:3,bbox:22;polygon:110,bdece16cf997cf63364b87f4f977dfc3c7682853f3315ff9ff3902473f3ad2ba
e7ca51c1f4e8b4d15309164f096f4018a11a96170b4628d6fadf04454f00c425,train/images/YTSave_YouTube_AERIAL-DRONE-4K-VIDEO-CITY-TRAFFIC-JAM-P_Media_Sk1ZAIQc7ZM_001_1080p_frame_00021_jpg.rf.c229015e6e8800b0c7d09f1ed6c787d0.jpg,train/labels/YTSave_YouTube_AERIAL-DRONE-4K-VIDEO-CITY-TRAFFIC-JAM-P_Media_Sk1ZAIQc7ZM_001_1080p_frame_00021_jpg.rf.c229015e6e8800b0c7d09f1ed6c787d0.txt,YTSave_YouTube_AERIAL-DRONE-4K-VIDEO-CITY-TRAFFIC-JAM-P_Media_Sk1ZAIQc7ZM_001_1080p,21,10.5,train,labeled,114,1:80;2:32;4:2,bbox:19;polygon:95,e7ca51c1f4e8b4d15309164f096f4018a11a96170b4628d6fadf04454f00c425
efe0e42c99d03100c57f91545f3cc17caad3e585b1d237430e9364d6d143cccf,train/images/YTSave_YouTube_AERIAL-DRONE-4K-VIDEO-CITY-TRAFFIC-JAM-P_Media_Sk1ZAIQc7ZM_001_1080p_frame_00023_jpg.rf.7ba535c64486e923feeec5672c3154cc.jpg,train/labels/YTSave_YouTube_AERIAL-DRONE-4K-VIDEO-CITY-TRAFFIC-JAM-P_Media_Sk1ZAIQc7ZM_001_1080p_frame_00023_jpg.rf.7ba535c64486e923feeec5672c3154cc.txt,YTSave_YouTube_AERIAL-DRONE-4K-VIDEO-CITY-TRAFFIC-JAM-P_Media_Sk1ZAIQc7ZM_001_1080p,23,11.5,train,labeled,114,1:73;2:36;4:5,bbox:17;polygon:97,efe0e42c99d03100c57f91545f3cc17caad3e585b1d237430e9364d6d143cccf
530204e7f135098234660b0d35face08bff941dda62acda782a432288e1b32bd,train/images/YTSave_YouTube_AERIAL-DRONE-4K-VIDEO-CITY-TRAFFIC-JAM-P_Media_Sk1ZAIQc7ZM_001_1080p_frame_00024_jpg.rf.024ffeb377ee060da7430648863f4aa2.jpg,train/labels/YTSave_YouTube_AERIAL-DRONE-4K-VIDEO-CITY-TRAFFIC-JAM-P_Media_Sk1ZAIQc7ZM_001_1080p_frame_00024_jpg.rf.024ffeb377ee060da7430648863f4aa2.txt,YTSave_YouTube_AERIAL-DRONE-4K-VIDEO-CITY-TRAFFIC-JAM-P_Media_Sk1ZAIQc7ZM_001_1080p,24,12.0,train,labeled,117,1:80;2:33;3:1;4:3,bbox:16;polygon:101,530204e7f135098234660b0d35face08bff941dda62acda782a432288e1b32bd
008d4fc901ff684c4e2a443bf186efada32ff9c8e1d7af0312ca0080bca18894,train/images/YTSave_YouTube_AERIAL-DRONE-4K-VIDEO-CITY-TRAFFIC-JAM-P_Media_Sk1ZAIQc7ZM_001_1080p_frame_00026_jpg.rf.8c53f28cecb2a22c7700b73f40bed1f8.jpg,train/labels/YTSave_YouTube_AERIAL-DRONE-4K-VIDEO-CITY-TRAFFIC-JAM-P_Media_Sk1ZAIQc7ZM_001_1080p_frame_00026_jpg.rf.8c53f28cecb2a22c7700b73f40bed1f8.txt,YTSave_YouTube_AERIAL-DRONE-4K-VIDEO-CITY-TRAFFIC-JAM-P_Media_Sk1ZAIQc7ZM_001_1080p,26,13.0,train,labeled,98,1:67;2:26;3:1;4:4,bbox:13;polygon:85,008d4fc901ff684c4e2a443bf186efada32ff9c8e1d7af0312ca0080bca18894
e859e226e7f29b8d4596cd848d2afa7a1f220a9cf737a71241488fdf54186226,train/images/YTSave_YouTube_AERIAL-DRONE-4K-VIDEO-CITY-TRAFFIC-JAM-P_Media_Sk1ZAIQc7ZM_001_1080p_frame_00027_jpg.rf.0f3109e77091bce33df9a051e113db62.jpg,train/labels/YTSave_YouTube_AERIAL-DRONE-4K-VIDEO-CITY-TRAFFIC-JAM-P_Media_Sk1ZAIQc7ZM_001_1080p_frame_00027_jpg.rf.0f3109e77091bce33df9a051e113db62.txt,YTSave_YouTube_AERIAL-DRONE-4K-VIDEO-CITY-TRAFFIC-JAM-P_Media_Sk1ZAIQc7ZM_001_1080p,27,13.5,train,labeled,100,1:65;2:31;4:4,bbox:8;polygon:92,e859e226e7f29b8d4596cd848d2afa7a1f220a9cf737a71241488fdf54186226
997953351c33707195ba0619574a6523f9577b31c770ab3346221067d10eac93,train/images/YTSave_YouTube_AERIAL-DRONE-4K-VIDEO-CITY-TRAFFIC-JAM-P_Media_Sk1ZAIQc7ZM_001_1080p_frame_00029_jpg.rf.4d59ac4be7cce7748ae6a0d8b0e271e8.jpg,train/labels/YTSave_YouTube_AERIAL-DRONE-4K-VIDEO-CITY-TRAFFIC-JAM-P_Media_Sk1ZAIQc7ZM_001_1080p_frame_00029_jpg.rf.4d59ac4be7cce7748ae6a0d8b0e271e8.txt,YTSave_YouTube_AERIAL-DRONE-4K-VIDEO-CITY-TRAFFIC-JAM-P_Media_Sk1ZAIQc7ZM_001_1080p,29,14.5,train,labeled,94,1:58;2:31;4:5,bbox:10;polygon:84,997953351c33707195ba0619574a6523f9577b31c770ab3346221067d10eac93
6241235e689211e14aec01cf261a7002e92ca52c3e61ed1b160a3787118857e1,train/images/YTSave_YouTube_AERIAL-DRONE-4K-VIDEO-CITY-TRAFFIC-JAM-P_Media_Sk1ZAIQc7ZM_001_1080p_frame_00030_jpg.rf.f014d7ab9e5de17d0d8ddee6e7087bf4.jpg,train/labels/YTSave_YouTube_AERIAL-DRONE-4K-VIDEO-CITY-TRAFFIC-JAM-P_Media_Sk1ZAIQc7ZM_001_1080p_frame_00030_jpg.rf.f014d7ab9e5de17d0d8ddee6e7087bf4.txt,YTSave_YouTube_AERIAL-DRONE-4K-VIDEO-CITY-TRAFFIC-JAM-P_Media_Sk1ZAIQc7ZM_001_1080p,30,15.0,train,labeled,92,1:61;2:29;4:2,bbox:12;polygon:80,6241235e689211e14aec01cf261a7002e92ca52c3e61ed1b160a3787118857e1
9bd14266cecbf13c082a268e916e7476d167ac4f51e530ed5387d9cde9eb896e,train/images/YTSave_YouTube_AERIAL-DRONE-4K-VIDEO-CITY-TRAFFIC-JAM-P_Media_Sk1ZAIQc7ZM_001_1080p_frame_00031_jpg.rf.171a90dd8e18d497a79c5cbb597c3028.jpg,train/labels/YTSave_YouTube_AERIAL-DRONE-4K-VIDEO-CITY-TRAFFIC-JAM-P_Media_Sk1ZAIQc7ZM_001_1080p_frame_00031_jpg.rf.171a90dd8e18d497a79c5cbb597c3028.txt,YTSave_YouTube_AERIAL-DRONE-4K-VIDEO-CITY-TRAFFIC-JAM-P_Media_Sk1ZAIQc7ZM_001_1080p,31,15.5,train,labeled,80,1:54;2:22;4:4,bbox:7;polygon:73,9bd14266cecbf13c082a268e916e7476d167ac4f51e530ed5387d9cde9eb896e
b54f9a45fef63895046203c28dbc7828589b9176844a371282937081c21cd011,train/images/YTSave_YouTube_AERIAL-DRONE-4K-VIDEO-CITY-TRAFFIC-JAM-P_Media_Sk1ZAIQc7ZM_001_1080p_frame_00032_jpg.rf.b60deb4d269afd26e3f7ae808d3528c6.jpg,train/labels/YTSave_YouTube_AERIAL-DRONE-4K-VIDEO-CITY-TRAFFIC-JAM-P_Media_Sk1ZAIQc7ZM_001_1080p_frame_00032_jpg.rf.b60deb4d269afd26e3f7ae808d3528c6.txt,YTSave_YouTube_AERIAL-DRONE-4K-VIDEO-CITY-TRAFFIC-JAM-P_Media_Sk1ZAIQc7ZM_001_1080p,32,16.0,train,labeled,82,1:52;2:27;4:3,bbox:11;polygon:71,b54f9a45fef63895046203c28dbc7828589b9176844a371282937081c21cd011
4f37ee4c35c935826067e5a1ff85d40191f4977001d3560d9252d6ea23c8df8d,train/images/YTSave_YouTube_AERIAL-DRONE-4K-VIDEO-CITY-TRAFFIC-JAM-P_Media_Sk1ZAIQc7ZM_001_1080p_frame_00033_jpg.rf.6ac2729d1438250e6b7326ed96574c25.jpg,train/labels/YTSave_YouTube_AERIAL-DRONE-4K-VIDEO-CITY-TRAFFIC-JAM-P_Media_Sk1ZAIQc7ZM_001_1080p_frame_00033_jpg.rf.6ac2729d1438250e6b7326ed96574c25.txt,YTSave_YouTube_AERIAL-DRONE-4K-VIDEO-CITY-TRAFFIC-JAM-P_Media_Sk1ZAIQc7ZM_001_1080p,33,16.5,train,labeled,82,1:54;2:23;4:5,bbox:12;polygon:70,4f37ee4c35c935826067e5a1ff85d40191f4977001d3560d9252d6ea23c8df8d
4867bbf6cb46668322bcdcbac6bf361d92ee482881c2c3be39257668c6029743,train/images/YTSave_YouTube_AERIAL-DRONE-4K-VIDEO-CITY-TRAFFIC-JAM-P_Media_Sk1ZAIQc7ZM_001_1080p_frame_00034_jpg.rf.b5b9f517d2b62383f46181eb0ec3d028.jpg,train/labels/YTSave_YouTube_AERIAL-DRONE-4K-VIDEO-CITY-TRAFFIC-JAM-P_Media_Sk1ZAIQc7ZM_001_1080p_frame_00034_jpg.rf.b5b9f517d2b62383f46181eb0ec3d028.txt,YTSave_YouTube_AERIAL-DRONE-4K-VIDEO-CITY-TRAFFIC-JAM-P_Media_Sk1ZAIQc7ZM_001_1080p,34,17.0,train,labeled,67,1:46;2:18;4:3,bbox:8;polygon:59,4867bbf6cb46668322bcdcbac6bf361d92ee482881c2c3be39257668c6029743
2bfbce99b0142adc3f8e1c0e77bf2a2fbd9fc49422bf9f0cd3fab9e3dde2d9e6,train/images/YTSave_YouTube_AERIAL-DRONE-4K-VIDEO-CITY-TRAFFIC-JAM-P_Media_Sk1ZAIQc7ZM_001_1080p_frame_00035_jpg.rf.0f1ddda2ba74cb16e8e3cd71d4aae3eb.jpg,train/labels/YTSave_YouTube_AERIAL-DRONE-4K-VIDEO-CITY-TRAFFIC-JAM-P_Media_Sk1ZAIQc7ZM_001_1080p_frame_00035_jpg.rf.0f1ddda2ba74cb16e8e3cd71d4aae3eb.txt,YTSave_YouTube_AERIAL-DRONE-4K-VIDEO-CITY-TRAFFIC-JAM-P_Media_Sk1ZAIQc7ZM_001_1080p,35,17.5,train,labeled,67,1:48;2:17;4:2,bbox:11;polygon:56,2bfbce99b0142adc3f8e1c0e77bf2a2fbd9fc49422bf9f0cd3fab9e3dde2d9e6
afdc78a2254aa653b0a3b09caea60e0b7e97189c8c9f51c7907633663f63cee8,train/images/YTSave_YouTube_AERIAL-DRONE-4K-VIDEO-CITY-TRAFFIC-JAM-P_Media_Sk1ZAIQc7ZM_001_1080p_frame_00036_jpg.rf.c9dfd5a2cc71fb41b4464d925031723b.jpg,train/labels/YTSave_YouTube_AERIAL-DRONE-4K-VIDEO-CITY-TRAFFIC-JAM-P_Media_Sk1ZAIQc7ZM_001_1080p_frame_00036_jpg.rf.c9dfd5a2cc71fb41b4464d925031723b.txt,YTSave_YouTube_AERIAL-DRONE-4K-VIDEO-CITY-TRAFFIC-JAM-P_Media_Sk1ZAIQc7ZM_001_1080p,36,18.0,train,labeled,64,1:48;2:13;4:3,bbox:13;polygon:51,afdc78a2254aa653b0a3b09caea60e0b7e97189c8c9f51c7907633663f63cee8
7f784bf11632b24507c08a6a9097576626f98c552dcd86a4c30928d6afc40bf6,train/images/YTSave_YouTube_AERIAL-DRONE-4K-VIDEO-CITY-TRAFFIC-JAM-P_Media_Sk1ZAIQc7ZM_001_1080p_frame_00038_jpg.rf.be38063945838da1c4737192128af6d4.jpg,train/labels/YTSave_YouTube_AERIAL-DRONE-4K-VIDEO-CITY-TRAFFIC-JAM-P_Media_Sk1ZAIQc7ZM_001_1080p_frame_00038_jpg.rf.be38063945838da1c4737192128af6d4.txt,YTSave_YouTube_AERIAL-DRONE-4K-VIDEO-CITY-TRAFFIC-JAM-P_Media_Sk1ZAIQc7ZM_001_1080p,38,19.0,train,labeled,47,1:33;2:14,bbox:5;polygon:42,7f784bf11632b24507c08a6a9097576626f98c552dcd86a4c30928d6afc40bf6
cba303fbbf7cb8ea60f9670c86b679b3a2ed12ee0dc5670000a1fc50a015b89a,train/images/YTSave_YouTube_AERIAL-DRONE-4K-VIDEO-CITY-TRAFFIC-JAM-P_Media_Sk1ZAIQc7ZM_001_1080p_frame_00039_jpg.rf.c4a31858bebbb1382d2780fc504baaab.jpg,train/labels/YTSave_YouTube_AERIAL-DRONE-4K-VIDEO-CITY-TRAFFIC-JAM-P_Media_Sk1ZAIQc7ZM_001_1080p_frame_00039_jpg.rf.c4a31858bebbb1382d2780fc504baaab.txt,YTSave_YouTube_AERIAL-DRONE-4K-VIDEO-CITY-TRAFFIC-JAM-P_Media_Sk1ZAIQc7ZM_001_1080p,39,19.5,train,labeled,51,1:38;2:12;4:1,bbox:8;polygon:43,cba303fbbf7cb8ea60f9670c86b679b3a2ed12ee0dc5670000a1fc50a015b89a
b60195887e5ad18d353d750c73fee85c76b2df1f103328f6b7ad59f896acb924,train/images/YTSave_YouTube_AERIAL-DRONE-4K-VIDEO-CITY-TRAFFIC-JAM-P_Media_Sk1ZAIQc7ZM_001_1080p_frame_00040_jpg.rf.51d75f153c20c702b5da377d24360e02.jpg,train/labels/YTSave_YouTube_AERIAL-DRONE-4K-VIDEO-CITY-TRAFFIC-JAM-P_Media_Sk1ZAIQc7ZM_001_1080p_frame_00040_jpg.rf.51d75f153c20c702b5da377d24360e02.txt,YTSave_YouTube_AERIAL-DRONE-4K-VIDEO-CITY-TRAFFIC-JAM-P_Media_Sk1ZAIQc7ZM_001_1080p,40,20.0,train,labeled,59,1:38;2:19;4:2,bbox:5;polygon:54,b60195887e5ad18d353d750c73fee85c76b2df1f103328f6b7ad59f896acb924
dacb649b2e2bea5a94394cbb8a763f0da5f0bad4e7bdbfbf6e67bbd8617333a5,train/images/YTSave_YouTube_AERIAL-DRONE-4K-VIDEO-CITY-TRAFFIC-JAM-P_Media_Sk1ZAIQc7ZM_001_1080p_frame_00041_jpg.rf.fe2f38edbd20bec6b1b805d7909750a5.jpg,train/labels/YTSave_YouTube_AERIAL-DRONE-4K-VIDEO-CITY-TRAFFIC-JAM-P_Media_Sk1ZAIQc7ZM_001_1080p_frame_00041_jpg.rf.fe2f38edbd20bec6b1b805d7909750a5.txt,YTSave_YouTube_AERIAL-DRONE-4K-VIDEO-CITY-TRAFFIC-JAM-P_Media_Sk1ZAIQc7ZM_001_1080p,41,20.5,train,labeled,55,1:36;2:14;4:5,bbox:10;polygon:45,dacb649b2e2bea5a94394cbb8a763f0da5f0bad4e7bdbfbf6e67bbd8617333a5
2eaa001881729068846dc0be84508ba6099c401c6e9f16d775f40477f3918412,train/images/YTSave_YouTube_AERIAL-DRONE-4K-VIDEO-CITY-TRAFFIC-JAM-P_Media_Sk1ZAIQc7ZM_001_1080p_frame_00043_jpg.rf.78218b60096d54d81044ae673b1bd255.jpg,train/labels/YTSave_YouTube_AERIAL-DRONE-4K-VIDEO-CITY-TRAFFIC-JAM-P_Media_Sk1ZAIQc7ZM_001_1080p_frame_00043_jpg.rf.78218b60096d54d81044ae673b1bd255.txt,YTSave_YouTube_AERIAL-DRONE-4K-VIDEO-CITY-TRAFFIC-JAM-P_Media_Sk1ZAIQc7ZM_001_1080p,43,21.5,train,labeled,43,1:28;2:14;4:1,bbox:5;polygon:38,2eaa001881729068846dc0be84508ba6099c401c6e9f16d775f40477f3918412
5ac246db19a7216368e5ce1ddcc1cf49f1ca3fb7a04d6ca642a4b3336792bc0e,train/images/YTSave_YouTube_AERIAL-DRONE-4K-VIDEO-CITY-TRAFFIC-JAM-P_Media_Sk1ZAIQc7ZM_001_1080p_frame_00046_jpg.rf.a1e6de5e0578ab4fbdf53a2493eef953.jpg,train/labels/YTSave_YouTube_AERIAL-DRONE-4K-VIDEO-CITY-TRAFFIC-JAM-P_Media_Sk1ZAIQc7ZM_001_1080p_frame_00046_jpg.rf.a1e6de5e0578ab4fbdf53a2493eef953.txt,YTSave_YouTube_AERIAL-DRONE-4K-VIDEO-CITY-TRAFFIC-JAM-P_Media_Sk1ZAIQc7ZM_001_1080p,46,23.0,train,labeled,57,1:42;2:15,bbox:17;polygon:40,5ac246db19a7216368e5ce1ddcc1cf49f1ca3fb7a04d6ca642a4b3336792bc0e
9bdf80e1dd8c5badbbf4591c816418516bfb0d79990700323a71332e36538b2d,train/images/YTSave_YouTube_AERIAL-DRONE-4K-VIDEO-CITY-TRAFFIC-JAM-P_Media_Sk1ZAIQc7ZM_001_1080p_frame_00048_jpg.rf.4bbdb59fdef85ec6c72306286bf54935.jpg,train/labels/YTSave_YouTube_AERIAL-DRONE-4K-VIDEO-CITY-TRAFFIC-JAM-P_Media_Sk1ZAIQc7ZM_001_1080p_frame_00048_jpg.rf.4bbdb59fdef85ec6c72306286bf54935.txt,YTSave_YouTube_AERIAL-DRONE-4K-VIDEO-CITY-TRAFFIC-JAM-P_Media_Sk1ZAIQc7ZM_001_1080p,48,24.0,train,labeled,49,1:35;2:14,bbox:12;polygon:37,9bdf80e1dd8c5badbbf4591c816418516bfb0d79990700323a71332e36538b2d
cff81b55f13b0102a7f3281f9a8c23333c2b54544998d8848d63cb76a1bcb5b3,train/images/YTSave_YouTube_AERIAL-DRONE-4K-VIDEO-CITY-TRAFFIC-JAM-P_Media_Sk1ZAIQc7ZM_001_1080p_frame_00050_jpg.rf.9f38f0d7dc1d6a9246224cb190c21fe2.jpg,train/labels/YTSave_YouTube_AERIAL-DRONE-4K-VIDEO-CITY-TRAFFIC-JAM-P_Media_Sk1ZAIQc7ZM_001_1080p_frame_00050_jpg.rf.9f38f0d7dc1d6a9246224cb190c21fe2.txt,YTSave_YouTube_AERIAL-DRONE-4K-VIDEO-CITY-TRAFFIC-JAM-P_Media_Sk1ZAIQc7ZM_001_1080p,50,25.0,train,labeled,44,1:27;2:15;4:2,bbox:13;polygon:31,cff81b55f13b0102a7f3281f9a8c23333c2b54544998d8848d63cb76a1bcb5b3
8887344a223b34e6364849df496062c787fc8d63c24bebf1486b7a50fcabd7e1,train/images/YTSave_YouTube_AERIAL-DRONE-4K-VIDEO-CITY-TRAFFIC-JAM-P_Media_Sk1ZAIQc7ZM_001_1080p_frame_00052_jpg.rf.32de0d125bd5f739cc08c2708ce16f2f.jpg,train/labels/YTSave_YouTube_AERIAL-DRONE-4K-VIDEO-CITY-TRAFFIC-JAM-P_Media_Sk1ZAIQc7ZM_001_1080p_frame_00052_jpg.rf.32de0d125bd5f739cc08c2708ce16f2f.txt,YTSave_YouTube_AERIAL-DRONE-4K-VIDEO-CITY-TRAFFIC-JAM-P_Media_Sk1ZAIQc7ZM_001_1080p,52,26.0,train,labeled,39,1:24;2:15,bbox:11;polygon:28,8887344a223b34e6364849df496062c787fc8d63c24bebf1486b7a50fcabd7e1
8783b825939f2518d40057470d87ebf4dce76baf693184acb780f0cfef58a0bf,train/images/YTSave_YouTube_AERIAL-DRONE-4K-VIDEO-CITY-TRAFFIC-JAM-P_Media_Sk1ZAIQc7ZM_001_1080p_frame_00053_jpg.rf.a2a7c31109d7f122a33d7fd34f7192ac.jpg,train/labels/YTSave_YouTube_AERIAL-DRONE-4K-VIDEO-CITY-TRAFFIC-JAM-P_Media_Sk1ZAIQc7ZM_001_1080p_frame_00053_jpg.rf.a2a7c31109d7f122a33d7fd34f7192ac.txt,YTSave_YouTube_AERIAL-DRONE-4K-VIDEO-CITY-TRAFFIC-JAM-P_Media_Sk1ZAIQc7ZM_001_1080p,53,26.5,train,labeled,38,1:20;2:17;4:1,bbox:10;polygon:28,8783b825939f2518d40057470d87ebf4dce76baf693184acb780f0cfef58a0bf
de146342b173d28639802f43955eacd5982fe344f969dfbbc5696ef05bc3203f,train/images/YTSave_YouTube_AERIAL-DRONE-4K-VIDEO-CITY-TRAFFIC-JAM-P_Media_Sk1ZAIQc7ZM_001_1080p_frame_00054_jpg.rf.b20c858667e06f6c3defd68a3059c149.jpg,train/labels/YTSave_YouTube_AERIAL-DRONE-4K-VIDEO-CITY-TRAFFIC-JAM-P_Media_Sk1ZAIQc7ZM_001_1080p_frame_00054_jpg.rf.b20c858667e06f6c3defd68a3059c149.txt,YTSave_YouTube_AERIAL-DRONE-4K-VIDEO-CITY-TRAFFIC-JAM-P_Media_Sk1ZAIQc7ZM_001_1080p,54,27.0,train,labeled,41,1:20;2:20;4:1,bbox:16;polygon:25,de146342b173d28639802f43955eacd5982fe344f969dfbbc5696ef05bc3203f
4a32dce272a31f694de4df438a3868de2ab6237880f6ac47427e61d338ffa774,train/images/YTSave_YouTube_AERIAL-DRONE-4K-VIDEO-CITY-TRAFFIC-JAM-P_Media_Sk1ZAIQc7ZM_001_1080p_frame_00055_jpg.rf.89e49c07ae389bdc8017388bdbcf6784.jpg,train/labels/YTSave_YouTube_AERIAL-DRONE-4K-VIDEO-CITY-TRAFFIC-JAM-P_Media_Sk1ZAIQc7ZM_001_1080p_frame_00055_jpg.rf.89e49c07ae389bdc8017388bdbcf6784.txt,YTSave_YouTube_AERIAL-DRONE-4K-VIDEO-CITY-TRAFFIC-JAM-P_Media_Sk1ZAIQc7ZM_001_1080p,55,27.5,train,labeled,35,1:20;2:15,bbox:12;polygon:23,4a32dce272a31f694de4df438a3868de2ab6237880f6ac47427e61d338ffa774
a75e33c6e308d7d8476fb84a103d70b384283b513611b2bcc18ce4385144b8b1,train/images/YTSave_YouTube_AERIAL-DRONE-4K-VIDEO-CITY-TRAFFIC-JAM-P_Media_Sk1ZAIQc7ZM_001_1080p_frame_00057_jpg.rf.f9a6d20c7cd4c4110db85060d6a2a8ee.jpg,train/labels/YTSave_YouTube_AERIAL-DRONE-4K-VIDEO-CITY-TRAFFIC-JAM-P_Media_Sk1ZAIQc7ZM_001_1080p_frame_00057_jpg.rf.f9a6d20c7cd4c4110db85060d6a2a8ee.txt,YTSave_YouTube_AERIAL-DRONE-4K-VIDEO-CITY-TRAFFIC-JAM-P_Media_Sk1ZAIQc7ZM_001_1080p,57,28.5,train,labeled,35,1:18;2:17,bbox:15;polygon:20,a75e33c6e308d7d8476fb84a103d70b384283b513611b2bcc18ce4385144b8b1
25502b1490435fdc672c9f68d30566f3bba7f669b24c6a680da08e6ac882ac97,train/images/YTSave_YouTube_AERIAL-DRONE-4K-VIDEO-CITY-TRAFFIC-JAM-P_Media_Sk1ZAIQc7ZM_001_1080p_frame_00058_jpg.rf.8a9b95ae9559e470f3cd11cb41ce13ac.jpg,train/labels/YTSave_YouTube_AERIAL-DRONE-4K-VIDEO-CITY-TRAFFIC-JAM-P_Media_Sk1ZAIQc7ZM_001_1080p_frame_00058_jpg.rf.8a9b95ae9559e470f3cd11cb41ce13ac.txt,YTSave_YouTube_AERIAL-DRONE-4K-VIDEO-CITY-TRAFFIC-JAM-P_Media_Sk1ZAIQc7ZM_001_1080p,58,29.0,train,labeled,41,1:22;2:17;4:2,bbox:15;polygon:26,25502b1490435fdc672c9f68d30566f3bba7f669b24c6a680da08e6ac882ac97
203078e12c3f6b2c216655741e50cb2b034ccf96d2b7e35a59393fff34bfb098,train/images/YTSave_YouTube_AERIAL-DRONE-4K-VIDEO-CITY-TRAFFIC-JAM-P_Media_Sk1ZAIQc7ZM_001_1080p_frame_00059_jpg.rf.4e93be478da66594d89e8ffaabefca46.jpg,train/labels/YTSave_YouTube_AERIAL-DRONE-4K-VIDEO-CITY-TRAFFIC-JAM-P_Media_Sk1ZAIQc7ZM_001_1080p_frame_00059_jpg.rf.4e93be478da66594d89e8ffaabefca46.txt,YTSave_YouTube_AERIAL-DRONE-4K-VIDEO-CITY-TRAFFIC-JAM-P_Media_Sk1ZAIQc7ZM_001_1080p,59,29.5,train,labeled,29,1:21;2:8,bbox:10;polygon:19,203078e12c3f6b2c216655741e50cb2b034ccf96d2b7e35a59393fff34bfb098
ffd03e25fc0aa5f6410a2161048bfb402ea72df4df7210cc27c25b52d523ff96,train/images/YTSave_YouTube_AERIAL-DRONE-4K-VIDEO-CITY-TRAFFIC-JAM-P_Media_Sk1ZAIQc7ZM_001_1080p_frame_00060_jpg.rf.242704b38e22ef00d8b63d55cc3961a4.jpg,train/labels/YTSave_YouTube_AERIAL-DRONE-4K-VIDEO-CITY-TRAFFIC-JAM-P_Media_Sk1ZAIQc7ZM_001_1080p_frame_00060_jpg.rf.242704b38e22ef00d8b63d55cc3961a4.txt,YTSave_YouTube_AERIAL-DRONE-4K-VIDEO-CITY-TRAFFIC-JAM-P_Media_Sk1ZAIQc7ZM_001_1080p,60,30.0,train,labeled,32,1:18;2:13;4:1,bbox:13;polygon:19,ffd03e25fc0aa5f6410a2161048bfb402ea72df4df7210cc27c25b52d523ff96
db31c6ec42386d898309c7adb5a680eaf69f2318caa808814f2105fee6e63c00,train/images/YTSave_YouTube_AERIAL-DRONE-4K-VIDEO-CITY-TRAFFIC-JAM-P_Media_Sk1ZAIQc7ZM_001_1080p_frame_00061_jpg.rf.27e8069fa0151a7975b5a24a93d70cd6.jpg,train/labels/YTSave_YouTube_AERIAL-DRONE-4K-VIDEO-CITY-TRAFFIC-JAM-P_Media_Sk1ZAIQc7ZM_001_1080p_frame_00061_jpg.rf.27e8069fa0151a7975b5a24a93d70cd6.txt,YTSave_YouTube_AERIAL-DRONE-4K-VIDEO-CITY-TRAFFIC-JAM-P_Media_Sk1ZAIQc7ZM_001_1080p,61,30.5,train,labeled,24,1:12;2:9;4:3,bbox:7;polygon:17,db31c6ec42386d898309c7adb5a680eaf69f2318caa808814f2105fee6e63c00
308d9c77a340c0dc12b7f9fd8645abe05b4c4dd7f2f7b72bf72ec4eff992e282,train/images/YTSave_YouTube_AERIAL-DRONE-4K-VIDEO-CITY-TRAFFIC-JAM-P_Media_Sk1ZAIQc7ZM_001_1080p_frame_00062_jpg.rf.2ae2ece383edb0a6cc07bb9b39316ee0.jpg,train/labels/YTSave_YouTube_AERIAL-DRONE-4K-VIDEO-CITY-TRAFFIC-JAM-P_Media_Sk1ZAIQc7ZM_001_1080p_frame_00062_jpg.rf.2ae2ece383edb0a6cc07bb9b39316ee0.txt,YTSave_YouTube_AERIAL-DRONE-4K-VIDEO-CITY-TRAFFIC-JAM-P_Media_Sk1ZAIQc7ZM_001_1080p,62,31.0,train,labeled,12,1:11;4:1,polygon:12,308d9c77a340c0dc12b7f9fd8645abe05b4c4dd7f2f7b72bf72ec4eff992e282
86ade1c2a6b31b3f3ad7980497f3e5c035a48d2c80e9e8a9c0aae4369ece6679,train/images/YTSave_YouTube_Ho-Chi-Minh-City-Saigon-Traffic-Drone-Ae_Media_-5N-Ab_9LhQ_001_1080p_frame_00001_jpg.rf.2fb6911487605db6157d0848fcd945d8.jpg,train/labels/YTSave_YouTube_Ho-Chi-Minh-City-Saigon-Traffic-Drone-Ae_Media_-5N-Ab_9LhQ_001_1080p_frame_00001_jpg.rf.2fb6911487605db6157d0848fcd945d8.txt,YTSave_YouTube_Ho-Chi-Minh-City-Saigon-Traffic-Drone-Ae_Media_-5N-Ab_9LhQ_001_1080p,1,0.5,train,labeled,77,1:13;2:63;3:1,bbox:4;polygon:73,86ade1c2a6b31b3f3ad7980497f3e5c035a48d2c80e9e8a9c0aae4369ece6679
da30939d2a71f5415f0ec8342ae4b285a6c6cecbe15cc6889b2fa2561814e6c8,train/images/YTSave_YouTube_Ho-Chi-Minh-City-Saigon-Traffic-Drone-Ae_Media_-5N-Ab_9LhQ_001_1080p_frame_00002_jpg.rf.baec475b2167d88644340b2f4ec12d00.jpg,train/labels/YTSave_YouTube_Ho-Chi-Minh-City-Saigon-Traffic-Drone-Ae_Media_-5N-Ab_9LhQ_001_1080p_frame_00002_jpg.rf.baec475b2167d88644340b2f4ec12d00.txt,YTSave_YouTube_Ho-Chi-Minh-City-Saigon-Traffic-Drone-Ae_Media_-5N-Ab_9LhQ_001_1080p,2,1.0,train,labeled,92,1:13;2:78;3:1,bbox:4;polygon:88,da30939d2a71f5415f0ec8342ae4b285a6c6cecbe15cc6889b2fa2561814e6c8
543aac706460910cd69e5b69ff86e23e4a596b8627e01300b9d28ebf0ed7f2d6,train/images/YTSave_YouTube_Ho-Chi-Minh-City-Saigon-Traffic-Drone-Ae_Media_-5N-Ab_9LhQ_001_1080p_frame_00003_jpg.rf.0718acf4c43848e23a7d03204317f7d9.jpg,train/labels/YTSave_YouTube_Ho-Chi-Minh-City-Saigon-Traffic-Drone-Ae_Media_-5N-Ab_9LhQ_001_1080p_frame_00003_jpg.rf.0718acf4c43848e23a7d03204317f7d9.txt,YTSave_YouTube_Ho-Chi-Minh-City-Saigon-Traffic-Drone-Ae_Media_-5N-Ab_9LhQ_001_1080p,3,1.5,train,labeled,93,1:14;2:78;3:1,bbox:10;polygon:83,543aac706460910cd69e5b69ff86e23e4a596b8627e01300b9d28ebf0ed7f2d6
cf7e6de8475814b74b8e9afd2e2347148ec5310bb26aae9b66a3e9a60881c78f,train/images/YTSave_YouTube_Ho-Chi-Minh-City-Saigon-Traffic-Drone-Ae_Media_-5N-Ab_9LhQ_001_1080p_frame_00004_jpg.rf.bc837c5695bd34cc70ae3bf042418f41.jpg,train/labels/YTSave_YouTube_Ho-Chi-Minh-City-Saigon-Traffic-Drone-Ae_Media_-5N-Ab_9LhQ_001_1080p_frame_00004_jpg.rf.bc837c5695bd34cc70ae3bf042418f41.txt,YTSave_YouTube_Ho-Chi-Minh-City-Saigon-Traffic-Drone-Ae_Media_-5N-Ab_9LhQ_001_1080p,4,2.0,train,labeled,102,1:13;2:88;3:1,bbox:9;polygon:93,cf7e6de8475814b74b8e9afd2e2347148ec5310bb26aae9b66a3e9a60881c78f
a27bfc1e65b05951c89af00195334d6e8e03f283df137b637db1a65c64e219a8,train/images/YTSave_YouTube_Ho-Chi-Minh-City-Saigon-Traffic-Drone-Ae_Media_-5N-Ab_9LhQ_001_1080p_frame_00006_jpg.rf.8401708d7d55aadc95ac4d73f9947cfb.jpg,train/labels/YTSave_YouTube_Ho-Chi-Minh-City-Saigon-Traffic-Drone-Ae_Media_-5N-Ab_9LhQ_001_1080p_frame_00006_jpg.rf.8401708d7d55aadc95ac4d73f9947cfb.txt,YTSave_YouTube_Ho-Chi-Minh-City-Saigon-Traffic-Drone-Ae_Media_-5N-Ab_9LhQ_001_1080p,6,3.0,train,labeled,96,1:13;2:82;3:1,bbox:6;polygon:90,a27bfc1e65b05951c89af00195334d6e8e03f283df137b637db1a65c64e219a8
c1dfa2262732f8c858d4d901a3a03cba02a4318fe66ae59a782c5e352985f293,train/images/YTSave_YouTube_Ho-Chi-Minh-City-Saigon-Traffic-Drone-Ae_Media_-5N-Ab_9LhQ_001_1080p_frame_00007_jpg.rf.d502cccf4c79e169fed3f95a02375993.jpg,train/labels/YTSave_YouTube_Ho-Chi-Minh-City-Saigon-Traffic-Drone-Ae_Media_-5N-Ab_9LhQ_001_1080p_frame_00007_jpg.rf.d502cccf4c79e169fed3f95a02375993.txt,YTSave_YouTube_Ho-Chi-Minh-City-Saigon-Traffic-Drone-Ae_Media_-5N-Ab_9LhQ_001_1080p,7,3.5,train,labeled,100,1:13;2:86;3:1,bbox:9;polygon:91,c1dfa2262732f8c858d4d901a3a03cba02a4318fe66ae59a782c5e352985f293
b3ed5634a8567ea4fbab555524561c127fb1e078ef99e4613be58f63a348bf94,train/images/YTSave_YouTube_Ho-Chi-Minh-City-Saigon-Traffic-Drone-Ae_Media_-5N-Ab_9LhQ_001_1080p_frame_00008_jpg.rf.2b681f7ef7c4759ac407663c5d1488c9.jpg,train/labels/YTSave_YouTube_Ho-Chi-Minh-City-Saigon-Traffic-Drone-Ae_Media_-5N-Ab_9LhQ_001_1080p_frame_00008_jpg.rf.2b681f7ef7c4759ac407663c5d1488c9.txt,YTSave_YouTube_Ho-Chi-Minh-City-Saigon-Traffic-Drone-Ae_Media_-5N-Ab_9LhQ_001_1080p,8,4.0,train,labeled,105,1:13;2:91;3:1,bbox:14;polygon:91,b3ed5634a8567ea4fbab555524561c127fb1e078ef99e4613be58f63a348bf94
af41a72bea1ac3030a974f4129f03556a9ec4088be3919a69bb9c502bda36ec9,train/images/YTSave_YouTube_Ho-Chi-Minh-City-Saigon-Traffic-Drone-Ae_Media_-5N-Ab_9LhQ_001_1080p_frame_00009_jpg.rf.50045c7848b232c0c4c03af179f8eed3.jpg,train/labels/YTSave_YouTube_Ho-Chi-Minh-City-Saigon-Traffic-Drone-Ae_Media_-5N-Ab_9LhQ_001_1080p_frame_00009_jpg.rf.50045c7848b232c0c4c03af179f8eed3.txt,YTSave_YouTube_Ho-Chi-Minh-City-Saigon-Traffic-Drone-Ae_Media_-5N-Ab_9LhQ_001_1080p,9,4.5,train,labeled,109,1:13;2:95;3:1,bbox:9;polygon:100,af41a72bea1ac3030a974f4129f03556a9ec4088be3919a69bb9c502bda36ec9
445af0f9477fc6a3ebf1f32591c58a3356138ae2e2b3fb1dc0590ff0df34d526,train/images/YTSave_YouTube_Ho-Chi-Minh-City-Saigon-Traffic-Drone-Ae_Media_-5N-Ab_9LhQ_001_1080p_frame_00010_jpg.rf.c4a877ba0e4c9494e44aa8cba6c004ef.jpg,train/labels/YTSave_YouTube_Ho-Chi-Minh-City-Saigon-Traffic-Drone-Ae_Media_-5N-Ab_9LhQ_001_1080p_frame_00010_jpg.rf.c4a877ba0e4c9494e44aa8cba6c004ef.txt,YTSave_YouTube_Ho-Chi-Minh-City-Saigon-Traffic-Drone-Ae_Media_-5N-Ab_9LhQ_001_1080p,10,5.0,train,labeled,115,1:13;2:101;3:1,bbox:3;polygon:112,445af0f9477fc6a3ebf1f32591c58a3356138ae2e2b3fb1dc0590ff0df34d526
745cfa81fbc6b9134ef60c55ee4e46381143f00e73ffb69d3d861b6af6d802e6,train/images/YTSave_YouTube_Ho-Chi-Minh-City-Saigon-Traffic-Drone-Ae_Media_-5N-Ab_9LhQ_001_1080p_frame_00012_jpg.rf.32e6c58a0c607a46532b97e641e8ab30.jpg,train/labels/YTSave_YouTube_Ho-Chi-Minh-City-Saigon-Traffic-Drone-Ae_Media_-5N-Ab_9LhQ_001_1080p_frame_00012_jpg.rf.32e6c58a0c607a46532b97e641e8ab30.txt,YTSave_YouTube_Ho-Chi-Minh-City-Saigon-Traffic-Drone-Ae_Media_-5N-Ab_9LhQ_001_1080p,12,6.0,train,labeled,105,1:16;2:87;3:2,bbox:10;polygon:95,745cfa81fbc6b9134ef60c55ee4e46381143f00e73ffb69d3d861b6af6d802e6
a8a2448ddcb91dddf7ff430a03029e81a3c6ff10e67c973f15ed9c69d71b6b32,train/images/YTSave_YouTube_Ho-Chi-Minh-City-Saigon-Traffic-Drone-Ae_Media_-5N-Ab_9LhQ_001_1080p_frame_00013_jpg.rf.3426b5a73fac31875003e9f2f5f7b8ed.jpg,train/labels/YTSave_YouTube_Ho-Chi-Minh-City-Saigon-Traffic-Drone-Ae_Media_-5N-Ab_9LhQ_001_1080p_frame_00013_jpg.rf.3426b5a73fac31875003e9f2f5f7b8ed.txt,YTSave_YouTube_Ho-Chi-Minh-City-Saigon-Traffic-Drone-Ae_Media_-5N-Ab_9LhQ_001_1080p,13,6.5,train,labeled,105,1:16;2:87;3:2,bbox:13;polygon:92,a8a2448ddcb91dddf7ff430a03029e81a3c6ff10e67c973f15ed9c69d71b6b32
51bad44c9798dc30978cfe9a4421ddefa7fddfa6215523cc29595a31617672b4,train/images/YTSave_YouTube_Ho-Chi-Minh-City-Saigon-Traffic-Drone-Ae_Media_-5N-Ab_9LhQ_001_1080p_frame_00014_jpg.rf.b29c4fb785bff8848d6b93381482fefb.jpg,train/labels/YTSave_YouTube_Ho-Chi-Minh-City-Saigon-Traffic-Drone-Ae_Media_-5N-Ab_9LhQ_001_1080p_frame_00014_jpg.rf.b29c4fb785bff8848d6b93381482fefb.txt,YTSave_YouTube_Ho-Chi-Minh-City-Saigon-Traffic-Drone-Ae_Media_-5N-Ab_9LhQ_001_1080p,14,7.0,train,labeled,94,1:16;2:76;3:2,bbox:7;polygon:87,51bad44c9798dc30978cfe9a4421ddefa7fddfa6215523cc29595a31617672b4
001c7d49be840cdbefba855c225fa580e2dd2e88484738bcfe09bdb8afea6555,train/images/YTSave_YouTube_Ho-Chi-Minh-City-Saigon-Traffic-Drone-Ae_Media_-5N-Ab_9LhQ_001_1080p_frame_00015_jpg.rf.fffe926266f53e90ad7a05b455146d1d.jpg,train/labels/YTSave_YouTube_Ho-Chi-Minh-City-Saigon-Traffic-Drone-Ae_Media_-5N-Ab_9LhQ_001_1080p_frame_00015_jpg.rf.fffe926266f53e90ad7a05b455146d1d.txt,YTSave_YouTube_Ho-Chi-Minh-City-Saigon-Traffic-Drone-Ae_Media_-5N-Ab_9LhQ_001_1080p,15,7.5,train,labeled,105,1:14;2:85;3:6,bbox:9;polygon:96,001c7d49be840cdbefba855c225fa580e2dd2e88484738bcfe09bdb8afea6555
078602ee1ec6aabc5c7815f45bd6ddbf70d94c024fe7afd02a518e931087bfdd,train/images/YTSave_YouTube_Ho-Chi-Minh-City-Saigon-Traffic-Drone-Ae_Media_-5N-Ab_9LhQ_001_1080p_frame_00016_jpg.rf.7fd1065b87dbaae642e34647222118e2.jpg,train/labels/YTSave_YouTube_Ho-Chi-Minh-City-Saigon-Traffic-Drone-Ae_Media_-5N-Ab_9LhQ_001_1080p_frame_00016_jpg.rf.7fd1065b87dbaae642e34647222118e2.txt,YTSave_YouTube_Ho-Chi-Minh-City-Saigon-Traffic-Drone-Ae_Media_-5N-Ab_9LhQ_001_1080p,16,8.0,train,labeled,86,0:1;1:14;2:68;3:3,bbox:6;polygon:80,078602ee1ec6aabc5c7815f45bd6ddbf70d94c024fe7afd02a518e931087bfdd
7a72fb73bc21441f1234d7670341bee77b7dd9f120a5e32e0a3123c818b55023,train/images/YTSave_YouTube_Ho-Chi-Minh-City-Saigon-Traffic-Drone-Ae_Media_-5N-Ab_9LhQ_001_1080p_frame_00017_jpg.rf.3d2fad322031817d77edbe3c3423b719.jpg,train/labels/YTSave_YouTube_Ho-Chi-Minh-City-Saigon-Traffic-Drone-Ae_Media_-5N-Ab_9LhQ_001_1080p_frame_00017_jpg.rf.3d2fad322031817d77edbe3c3423b719.txt,YTSave_YouTube_Ho-Chi-Minh-City-Saigon-Traffic-Drone-Ae_Media_-5N-Ab_9LhQ_001_1080p,17,8.5,train,labeled,99,1:16;2:81;3:2,bbox:13;polygon:86,7a72fb73bc21441f1234d7670341bee77b7dd9f120a5e32e0a3123c818b55023
e1c909af528913973d5d9e510322aa2e10aadd26c53764bb17b416b874f3dfbe,train/images/YTSave_YouTube_Ho-Chi-Minh-City-Saigon-Traffic-Drone-Ae_Media_-5N-Ab_9LhQ_001_1080p_frame_00019_jpg.rf.7cbd5d798aa9ec98ac1480615d89593f.jpg,train/labels/YTSave_YouTube_Ho-Chi-Minh-City-Saigon-Traffic-Drone-Ae_Media_-5N-Ab_9LhQ_001_1080p_frame_00019_jpg.rf.7cbd5d798aa9ec98ac1480615d89593f.txt,YTSave_YouTube_Ho-Chi-Minh-City-Saigon-Traffic-Drone-Ae_Media_-5N-Ab_9LhQ_001_1080p,19,9.5,train,labeled,87,1:16;2:66;3:5,bbox:7;polygon:80,e1c909af528913973d5d9e510322aa2e10aadd26c53764bb17b416b874f3dfbe
3837a6e637f0288a665de80bd8c3fb7498db84875396bf89e0c9676068fbfbc8,train/images/YTSave_YouTube_Ho-Chi-Minh-City-Saigon-Traffic-Drone-Ae_Media_-5N-Ab_9LhQ_001_1080p_frame_00020_jpg.rf.47c0223a0895828be4e55f19e570e39f.jpg,train/labels/YTSave_YouTube_Ho-Chi-Minh-City-Saigon-Traffic-Drone-Ae_Media_-5N-Ab_9LhQ_001_1080p_frame_00020_jpg.rf.47c0223a0895828be4e55f19e570e39f.txt,YTSave_YouTube_Ho-Chi-Minh-City-Saigon-Traffic-Drone-Ae_Media_-5N-Ab_9LhQ_001_1080p,20,10.0,train,labeled,86,1:16;2:66;3:3;4:1,bbox:9;polygon:77,3837a6e637f0288a665de80bd8c3fb7498db84875396bf89e0c9676068fbfbc8
72ce669054838345a4714e4fcbaf1869003554d83c66043394f76be2a19ae53d,train/images/YTSave_YouTube_Ho-Chi-Minh-City-Saigon-Traffic-Drone-Ae_Media_-5N-Ab_9LhQ_001_1080p_frame_00021_jpg.rf.3ea7da6b7e9bceeaed2a110eb041c3ae.jpg,train/labels/YTSave_YouTube_Ho-Chi-Minh-City-Saigon-Traffic-Drone-Ae_Media_-5N-Ab_9LhQ_001_1080p_frame_00021_jpg.rf.3ea7da6b7e9bceeaed2a110eb041c3ae.txt,YTSave_YouTube_Ho-Chi-Minh-City-Saigon-Traffic-Drone-Ae_Media_-5N-Ab_9LhQ_001_1080p,21,10.5,train,labeled,114,0:1;1:18;2:92;3:2;4:1,bbox:11;polygon:103,72ce669054838345a4714e4fcbaf1869003554d83c66043394f76be2a19ae53d
5e962c135a6e6d88fa29b2112c7c45c25caae7fa9b5f3ae4535b77466fe96e70,train/images/YTSave_YouTube_Ho-Chi-Minh-City-Saigon-Traffic-Drone-Ae_Media_-5N-Ab_9LhQ_001_1080p_frame_00024_jpg.rf.acd28a2fb5484f0a457818784c342084.jpg,train/labels/YTSave_YouTube_Ho-Chi-Minh-City-Saigon-Traffic-Drone-Ae_Media_-5N-Ab_9LhQ_001_1080p_frame_00024_jpg.rf.acd28a2fb5484f0a457818784c342084.txt,YTSave_YouTube_Ho-Chi-Minh-City-Saigon-Traffic-Drone-Ae_Media_-5N-Ab_9LhQ_001_1080p,24,12.0,train,labeled,90,0:1;1:19;2:63;3:6;4:1,bbox:5;polygon:85,5e962c135a6e6d88fa29b2112c7c45c25caae7fa9b5f3ae4535b77466fe96e70
2c7d8a6a7e4ebb225d3253145b3bcb61440cafee1064f19ad591e35653856302,train/images/YTSave_YouTube_Ho-Chi-Minh-City-Saigon-Traffic-Drone-Ae_Media_-5N-Ab_9LhQ_001_1080p_frame_00025_jpg.rf.506d6868614715e6887b76ed6336501d.jpg,train/labels/YTSave_YouTube_Ho-Chi-Minh-City-Saigon-Traffic-Drone-Ae_Media_-5N-Ab_9LhQ_001_1080p_frame_00025_jpg.rf.506d6868614715e6887b76ed6336501d.txt,YTSave_YouTube_Ho-Chi-Minh-City-Saigon-Traffic-Drone-Ae_Media_-5N-Ab_9LhQ_001_1080p,25,12.5,train,labeled,85,0:2;1:17;2:61;3:4;4:1,bbox:6;polygon:79,2c7d8a6a7e4ebb225d3253145b3bcb61440cafee1064f19ad591e35653856302
1028b9a4fd35f53bb36446a0c5a2e698ea0e268fb381430d65ed9059def02d34,train/images/YTSave_YouTube_Ho-Chi-Minh-City-Saigon-Traffic-Drone-Ae_Media_-5N-Ab_9LhQ_001_1080p_frame_00026_jpg.rf.e46a4dae3771e5075386e460694cd1cb.jpg,train/labels/YTSave_YouTube_Ho-Chi-Minh-City-Saigon-Traffic-Drone-Ae_Media_-5N-Ab_9LhQ_001_1080p_frame_00026_jpg.rf.e46a4dae3771e5075386e460694cd1cb.txt,YTSave_YouTube_Ho-Chi-Minh-City-Saigon-Traffic-Drone-Ae_Media_-5N-Ab_9LhQ_001_1080p,26,13.0,train,labeled,94,0:2;1:18;2:68;3:5;4:1,bbox:7;polygon:87,1028b9a4fd35f53bb36446a0c5a2e698ea0e268fb381430d65ed9059def02d34
70524fce8f339aa3f231d35ebdee0e05d56b143d4f12ef830c2d3d00c218a6d3,train/images/YTSave_YouTube_Ho-Chi-Minh-City-Saigon-Traffic-Drone-Ae_Media_-5N-Ab_9LhQ_001_1080p_frame_00029_jpg.rf.94ec563ea4f425c54175b74bff30c793.jpg,train/labels/YTSave_YouTube_Ho-Chi-Minh-City-Saigon-Traffic-Drone-Ae_Media_-5N-Ab_9LhQ_001_1080p_frame_00029_jpg.rf.94ec563ea4f425c54175b74bff30c793.txt,YTSave_YouTube_Ho-Chi-Minh-City-Saigon-Traffic-Drone-Ae_Media_-5N-Ab_9LhQ_001_1080p,29,14.5,train,labeled,77,0:1;1:16;2:55;3:4;4:1,bbox:6;polygon:71,70524fce8f339aa3f231d35ebdee0e05d56b143d4f12ef830c2d3d00c218a6d3
8d107c99cc89be26e3010673637dc4dc10d7c7c24dde3939b4bac7b9eb5f9a6a,train/images/YTSave_YouTube_Ho-Chi-Minh-City-Saigon-Traffic-Drone-Ae_Media_-5N-Ab_9LhQ_001_1080p_frame_00030_jpg.rf.d1ac05d4be1f7034de6ddd82d4ef20b2.jpg,train/labels/YTSave_YouTube_Ho-Chi-Minh-City-Saigon-Traffic-Drone-Ae_Media_-5N-Ab_9LhQ_001_1080p_frame_00030_jpg.rf.d1ac05d4be1f7034de6ddd82d4ef20b2.txt,YTSave_YouTube_Ho-Chi-Minh-City-Saigon-Traffic-Drone-Ae_Media_-5N-Ab_9LhQ_001_1080p,30,15.0,train,labeled,65,0:1;1:15;2:44;3:4;4:1,bbox:7;polygon:58,8d107c99cc89be26e3010673637dc4dc10d7c7c24dde3939b4bac7b9eb5f9a6a
9db227a5d8df9cd9a91c92a1645f75820bcac6cfb17f65e2d66f59b62adb0009,train/images/YTSave_YouTube_Ho-Chi-Minh-City-Saigon-Traffic-Drone-Ae_Media_-5N-Ab_9LhQ_001_1080p_frame_00031_jpg.rf.67b25d7f2c88224c6f9624c5d91eac0c.jpg,train/labels/YTSave_YouTube_Ho-Chi-Minh-City-Saigon-Traffic-Drone-Ae_Media_-5N-Ab_9LhQ_001_1080p_frame_00031_jpg.rf.67b25d7f2c88224c6f9624c5d91eac0c.txt,YTSave_YouTube_Ho-Chi-Minh-City-Saigon-Traffic-Drone-Ae_Media_-5N-Ab_9LhQ_001_1080p,31,15.5,train,labeled,70,0:1;1:19;2:45;3:4;4:1,bbox:2;polygon:68,9db227a5d8df9cd9a91c92a1645f75820bcac6cfb17f65e2d66f59b62adb0009
cbc9b7932e86be43bf9930983251aa6762be234d04faef8c37c7bb879d00b839,train/images/YTSave_YouTube_Ho-Chi-Minh-City-Saigon-Traffic-Drone-Ae_Media_-5N-Ab_9LhQ_001_1080p_frame_00032_jpg.rf.c2670b2ef28277c9fb3b9581c4ec7154.jpg,train/labels/YTSave_YouTube_Ho-Chi-Minh-City-Saigon-Traffic-Drone-Ae_Media_-5N-Ab_9LhQ_001_1080p_frame_00032_jpg.rf.c2670b2ef28277c9fb3b9581c4ec7154.txt,YTSave_YouTube_Ho-Chi-Minh-City-Saigon-Traffic-Drone-Ae_Media_-5N-Ab_9LhQ_001_1080p,32,16.0,train,labeled,73,0:1;1:17;2:50;3:4;4:1,bbox:4;polygon:69,cbc9b7932e86be43bf9930983251aa6762be234d04faef8c37c7bb879d00b839
bf7c83c83d6c7a8847f1473e8a37c99751b0f2a74ccec1764243672736247531,train/images/YTSave_YouTube_Ho-Chi-Minh-City-Saigon-Traffic-Drone-Ae_Media_-5N-Ab_9LhQ_001_1080p_frame_00034_jpg.rf.ee2c392da018109a3c8b8f623bc202c7.jpg,train/labels/YTSave_YouTube_Ho-Chi-Minh-City-Saigon-Traffic-Drone-Ae_Media_-5N-Ab_9LhQ_001_1080p_frame_00034_jpg.rf.ee2c392da018109a3c8b8f623bc202c7.txt,YTSave_YouTube_Ho-Chi-Minh-City-Saigon-Traffic-Drone-Ae_Media_-5N-Ab_9LhQ_001_1080p,34,17.0,train,labeled,84,0:1;1:19;2:59;3:5,bbox:6;polygon:78,bf7c83c83d6c7a8847f1473e8a37c99751b0f2a74ccec1764243672736247531
4fb60336cc720583aec66aeab89fa334c6d1dcd77bd1c996d563358c7dbcfdcf,train/images/YTSave_YouTube_Ho-Chi-Minh-City-Saigon-Traffic-Drone-Ae_Media_-5N-Ab_9LhQ_001_1080p_frame_00035_jpg.rf.65f2fbc76ad917e6d52aa7a2f8a12c8d.jpg,train/labels/YTSave_YouTube_Ho-Chi-Minh-City-Saigon-Traffic-Drone-Ae_Media_-5N-Ab_9LhQ_001_1080p_frame_00035_jpg.rf.65f2fbc76ad917e6d52aa7a2f8a12c8d.txt,YTSave_YouTube_Ho-Chi-Minh-City-Saigon-Traffic-Drone-Ae_Media_-5N-Ab_9LhQ_001_1080p,35,17.5,train,labeled,89,1:18;2:66;3:4;4:1,bbox:5;polygon:84,4fb60336cc720583aec66aeab89fa334c6d1dcd77bd1c996d563358c7dbcfdcf
e19f1d8d874a7ac760e028d3d4ddb1d6f0cc603ed33c422d02c5ca042bb57396,train/images/YTSave_YouTube_Ho-Chi-Minh-City-Saigon-Traffic-Drone-Ae_Media_-5N-Ab_9LhQ_001_1080p_frame_00036_jpg.rf.50e9b5c31b427a7bd0177d4a20bc85c3.jpg,train/labels/YTSave_YouTube_Ho-Chi-Minh-City-Saigon-Traffic-Drone-Ae_Media_-5N-Ab_9LhQ_001_1080p_frame_00036_jpg.rf.50e9b5c31b427a7bd0177d4a20bc85c3.txt,YTSave_YouTube_Ho-Chi-Minh-City-Saigon-Traffic-Drone-Ae_Media_-5N-Ab_9LhQ_001_1080p,36,18.0,train,labeled,79,0:1;1:20;2:54;3:4,bbox:8;polygon:71,e19f1d8d874a7ac760e028d3d4ddb1d6f0cc603ed33c422d02c5ca042bb57396
0454ad73982942bc26f2b971af0e2fd56afdbe54c5fc850c145335022524e14d,train/images/YTSave_YouTube_Ho-Chi-Minh-City-Saigon-Traffic-Drone-Ae_Media_-5N-Ab_9LhQ_001_1080p_frame_00039_jpg.rf.ad110bd332e0ad41c7618af5366475dc.jpg,train/labels/YTSave_YouTube_Ho-Chi-Minh-City-Saigon-Traffic-Drone-Ae_Media_-5N-Ab_9LhQ_001_1080p_frame_00039_jpg.rf.ad110bd332e0ad41c7618af5366475dc.txt,YTSave_YouTube_Ho-Chi-Minh-City-Saigon-Traffic-Drone-Ae_Media_-5N-Ab_9LhQ_001_1080p,39,19.5,train,labeled,101,0:1;1:18;2:80;3:2,bbox:5;polygon:96,0454ad73982942bc26f2b971af0e2fd56afdbe54c5fc850c145335022524e14d
663207490197ea8fd92dbec498c41050a2930d6a34b7e0437ceca818b2c12ad1,train/images/YTSave_YouTube_Ho-Chi-Minh-City-Saigon-Traffic-Drone-Ae_Media_-5N-Ab_9LhQ_001_1080p_frame_00043_jpg.rf.6a155e287bb362f3356690e1321b0a05.jpg,train/labels/YTSave_YouTube_Ho-Chi-Minh-City-Saigon-Traffic-Drone-Ae_Media_-5N-Ab_9LhQ_001_1080p_frame_00043_jpg.rf.6a155e287bb362f3356690e1321b0a05.txt,YTSave_YouTube_Ho-Chi-Minh-City-Saigon-Traffic-Drone-Ae_Media_-5N-Ab_9LhQ_001_1080p,43,21.5,train,labeled,71,1:15;2:56,bbox:6;polygon:65,663207490197ea8fd92dbec498c41050a2930d6a34b7e0437ceca818b2c12ad1
062ed25aa912bc66801f4e6be36c23dd52c2591aa01eb2dc10c9183291fef6e0,train/images/YTSave_YouTube_Ho-Chi-Minh-City-Saigon-Traffic-Drone-Ae_Media_-5N-Ab_9LhQ_001_1080p_frame_00046_jpg.rf.3c46a49a0728f34887b70e48cf1bc0a6.jpg,train/labels/YTSave_YouTube_Ho-Chi-Minh-City-Saigon-Traffic-Drone-Ae_Media_-5N-Ab_9LhQ_001_1080p_frame_00046_jpg.rf.3c46a49a0728f34887b70e48cf1bc0a6.txt,YTSave_YouTube_Ho-Chi-Minh-City-Saigon-Traffic-Drone-Ae_Media_-5N-Ab_9LhQ_001_1080p,46,23.0,train,labeled,60,1:15;2:45,bbox:7;polygon:53,062ed25aa912bc66801f4e6be36c23dd52c2591aa01eb2dc10c9183291fef6e0
ec052ffb7515c1b05e107c36d146e606d229b2c0e6d11f7437e1344933eae129,train/images/YTSave_YouTube_Ho-Chi-Minh-City-Saigon-Traffic-Drone-Ae_Media_-5N-Ab_9LhQ_001_1080p_frame_00047_jpg.rf.675cf9263ce08f235768a536ec4909d6.jpg,train/labels/YTSave_YouTube_Ho-Chi-Minh-City-Saigon-Traffic-Drone-Ae_Media_-5N-Ab_9LhQ_001_1080p_frame_00047_jpg.rf.675cf9263ce08f235768a536ec4909d6.txt,YTSave_YouTube_Ho-Chi-Minh-City-Saigon-Traffic-Drone-Ae_Media_-5N-Ab_9LhQ_001_1080p,47,23.5,train,labeled,62,1:15;2:46;3:1,bbox:6;polygon:56,ec052ffb7515c1b05e107c36d146e606d229b2c0e6d11f7437e1344933eae129
0b52101c180b8f28046e76e0290f7ae98074bf7bebdb8e612169b89bf230a76b,train/images/YTSave_YouTube_Ho-Chi-Minh-City-Saigon-Traffic-Drone-Ae_Media_-5N-Ab_9LhQ_001_1080p_frame_00048_jpg.rf.76a872fa2bb7d96f0ae585ea19f4a87a.jpg,train/labels/YTSave_YouTube_Ho-Chi-Minh-City-Saigon-Traffic-Drone-Ae_Media_-5N-Ab_9LhQ_001_1080p_frame_00048_jpg.rf.76a872fa2bb7d96f0ae585ea19f4a87a.txt,YTSave_YouTube_Ho-Chi-Minh-City-Saigon-Traffic-Drone-Ae_Media_-5N-Ab_9LhQ_001_1080p,48,24.0,train,labeled,52,1:14;2:37;3:1,bbox:3;polygon:49,0b52101c180b8f28046e76e0290f7ae98074bf7bebdb8e612169b89bf230a76b
4c3bcf715b85c00a21bfcf7fa7fbaf249cc11a2fc8c0af4909b81aee22356953,train/images/YTSave_YouTube_Ho-Chi-Minh-City-Saigon-Traffic-Drone-Ae_Media_-5N-Ab_9LhQ_001_1080p_frame_00049_jpg.rf.4a97ce53faa98313d684e5e52eaf3c0d.jpg,train/labels/YTSave_YouTube_Ho-Chi-Minh-City-Saigon-Traffic-Drone-Ae_Media_-5N-Ab_9LhQ_001_1080p_frame_00049_jpg.rf.4a97ce53faa98313d684e5e52eaf3c0d.txt,YTSave_YouTube_Ho-Chi-Minh-City-Saigon-Traffic-Drone-Ae_Media_-5N-Ab_9LhQ_001_1080p,49,24.5,train,labeled,47,1:15;2:30;4:2,bbox:5;polygon:42,4c3bcf715b85c00a21bfcf7fa7fbaf249cc11a2fc8c0af4909b81aee22356953
b5f292dc245a606b05f99e28bb4471cb3fb09e8ad9099b1aa2fd5467fb285d9a,train/images/YTSave_YouTube_Ho-Chi-Minh-City-Saigon-Traffic-Drone-Ae_Media_-5N-Ab_9LhQ_001_1080p_frame_00050_jpg.rf.9cc4f3ce37703b0d5a758f50b48a408d.jpg,train/labels/YTSave_YouTube_Ho-Chi-Minh-City-Saigon-Traffic-Drone-Ae_Media_-5N-Ab_9LhQ_001_1080p_frame_00050_jpg.rf.9cc4f3ce37703b0d5a758f50b48a408d.txt,YTSave_YouTube_Ho-Chi-Minh-City-Saigon-Traffic-Drone-Ae_Media_-5N-Ab_9LhQ_001_1080p,50,25.0,train,labeled,57,1:15;2:40;3:1;4:1,bbox:5;polygon:52,b5f292dc245a606b05f99e28bb4471cb3fb09e8ad9099b1aa2fd5467fb285d9a
dde12a46bdbf83443346ddde060ce7aecec8e31e26609ace830a36a598fb5951,train/images/YTSave_YouTube_Ho-Chi-Minh-City-Saigon-Traffic-Drone-Ae_Media_-5N-Ab_9LhQ_001_1080p_frame_00053_jpg.rf.3951033487a26468afe3272453814c3c.jpg,train/labels/YTSave_YouTube_Ho-Chi-Minh-City-Saigon-Traffic-Drone-Ae_Media_-5N-Ab_9LhQ_001_1080p_frame_00053_jpg.rf.3951033487a26468afe3272453814c3c.txt,YTSave_YouTube_Ho-Chi-Minh-City-Saigon-Traffic-Drone-Ae_Media_-5N-Ab_9LhQ_001_1080p,53,26.5,train,labeled,63,0:1;1:26;2:35;3:1,bbox:5;polygon:58,dde12a46bdbf83443346ddde060ce7aecec8e31e26609ace830a36a598fb5951
3c3559402042d2f9ee9f56046d8bd70ff8ca6ac96a205d562b42a2bc060f67ff,train/images/YTSave_YouTube_Ho-Chi-Minh-City-Saigon-Traffic-Drone-Ae_Media_-5N-Ab_9LhQ_001_1080p_frame_00056_jpg.rf.51a89271be4ed89591d47cdd28a3f987.jpg,train/labels/YTSave_YouTube_Ho-Chi-Minh-City-Saigon-Traffic-Drone-Ae_Media_-5N-Ab_9LhQ_001_1080p_frame_00056_jpg.rf.51a89271be4ed89591d47cdd28a3f987.txt,YTSave_YouTube_Ho-Chi-Minh-City-Saigon-Traffic-Drone-Ae_Media_-5N-Ab_9LhQ_001_1080p,56,28.0,train,labeled,46,0:2;1:32;2:8;4:4,bbox:4;polygon:42,3c3559402042d2f9ee9f56046d8bd70ff8ca6ac96a205d562b42a2bc060f67ff
3624d59a05d0319bc269a96de802370b0e6953aa861930fcd8b2dd26fe438d50,train/images/YTSave_YouTube_Ho-Chi-Minh-City-Saigon-Traffic-Drone-Ae_Media_-5N-Ab_9LhQ_001_1080p_frame_00057_jpg.rf.e35d98606e6ff177333b2db53df3eb9c.jpg,train/labels/YTSave_YouTube_Ho-Chi-Minh-City-Saigon-Traffic-Drone-Ae_Media_-5N-Ab_9LhQ_001_1080p_frame_00057_jpg.rf.e35d98606e6ff177333b2db53df3eb9c.txt,YTSave_YouTube_Ho-Chi-Minh-City-Saigon-Traffic-Drone-Ae_Media_-5N-Ab_9LhQ_001_1080p,57,28.5,train,labeled,37,0:3;1:25;2:3;3:2;4:4,bbox:5;polygon:32,3624d59a05d0319bc269a96de802370b0e6953aa861930fcd8b2dd26fe438d50
be5a3d461381ecbf5338c736cfdc16ce36c250389cab9a76db091661c381adf0,train/images/YTSave_YouTube_Ho-Chi-Minh-City-Saigon-Traffic-Drone-Ae_Media_-5N-Ab_9LhQ_001_1080p_frame_00058_jpg.rf.8fe7778a89d13e3fcbdd4ac55aab6d8b.jpg,train/labels/YTSave_YouTube_Ho-Chi-Minh-City-Saigon-Traffic-Drone-Ae_Media_-5N-Ab_9LhQ_001_1080p_frame_00058_jpg.rf.8fe7778a89d13e3fcbdd4ac55aab6d8b.txt,YTSave_YouTube_Ho-Chi-Minh-City-Saigon-Traffic-Drone-Ae_Media_-5N-Ab_9LhQ_001_1080p,58,29.0,train,labeled,56,0:2;1:28;2:24;4:2,bbox:5;polygon:51,be5a3d461381ecbf5338c736cfdc16ce36c250389cab9a76db091661c381adf0
8b7ce037889783c09ef4c0594bcec1534cc7f83fc183e965fbdfcb92c07b410c,train/images/YTSave_YouTube_Ho-Chi-Minh-City-Saigon-Traffic-Drone-Ae_Media_-5N-Ab_9LhQ_001_1080p_frame_00060_jpg.rf.b732046c994f0d461ae4d6840b90adba.jpg,train/labels/YTSave_YouTube_Ho-Chi-Minh-City-Saigon-Traffic-Drone-Ae_Media_-5N-Ab_9LhQ_001_1080p_frame_00060_jpg.rf.b732046c994f0d461ae4d6840b90adba.txt,YTSave_YouTube_Ho-Chi-Minh-City-Saigon-Traffic-Drone-Ae_Media_-5N-Ab_9LhQ_001_1080p,60,30.0,train,labeled,47,0:3;1:31;2:12;4:1,bbox:6;polygon:41,8b7ce037889783c09ef4c0594bcec1534cc7f83fc183e965fbdfcb92c07b410c
cd49055d049689a9e3994bf9bba56c888ec4182a40f85c4067af8b475418142e,train/images/YTSave_YouTube_Ho-Chi-Minh-City-Saigon-Traffic-Drone-Ae_Media_-5N-Ab_9LhQ_001_1080p_frame_00061_jpg.rf.fc3dbdb3975cf1bffb0a6345c563c410.jpg,train/labels/YTSave_YouTube_Ho-Chi-Minh-City-Saigon-Traffic-Drone-Ae_Media_-5N-Ab_9LhQ_001_1080p_frame_00061_jpg.rf.fc3dbdb3975cf1bffb0a6345c563c410.txt,YTSave_YouTube_Ho-Chi-Minh-City-Saigon-Traffic-Drone-Ae_Media_-5N-Ab_9LhQ_001_1080p,61,30.5,train,labeled,59,0:2;1:36;2:19;3:1;4:1,bbox:11;polygon:48,cd49055d049689a9e3994bf9bba56c888ec4182a40f85c4067af8b475418142e
06b372bb8d4863bb5cbcf1d0f480fbe4b3fb4e8405d6069260251ac152a1cdac,train/images/YTSave_YouTube_Ho-Chi-Minh-City-Saigon-Traffic-Drone-Ae_Media_-5N-Ab_9LhQ_001_1080p_frame_00062_jpg.rf.ea0cd7a494030e73a6a375db190082f2.jpg,train/labels/YTSave_YouTube_Ho-Chi-Minh-City-Saigon-Traffic-Drone-Ae_Media_-5N-Ab_9LhQ_001_1080p_frame_00062_jpg.rf.ea0cd7a494030e73a6a375db190082f2.txt,YTSave_YouTube_Ho-Chi-Minh-City-Saigon-Traffic-Drone-Ae_Media_-5N-Ab_9LhQ_001_1080p,62,31.0,train,labeled,44,0:2;1:32;2:8;3:1;4:1,bbox:6;polygon:38,06b372bb8d4863bb5cbcf1d0f480fbe4b3fb4e8405d6069260251ac152a1cdac
4144b7ad073480ad9f058c229e27e3b861c87f545d16664e9537a622fbc2721f,train/images/YTSave_YouTube_Ho-Chi-Minh-City-Saigon-Traffic-Drone-Ae_Media_-5N-Ab_9LhQ_001_1080p_frame_00063_jpg.rf.eccce0ffb2c3c735a8dfdf14ad08d4e5.jpg,train/labels/YTSave_YouTube_Ho-Chi-Minh-City-Saigon-Traffic-Drone-Ae_Media_-5N-Ab_9LhQ_001_1080p_frame_00063_jpg.rf.eccce0ffb2c3c735a8dfdf14ad08d4e5.txt,YTSave_YouTube_Ho-Chi-Minh-City-Saigon-Traffic-Drone-Ae_Media_-5N-Ab_9LhQ_001_1080p,63,31.5,train,labeled,51,0:2;1:32;2:16;3:1,bbox:6;polygon:45,4144b7ad073480ad9f058c229e27e3b861c87f545d16664e9537a622fbc2721f
1126c17b420a61d04f4807f0e66feb8416a1945cc99ee88c6906a7ae36876ee4,train/images/YTSave_YouTube_Ho-Chi-Minh-City-Saigon-Traffic-Drone-Ae_Media_-5N-Ab_9LhQ_001_1080p_frame_00064_jpg.rf.6b6a1a5572983851b0821fa185504a34.jpg,train/labels/YTSave_YouTube_Ho-Chi-Minh-City-Saigon-Traffic-Drone-Ae_Media_-5N-Ab_9LhQ_001_1080p_frame_00064_jpg.rf.6b6a1a5572983851b0821fa185504a34.txt,YTSave_YouTube_Ho-Chi-Minh-City-Saigon-Traffic-Drone-Ae_Media_-5N-Ab_9LhQ_001_1080p,64,32.0,train,labeled,54,0:2;1:35;2:15;4:2,bbox:10;polygon:44,1126c17b420a61d04f4807f0e66feb8416a1945cc99ee88c6906a7ae36876ee4
cefcafa1956d05101305956180e123ade37254758110c7fc79ee95a14834208e,train/images/YTSave_YouTube_Ho-Chi-Minh-City-Saigon-Traffic-Drone-Ae_Media_-5N-Ab_9LhQ_001_1080p_frame_00065_jpg.rf.5f2677b136151959ccebd38915352d75.jpg,train/labels/YTSave_YouTube_Ho-Chi-Minh-City-Saigon-Traffic-Drone-Ae_Media_-5N-Ab_9LhQ_001_1080p_frame_00065_jpg.rf.5f2677b136151959ccebd38915352d75.txt,YTSave_YouTube_Ho-Chi-Minh-City-Saigon-Traffic-Drone-Ae_Media_-5N-Ab_9LhQ_001_1080p,65,32.5,train,labeled,48,0:3;1:33;2:12,bbox:6;polygon:42,cefcafa1956d05101305956180e123ade37254758110c7fc79ee95a14834208e
3052ebf270029774c3f53a95cabf664d768f06a45402028e65bb9aeba39a9156,train/images/YTSave_YouTube_Ho-Chi-Minh-City-Saigon-Traffic-Drone-Ae_Media_-5N-Ab_9LhQ_001_1080p_frame_00067_jpg.rf.6fc78c4957d3728afe880eb7937462f0.jpg,train/labels/YTSave_YouTube_Ho-Chi-Minh-City-Saigon-Traffic-Drone-Ae_Media_-5N-Ab_9LhQ_001_1080p_frame_00067_jpg.rf.6fc78c4957d3728afe880eb7937462f0.txt,YTSave_YouTube_Ho-Chi-Minh-City-Saigon-Traffic-Drone-Ae_Media_-5N-Ab_9LhQ_001_1080p,67,33.5,train,labeled,55,0:3;1:35;2:15;4:2,bbox:10;polygon:45,3052ebf270029774c3f53a95cabf664d768f06a45402028e65bb9aeba39a9156
851e07d2e5f74e6b9497ed8e118f626d497f0a0bf83a5af6b40b68954dd21e12,train/images/YTSave_YouTube_Ho-Chi-Minh-City-Saigon-Traffic-Drone-Ae_Media_-5N-Ab_9LhQ_001_1080p_frame_00068_jpg.rf.272aad1fe30199ca280420af7278e0a7.jpg,train/labels/YTSave_YouTube_Ho-Chi-Minh-City-Saigon-Traffic-Drone-Ae_Media_-5N-Ab_9LhQ_001_1080p_frame_00068_jpg.rf.272aad1fe30199ca280420af7278e0a7.txt,YTSave_YouTube_Ho-Chi-Minh-City-Saigon-Traffic-Drone-Ae_Media_-5N-Ab_9LhQ_001_1080p,68,34.0,train,labeled,52,0:3;1:38;2:9;4:2,bbox:5;polygon:47,851e07d2e5f74e6b9497ed8e118f626d497f0a0bf83a5af6b40b68954dd21e12
9a81acbaf0345d48e7c507555929489e0ba98a2495f9ac3354d150bdf1ea235f,train/images/YTSave_YouTube_Ho-Chi-Minh-City-Saigon-Traffic-Drone-Ae_Media_-5N-Ab_9LhQ_001_1080p_frame_00069_jpg.rf.6cdd1a7b69e4d70be1d721834addb752.jpg,train/labels/YTSave_YouTube_Ho-Chi-Minh-City-Saigon-Traffic-Drone-Ae_Media_-5N-Ab_9LhQ_001_1080p_frame_00069_jpg.rf.6cdd1a7b69e4d70be1d721834addb752.txt,YTSave_YouTube_Ho-Chi-Minh-City-Saigon-Traffic-Drone-Ae_Media_-5N-Ab_9LhQ_001_1080p,69,34.5,train,labeled,52,0:3;1:37;2:10;3:1;4:1,bbox:8;polygon:44,9a81acbaf0345d48e7c507555929489e0ba98a2495f9ac3354d150bdf1ea235f
6b2d6d0ecb8784558b469cbfbb30862a1e0ba40081ba5b3be94407f45a14bae1,train/images/YTSave_YouTube_Ho-Chi-Minh-City-Saigon-Traffic-Drone-Ae_Media_-5N-Ab_9LhQ_001_1080p_frame_00070_jpg.rf.2d93a6f8375034b382d61b08ff8aa0cf.jpg,train/labels/YTSave_YouTube_Ho-Chi-Minh-City-Saigon-Traffic-Drone-Ae_Media_-5N-Ab_9LhQ_001_1080p_frame_00070_jpg.rf.2d93a6f8375034b382d61b08ff8aa0cf.txt,YTSave_YouTube_Ho-Chi-Minh-City-Saigon-Traffic-Drone-Ae_Media_-5N-Ab_9LhQ_001_1080p,70,35.0,train,labeled,47,0:3;1:36;2:6;4:2,bbox:9;polygon:38,6b2d6d0ecb8784558b469cbfbb30862a1e0ba40081ba5b3be94407f45a14bae1
e41d4926e4d9601599281d329b2c2566850a3ee41a60277af1bd2f76258ea216,train/images/YTSave_YouTube_Ho-Chi-Minh-City-Saigon-Traffic-Drone-Ae_Media_-5N-Ab_9LhQ_001_1080p_frame_00071_jpg.rf.4995da337fb022ddb3a5e513a2e58d72.jpg,train/labels/YTSave_YouTube_Ho-Chi-Minh-City-Saigon-Traffic-Drone-Ae_Media_-5N-Ab_9LhQ_001_1080p_frame_00071_jpg.rf.4995da337fb022ddb3a5e513a2e58d72.txt,YTSave_YouTube_Ho-Chi-Minh-City-Saigon-Traffic-Drone-Ae_Media_-5N-Ab_9LhQ_001_1080p,71,35.5,train,labeled,47,0:4;1:39;2:3;4:1,bbox:11;polygon:36,e41d4926e4d9601599281d329b2c2566850a3ee41a60277af1bd2f76258ea216
c6f2f0f989e3e8b69c653526f70be0836bbada3e948b2fd4eed3dde382bcb941,train/images/YTSave_YouTube_Ho-Chi-Minh-City-Saigon-Traffic-Drone-Ae_Media_-5N-Ab_9LhQ_001_1080p_frame_00072_jpg.rf.9e304408d273983c7d919a7b47d87855.jpg,train/labels/YTSave_YouTube_Ho-Chi-Minh-City-Saigon-Traffic-Drone-Ae_Media_-5N-Ab_9LhQ_001_1080p_frame_00072_jpg.rf.9e304408d273983c7d919a7b47d87855.txt,YTSave_YouTube_Ho-Chi-Minh-City-Saigon-Traffic-Drone-Ae_Media_-5N-Ab_9LhQ_001_1080p,72,36.0,train,labeled,45,0:3;1:36;2:4;4:2,bbox:5;polygon:40,c6f2f0f989e3e8b69c653526f70be0836bbada3e948b2fd4eed3dde382bcb941
e10cca74b0916a7218f2e13dc7fdbd08340a32764133ed76bcbceeabd930c248,train/images/YTSave_YouTube_Ho-Chi-Minh-City-Saigon-Traffic-Drone-Ae_Media_-5N-Ab_9LhQ_001_1080p_frame_00074_jpg.rf.8f5b4b3e151be85edde4971292e57ea1.jpg,train/labels/YTSave_YouTube_Ho-Chi-Minh-City-Saigon-Traffic-Drone-Ae_Media_-5N-Ab_9LhQ_001_1080p_frame_00074_jpg.rf.8f5b4b3e151be85edde4971292e57ea1.txt,YTSave_YouTube_Ho-Chi-Minh-City-Saigon-Traffic-Drone-Ae_Media_-5N-Ab_9LhQ_001_1080p,74,37.0,train,labeled,48,0:1;1:38;2:7;4:2,bbox:8;polygon:40,e10cca74b0916a7218f2e13dc7fdbd08340a32764133ed76bcbceeabd930c248
86c7baefd38322c45ee6ea286ac82179cd5e69bf6a66399df762b82777a55aae,train/images/YTSave_YouTube_Ho-Chi-Minh-City-Saigon-Traffic-Drone-Ae_Media_-5N-Ab_9LhQ_001_1080p_frame_00075_jpg.rf.cf73dbc2d374695101c06130a67f6da5.jpg,train/labels/YTSave_YouTube_Ho-Chi-Minh-City-Saigon-Traffic-Drone-Ae_Media_-5N-Ab_9LhQ_001_1080p_frame_00075_jpg.rf.cf73dbc2d374695101c06130a67f6da5.txt,YTSave_YouTube_Ho-Chi-Minh-City-Saigon-Traffic-Drone-Ae_Media_-5N-Ab_9LhQ_001_1080p,75,37.5,train,labeled,52,0:3;1:38;2:9;4:2,bbox:10;polygon:42,86c7baefd38322c45ee6ea286ac82179cd5e69bf6a66399df762b82777a55aae
f6ab2b479ef6909b8826b2cd09bbfc4c74cec2bc9f9eef55bfb92c003817e360,train/images/YTSave_YouTube_Ho-Chi-Minh-City-Saigon-Traffic-Drone-Ae_Media_-5N-Ab_9LhQ_001_1080p_frame_00076_jpg.rf.9da0a937e7ebedd6fea7f4a7c0bf1390.jpg,train/labels/YTSave_YouTube_Ho-Chi-Minh-City-Saigon-Traffic-Drone-Ae_Media_-5N-Ab_9LhQ_001_1080p_frame_00076_jpg.rf.9da0a937e7ebedd6fea7f4a7c0bf1390.txt,YTSave_YouTube_Ho-Chi-Minh-City-Saigon-Traffic-Drone-Ae_Media_-5N-Ab_9LhQ_001_1080p,76,38.0,train,labeled,43,0:4;1:34;2:4;4:1,bbox:6;polygon:37,f6ab2b479ef6909b8826b2cd09bbfc4c74cec2bc9f9eef55bfb92c003817e360
f39c6dbe01d079c92d146cd61d0ced2f1ee8aeffc509654af19d08f70d2efdff,train/images/YTSave_YouTube_Ho-Chi-Minh-City-Saigon-Traffic-Drone-Ae_Media_-5N-Ab_9LhQ_001_1080p_frame_00077_jpg.rf.c07ab6f2b7ada39fc1ab1a0de35c9057.jpg,train/labels/YTSave_YouTube_Ho-Chi-Minh-City-Saigon-Traffic-Drone-Ae_Media_-5N-Ab_9LhQ_001_1080p_frame_00077_jpg.rf.c07ab6f2b7ada39fc1ab1a0de35c9057.txt,YTSave_YouTube_Ho-Chi-Minh-City-Saigon-Traffic-Drone-Ae_Media_-5N-Ab_9LhQ_001_1080p,77,38.5,train,labeled,54,0:3;1:38;2:10;3:1;4:2,bbox:9;polygon:45,f39c6dbe01d079c92d146cd61d0ced2f1ee8aeffc509654af19d08f70d2efdff
6386608c017be3ce18639fa193b4add595c1bf2d76857dd52ed31baf030f5f02,train/images/YTSave_YouTube_Ho-Chi-Minh-City-Saigon-Traffic-Drone-Ae_Media_-5N-Ab_9LhQ_001_1080p_frame_00078_jpg.rf.6e2384e72f33eed7eef29694c8996599.jpg,train/labels/YTSave_YouTube_Ho-Chi-Minh-City-Saigon-Traffic-Drone-Ae_Media_-5N-Ab_9LhQ_001_1080p_frame_00078_jpg.rf.6e2384e72f33eed7eef29694c8996599.txt,YTSave_YouTube_Ho-Chi-Minh-City-Saigon-Traffic-Drone-Ae_Media_-5N-Ab_9LhQ_001_1080p,78,39.0,train,labeled,48,0:4;1:35;2:7;4:2,bbox:9;polygon:39,6386608c017be3ce18639fa193b4add595c1bf2d76857dd52ed31baf030f5f02
c71f427aca4399d78eada47e7e6bb0ca2ee394d36b6b3ab14c510fb3672bae39,train/images/YTSave_YouTube_Ho-Chi-Minh-City-Saigon-Traffic-Drone-Ae_Media_-5N-Ab_9LhQ_001_1080p_frame_00079_jpg.rf.75a72e6fc2ee84a398e2a9dcdb6615c9.jpg,train/labels/YTSave_YouTube_Ho-Chi-Minh-City-Saigon-Traffic-Drone-Ae_Media_-5N-Ab_9LhQ_001_1080p_frame_00079_jpg.rf.75a72e6fc2ee84a398e2a9dcdb6615c9.txt,YTSave_YouTube_Ho-Chi-Minh-City-Saigon-Traffic-Drone-Ae_Media_-5N-Ab_9LhQ_001_1080p,79,39.5,train,labeled,57,0:3;1:36;2:13;3:3;4:2,bbox:7;polygon:50,c71f427aca4399d78eada47e7e6bb0ca2ee394d36b6b3ab14c510fb3672bae39
cb4a0d765e245af9502603ca506bbc16266b9449a0507b2218ef0e6a276cab3c,train/images/YTSave_YouTube_Ho-Chi-Minh-City-Saigon-Traffic-Drone-Ae_Media_-5N-Ab_9LhQ_001_1080p_frame_00080_jpg.rf.098ecba6576f962c3b46722e947c08e7.jpg,train/labels/YTSave_YouTube_Ho-Chi-Minh-City-Saigon-Traffic-Drone-Ae_Media_-5N-Ab_9LhQ_001_1080p_frame_00080_jpg.rf.098ecba6576f962c3b46722e947c08e7.txt,YTSave_YouTube_Ho-Chi-Minh-City-Saigon-Traffic-Drone-Ae_Media_-5N-Ab_9LhQ_001_1080p,80,40.0,train,labeled,57,0:3;1:40;2:5;3:6;4:3,bbox:14;polygon:43,cb4a0d765e245af9502603ca506bbc16266b9449a0507b2218ef0e6a276cab3c
acc82b93728768ace98e89055d42c4534b608f1aad7e4cb5765fb0d2da0d8fb7,train/images/YTSave_YouTube_Ho-Chi-Minh-City-Saigon-Traffic-Drone-Ae_Media_-5N-Ab_9LhQ_001_1080p_frame_00082_jpg.rf.6bab46dee5c2023eb95b96510e961dd5.jpg,train/labels/YTSave_YouTube_Ho-Chi-Minh-City-Saigon-Traffic-Drone-Ae_Media_-5N-Ab_9LhQ_001_1080p_frame_00082_jpg.rf.6bab46dee5c2023eb95b96510e961dd5.txt,YTSave_YouTube_Ho-Chi-Minh-City-Saigon-Traffic-Drone-Ae_Media_-5N-Ab_9LhQ_001_1080p,82,41.0,train,labeled,60,0:4;1:36;2:9;3:10;4:1,bbox:8;polygon:52,acc82b93728768ace98e89055d42c4534b608f1aad7e4cb5765fb0d2da0d8fb7
020ac15618683544ca24e8b7bc4681d2489bb08ff0bc34444546e4f3ba4331ee,train/images/YTSave_YouTube_Ho-Chi-Minh-City-Saigon-Traffic-Drone-Ae_Media_-5N-Ab_9LhQ_001_1080p_frame_00083_jpg.rf.e3bd1f28ce21047b45ee93f12f1a9db7.jpg,train/labels/YTSave_YouTube_Ho-Chi-Minh-City-Saigon-Traffic-Drone-Ae_Media_-5N-Ab_9LhQ_001_1080p_frame_00083_jpg.rf.e3bd1f28ce21047b45ee93f12f1a9db7.txt,YTSave_YouTube_Ho-Chi-Minh-City-Saigon-Traffic-Drone-Ae_Media_-5N-Ab_9LhQ_001_1080p,83,41.5,train,labeled,52,0:3;1:34;2:5;3:9;4:1,bbox:4;polygon:48,020ac15618683544ca24e8b7bc4681d2489bb08ff0bc34444546e4f3ba4331ee
46d4b7d8d2eb0f481656b2bb355fbb05f2707e8c2e7fce2930cfbd10e2ac2173,train/images/YTSave_YouTube_Ho-Chi-Minh-City-Saigon-Traffic-Drone-Ae_Media_-5N-Ab_9LhQ_001_1080p_frame_00085_jpg.rf.7388afb27d075f255ff243ce7e87f134.jpg,train/labels/YTSave_YouTube_Ho-Chi-Minh-City-Saigon-Traffic-Drone-Ae_Media_-5N-Ab_9LhQ_001_1080p_frame_00085_jpg.rf.7388afb27d075f255ff243ce7e87f134.txt,YTSave_YouTube_Ho-Chi-Minh-City-Saigon-Traffic-Drone-Ae_Media_-5N-Ab_9LhQ_001_1080p,85,42.5,train,labeled,36,0:4;1:31;3:1,bbox:12;polygon:24,46d4b7d8d2eb0f481656b2bb355fbb05f2707e8c2e7fce2930cfbd10e2ac2173
2ec4bd2e215ab7fc0c776bc8e55819d4f7e76f6daed8fdfbd600aa4a38262164,train/images/YTSave_YouTube_Ho-Chi-Minh-City-Saigon-Traffic-Drone-Ae_Media_-5N-Ab_9LhQ_001_1080p_frame_00087_jpg.rf.d1639c7930f90a853faf372411b992ec.jpg,train/labels/YTSave_YouTube_Ho-Chi-Minh-City-Saigon-Traffic-Drone-Ae_Media_-5N-Ab_9LhQ_001_1080p_frame_00087_jpg.rf.d1639c7930f90a853faf372411b992ec.txt,YTSave_YouTube_Ho-Chi-Minh-City-Saigon-Traffic-Drone-Ae_Media_-5N-Ab_9LhQ_001_1080p,87,43.5,train,labeled,31,0:3;1:26;3:1;4:1,bbox:7;polygon:24,2ec4bd2e215ab7fc0c776bc8e55819d4f7e76f6daed8fdfbd600aa4a38262164
403e0acb9c350857e682540c9aff7679f822d65538c26c6486b55a0b91d510ee,train/images/YTSave_YouTube_Ho-Chi-Minh-City-Saigon-Traffic-Drone-Ae_Media_-5N-Ab_9LhQ_001_1080p_frame_00089_jpg.rf.6e2850d8065761ee04f6f18954a2b5af.jpg,train/labels/YTSave_YouTube_Ho-Chi-Minh-City-Saigon-Traffic-Drone-Ae_Media_-5N-Ab_9LhQ_001_1080p_frame_00089_jpg.rf.6e2850d8065761ee04f6f18954a2b5af.txt,YTSave_YouTube_Ho-Chi-Minh-City-Saigon-Traffic-Drone-Ae_Media_-5N-Ab_9LhQ_001_1080p,89,44.5,train,labeled,28,0:2;1:20;2:5;4:1,bbox:10;polygon:18,403e0acb9c350857e682540c9aff7679f822d65538c26c6486b55a0b91d510ee
7a0f0f60cae7132fc14c37dbc2542a970014fbfc0b81e9a26b4de3cf54942080,train/images/YTSave_YouTube_Ho-Chi-Minh-City-Saigon-Traffic-Drone-Ae_Media_-5N-Ab_9LhQ_001_1080p_frame_00091_jpg.rf.da4d12d3bf905d2e2c0c2862663faa1d.jpg,train/labels/YTSave_YouTube_Ho-Chi-Minh-City-Saigon-Traffic-Drone-Ae_Media_-5N-Ab_9LhQ_001_1080p_frame_00091_jpg.rf.da4d12d3bf905d2e2c0c2862663faa1d.txt,YTSave_YouTube_Ho-Chi-Minh-City-Saigon-Traffic-Drone-Ae_Media_-5N-Ab_9LhQ_001_1080p,91,45.5,train,labeled,20,0:3;1:15;3:1;4:1,bbox:6;polygon:14,7a0f0f60cae7132fc14c37dbc2542a970014fbfc0b81e9a26b4de3cf54942080
3c6665a2bfd9cce2017f8cc41d36c6ead35ebeffe851debd87c57a70716d42af,train/images/YTSave_YouTube_Ho-Chi-Minh-City-Saigon-Traffic-Drone-Ae_Media_-5N-Ab_9LhQ_001_1080p_frame_00092_jpg.rf.be5545998fd93bd0b008d196e8e3245e.jpg,train/labels/YTSave_YouTube_Ho-Chi-Minh-City-Saigon-Traffic-Drone-Ae_Media_-5N-Ab_9LhQ_001_1080p_frame_00092_jpg.rf.be5545998fd93bd0b008d196e8e3245e.txt,YTSave_YouTube_Ho-Chi-Minh-City-Saigon-Traffic-Drone-Ae_Media_-5N-Ab_9LhQ_001_1080p,92,46.0,train,labeled,20,0:1;1:17;4:2,bbox:6;polygon:14,3c6665a2bfd9cce2017f8cc41d36c6ead35ebeffe851debd87c57a70716d42af
71968037242c4a620caf282c77c73ad297eff6b7b91adc23cd4a018bb2973c2f,train/images/YTSave_YouTube_Ho-Chi-Minh-City-Saigon-Traffic-Drone-Ae_Media_-5N-Ab_9LhQ_001_1080p_frame_00093_jpg.rf.7f0ecf21c4773b96c7dc8ce559b5e230.jpg,train/labels/YTSave_YouTube_Ho-Chi-Minh-City-Saigon-Traffic-Drone-Ae_Media_-5N-Ab_9LhQ_001_1080p_frame_00093_jpg.rf.7f0ecf21c4773b96c7dc8ce559b5e230.txt,YTSave_YouTube_Ho-Chi-Minh-City-Saigon-Traffic-Drone-Ae_Media_-5N-Ab_9LhQ_001_1080p,93,46.5,train,labeled,21,0:1;1:18;4:2,bbox:8;polygon:13,71968037242c4a620caf282c77c73ad297eff6b7b91adc23cd4a018bb2973c2f
21fac306f54ced0352da671e734ce5bc61cfea5db761e2d36baa3ed3e407bdd2,train/images/YTSave_YouTube_Ho-Chi-Minh-City-Saigon-Traffic-Drone-Ae_Media_-5N-Ab_9LhQ_001_1080p_frame_00094_jpg.rf.c770c68051d8952d512a6046e1c93a5e.jpg,train/labels/YTSave_YouTube_Ho-Chi-Minh-City-Saigon-Traffic-Drone-Ae_Media_-5N-Ab_9LhQ_001_1080p_frame_00094_jpg.rf.c770c68051d8952d512a6046e1c93a5e.txt,YTSave_YouTube_Ho-Chi-Minh-City-Saigon-Traffic-Drone-Ae_Media_-5N-Ab_9LhQ_001_1080p,94,47.0,train,labeled,18,1:16;4:2,bbox:5;polygon:13,21fac306f54ced0352da671e734ce5bc61cfea5db761e2d36baa3ed3e407bdd2
30317fbac20072afbbe994005849006ac15e3f019e92b2ef30fc2c9a357cfbce,train/images/YTSave_YouTube_Ho-Chi-Minh-City-Saigon-Traffic-Drone-Ae_Media_-5N-Ab_9LhQ_001_1080p_frame_00095_jpg.rf.dde462be9cbd0b1747f2b86a46297591.jpg,train/labels/YTSave_YouTube_Ho-Chi-Minh-City-Saigon-Traffic-Drone-Ae_Media_-5N-Ab_9LhQ_001_1080p_frame_00095_jpg.rf.dde462be9cbd0b1747f2b86a46297591.txt,YTSave_YouTube_Ho-Chi-Minh-City-Saigon-Traffic-Drone-Ae_Media_-5N-Ab_9LhQ_001_1080p,95,47.5,train,labeled,23,1:20;4:3,bbox:7;polygon:16,30317fbac20072afbbe994005849006ac15e3f019e92b2ef30fc2c9a357cfbce
68c72ce0a70aa7c395420340303d3f43d7ba3261df9903fef8d76de0adfaf28c,train/images/YTSave_YouTube_Ho-Chi-Minh-City-Saigon-Traffic-Drone-Ae_Media_-5N-Ab_9LhQ_001_1080p_frame_00096_jpg.rf.fede406895d88164dcb529226a83fbe9.jpg,train/labels/YTSave_YouTube_Ho-Chi-Minh-City-Saigon-Traffic-Drone-Ae_Media_-5N-Ab_9LhQ_001_1080p_frame_00096_jpg.rf.fede406895d88164dcb529226a83fbe9.txt,YTSave_YouTube_Ho-Chi-Minh-City-Saigon-Traffic-Drone-Ae_Media_-5N-Ab_9LhQ_001_1080p,96,48.0,train,labeled,26,0:1;1:22;4:3,bbox:6;polygon:20,68c72ce0a70aa7c395420340303d3f43d7ba3261df9903fef8d76de0adfaf28c
696ded2f0c797c38b87c56caac5a205f3c72c0058cbd00939402d1d3af22c6ae,train/images/YTSave_YouTube_Ho-Chi-Minh-City-Saigon-Traffic-Drone-Ae_Media_-5N-Ab_9LhQ_001_1080p_frame_00097_jpg.rf.da2c16abb244382d839aa1cb5df2fd79.jpg,train/labels/YTSave_YouTube_Ho-Chi-Minh-City-Saigon-Traffic-Drone-Ae_Media_-5N-Ab_9LhQ_001_1080p_frame_00097_jpg.rf.da2c16abb244382d839aa1cb5df2fd79.txt,YTSave_YouTube_Ho-Chi-Minh-City-Saigon-Traffic-Drone-Ae_Media_-5N-Ab_9LhQ_001_1080p,97,48.5,train,labeled,24,0:3;1:19;4:2,bbox:4;polygon:20,696ded2f0c797c38b87c56caac5a205f3c72c0058cbd00939402d1d3af22c6ae
c5e885d2865ede1bb78c02556607f9dfa0519f3d605e19d276f6e38af0963608,train/images/YTSave_YouTube_Ho-Chi-Minh-City-Saigon-Traffic-Drone-Ae_Media_-5N-Ab_9LhQ_001_1080p_frame_00098_jpg.rf.a9aca9e7fab6572e5b8c05d98efc76f8.jpg,train/labels/YTSave_YouTube_Ho-Chi-Minh-City-Saigon-Traffic-Drone-Ae_Media_-5N-Ab_9LhQ_001_1080p_frame_00098_jpg.rf.a9aca9e7fab6572e5b8c05d98efc76f8.txt,YTSave_YouTube_Ho-Chi-Minh-City-Saigon-Traffic-Drone-Ae_Media_-5N-Ab_9LhQ_001_1080p,98,49.0,train,labeled,25,0:1;1:21;4:3,bbox:8;polygon:17,c5e885d2865ede1bb78c02556607f9dfa0519f3d605e19d276f6e38af0963608
dd495b901faddfa1f2feefd9852bda0d907b6c7608b6d73e59d20b21d763f08c,train/images/YTSave_YouTube_Ho-Chi-Minh-City-Saigon-Traffic-Drone-Ae_Media_-5N-Ab_9LhQ_001_1080p_frame_00099_jpg.rf.000bbdff854223febfa5cb742da5f945.jpg,train/labels/YTSave_YouTube_Ho-Chi-Minh-City-Saigon-Traffic-Drone-Ae_Media_-5N-Ab_9LhQ_001_1080p_frame_00099_jpg.rf.000bbdff854223febfa5cb742da5f945.txt,YTSave_YouTube_Ho-Chi-Minh-City-Saigon-Traffic-Drone-Ae_Media_-5N-Ab_9LhQ_001_1080p,99,49.5,train,labeled,26,0:1;1:22;4:3,bbox:6;polygon:20,dd495b901faddfa1f2feefd9852bda0d907b6c7608b6d73e59d20b21d763f08c
6e8623200c2f05a85806af77fd3cbf433dae59ea545c328215253eab1a79ab2a,train/images/YTSave_YouTube_Ho-Chi-Minh-City-Saigon-Traffic-Drone-Ae_Media_-5N-Ab_9LhQ_001_1080p_frame_00100_jpg.rf.7d0c2330b6fc511af52fa0c700b1c3cf.jpg,train/labels/YTSave_YouTube_Ho-Chi-Minh-City-Saigon-Traffic-Drone-Ae_Media_-5N-Ab_9LhQ_001_1080p_frame_00100_jpg.rf.7d0c2330b6fc511af52fa0c700b1c3cf.txt,YTSave_YouTube_Ho-Chi-Minh-City-Saigon-Traffic-Drone-Ae_Media_-5N-Ab_9LhQ_001_1080p,100,50.0,train,labeled,24,0:2;1:21;4:1,bbox:6;polygon:18,6e8623200c2f05a85806af77fd3cbf433dae59ea545c328215253eab1a79ab2a
1e957c3a7e085f13a1d07bb390359f50ce31be6ace2209c9a5363f86c6125df0,train/images/YTSave_YouTube_Ho-Chi-Minh-City-Saigon-Traffic-Drone-Ae_Media_-5N-Ab_9LhQ_001_1080p_frame_00101_jpg.rf.9ef93e77fe61228e17a104a1031ce62d.jpg,train/labels/YTSave_YouTube_Ho-Chi-Minh-City-Saigon-Traffic-Drone-Ae_Media_-5N-Ab_9LhQ_001_1080p_frame_00101_jpg.rf.9ef93e77fe61228e17a104a1031ce62d.txt,YTSave_YouTube_Ho-Chi-Minh-City-Saigon-Traffic-Drone-Ae_Media_-5N-Ab_9LhQ_001_1080p,101,50.5,train,labeled,27,0:1;1:22;4:4,bbox:6;polygon:21,1e957c3a7e085f13a1d07bb390359f50ce31be6ace2209c9a5363f86c6125df0
f633464fe4c83689c0666c3453152e984f710a9b3ec332550e582c5c89517281,train/images/YTSave_YouTube_Ho-Chi-Minh-City-Saigon-Traffic-Drone-Ae_Media_-5N-Ab_9LhQ_001_1080p_frame_00102_jpg.rf.ca19339ce2c1db5d631914e56657a94f.jpg,train/labels/YTSave_YouTube_Ho-Chi-Minh-City-Saigon-Traffic-Drone-Ae_Media_-5N-Ab_9LhQ_001_1080p_frame_00102_jpg.rf.ca19339ce2c1db5d631914e56657a94f.txt,YTSave_YouTube_Ho-Chi-Minh-City-Saigon-Traffic-Drone-Ae_Media_-5N-Ab_9LhQ_001_1080p,102,51.0,train,labeled,27,0:2;1:23;4:2,bbox:6;polygon:21,f633464fe4c83689c0666c3453152e984f710a9b3ec332550e582c5c89517281
765c366e5d36701999756ca010258bb48050c103e3a3cda58839bfd601d4d171,train/images/YTSave_YouTube_Ho-Chi-Minh-City-Saigon-Traffic-Drone-Ae_Media_-5N-Ab_9LhQ_001_1080p_frame_00103_jpg.rf.c61153c2293ca4d8155775663b9cc809.jpg,train/labels/YTSave_YouTube_Ho-Chi-Minh-City-Saigon-Traffic-Drone-Ae_Media_-5N-Ab_9LhQ_001_1080p_frame_00103_jpg.rf.c61153c2293ca4d8155775663b9cc809.txt,YTSave_YouTube_Ho-Chi-Minh-City-Saigon-Traffic-Drone-Ae_Media_-5N-Ab_9LhQ_001_1080p,103,51.5,train,labeled,28,0:2;1:24;4:2,bbox:4;polygon:24,765c366e5d36701999756ca010258bb48050c103e3a3cda58839bfd601d4d171
33e5ab8a82db3862f55172873cccd6a0d294eaf60c3c2f4ca54340abfdf494d1,train/images/YTSave_YouTube_Ho-Chi-Minh-City-Saigon-Traffic-Drone-Ae_Media_-5N-Ab_9LhQ_001_1080p_frame_00104_jpg.rf.1ad922bed0e1ac931316354a1300e5e1.jpg,train/labels/YTSave_YouTube_Ho-Chi-Minh-City-Saigon-Traffic-Drone-Ae_Media_-5N-Ab_9LhQ_001_1080p_frame_00104_jpg.rf.1ad922bed0e1ac931316354a1300e5e1.txt,YTSave_YouTube_Ho-Chi-Minh-City-Saigon-Traffic-Drone-Ae_Media_-5N-Ab_9LhQ_001_1080p,104,52.0,train,labeled,26,0:2;1:22;4:2,bbox:2;polygon:24,33e5ab8a82db3862f55172873cccd6a0d294eaf60c3c2f4ca54340abfdf494d1
1862881cb75446c7037e217c72e80f82a0f663e6a3c5ec60da28e1e64d23b5a5,train/images/YTSave_YouTube_Ho-Chi-Minh-City-Saigon-Traffic-Drone-Ae_Media_-5N-Ab_9LhQ_001_1080p_frame_00105_jpg.rf.7aec326ef9fcdc5253bd1bd53949979b.jpg,train/labels/YTSave_YouTube_Ho-Chi-Minh-City-Saigon-Traffic-Drone-Ae_Media_-5N-Ab_9LhQ_001_1080p_frame_00105_jpg.rf.7aec326ef9fcdc5253bd1bd53949979b.txt,YTSave_YouTube_Ho-Chi-Minh-City-Saigon-Traffic-Drone-Ae_Media_-5N-Ab_9LhQ_001_1080p,105,52.5,train,labeled,26,0:3;1:22;4:1,bbox:4;polygon:22,1862881cb75446c7037e217c72e80f82a0f663e6a3c5ec60da28e1e64d23b5a5
51625374f699507c3689a7a2fe6cfec037dd7a57ea8163959d7cb0a2f7508ac7,train/images/YTSave_YouTube_Ho-Chi-Minh-City-Saigon-Traffic-Drone-Ae_Media_-5N-Ab_9LhQ_001_1080p_frame_00106_jpg.rf.98f4926223a11cf7982d27080674a736.jpg,train/labels/YTSave_YouTube_Ho-Chi-Minh-City-Saigon-Traffic-Drone-Ae_Media_-5N-Ab_9LhQ_001_1080p_frame_00106_jpg.rf.98f4926223a11cf7982d27080674a736.txt,YTSave_YouTube_Ho-Chi-Minh-City-Saigon-Traffic-Drone-Ae_Media_-5N-Ab_9LhQ_001_1080p,106,53.0,train,labeled,29,0:2;1:24;4:3,bbox:6;polygon:23,51625374f699507c3689a7a2fe6cfec037dd7a57ea8163959d7cb0a2f7508ac7
3babf49280952867d69eacb0fb88c41a02dec30eb8e1bdce720c19c7f0383a93,train/images/YTSave_YouTube_Ho-Chi-Minh-City-Saigon-Traffic-Drone-Ae_Media_-5N-Ab_9LhQ_001_1080p_frame_00107_jpg.rf.62e441407612422d624132aec47e5c14.jpg,train/labels/YTSave_YouTube_Ho-Chi-Minh-City-Saigon-Traffic-Drone-Ae_Media_-5N-Ab_9LhQ_001_1080p_frame_00107_jpg.rf.62e441407612422d624132aec47e5c14.txt,YTSave_YouTube_Ho-Chi-Minh-City-Saigon-Traffic-Drone-Ae_Media_-5N-Ab_9LhQ_001_1080p,107,53.5,train,labeled,27,0:4;1:22;4:1,bbox:7;polygon:20,3babf49280952867d69eacb0fb88c41a02dec30eb8e1bdce720c19c7f0383a93
da2e11c860e370588e6f1c7a5271d8423aba3afffd9c52b960564be23f2b6c45,train/images/YTSave_YouTube_Ho-Chi-Minh-City-Saigon-Traffic-Drone-Ae_Media_-5N-Ab_9LhQ_001_1080p_frame_00108_jpg.rf.eb44275db09c4bc68d8e12b7c44b58aa.jpg,train/labels/YTSave_YouTube_Ho-Chi-Minh-City-Saigon-Traffic-Drone-Ae_Media_-5N-Ab_9LhQ_001_1080p_frame_00108_jpg.rf.eb44275db09c4bc68d8e12b7c44b58aa.txt,YTSave_YouTube_Ho-Chi-Minh-City-Saigon-Traffic-Drone-Ae_Media_-5N-Ab_9LhQ_001_1080p,108,54.0,train,labeled,29,0:3;1:23;4:3,bbox:3;polygon:26,da2e11c860e370588e6f1c7a5271d8423aba3afffd9c52b960564be23f2b6c45
345aae1473aa488efea9240f508a674264a38bb555630c4f2d1decf035864c22,train/images/YTSave_YouTube_Ho-Chi-Minh-City-Saigon-Traffic-Drone-Ae_Media_-5N-Ab_9LhQ_001_1080p_frame_00109_jpg.rf.a4373a6593575fcb8348092c69512e94.jpg,train/labels/YTSave_YouTube_Ho-Chi-Minh-City-Saigon-Traffic-Drone-Ae_Media_-5N-Ab_9LhQ_001_1080p_frame_00109_jpg.rf.a4373a6593575fcb8348092c69512e94.txt,YTSave_YouTube_Ho-Chi-Minh-City-Saigon-Traffic-Drone-Ae_Media_-5N-Ab_9LhQ_001_1080p,109,54.5,train,labeled,28,0:3;1:21;4:4,bbox:5;polygon:23,345aae1473aa488efea9240f508a674264a38bb555630c4f2d1decf035864c22
7898521beed5742a3305c0b8bdbd5ef4cff4182e043230f59a8908fc40211c8b,valid/images/DJI_20250516071323_0341_D_frame_00006_jpg.rf.33e69c16ba906fda1b24ea9565da7b5f.jpg,valid/labels/DJI_20250516071323_0341_D_frame_00006_jpg.rf.33e69c16ba906fda1b24ea9565da7b5f.txt,DJI_20250516071323_0341_D,6,3.0,validation,labeled,88,1:15;2:23;3:48;4:2,bbox:9;polygon:79,7898521beed5742a3305c0b8bdbd5ef4cff4182e043230f59a8908fc40211c8b
8dfc4a71345be03f553d4684ce9fab9905e1592249e1fbf35a778cd32206965b,valid/images/DJI_20250516071323_0341_D_frame_00007_jpg.rf.bf972aa84fd20f7b824acd5d78b4894e.jpg,valid/labels/DJI_20250516071323_0341_D_frame_00007_jpg.rf.bf972aa84fd20f7b824acd5d78b4894e.txt,DJI_20250516071323_0341_D,7,3.5,validation,labeled,83,1:16;2:21;3:45;4:1,bbox:7;polygon:76,8dfc4a71345be03f553d4684ce9fab9905e1592249e1fbf35a778cd32206965b
56f930ca9de89b1175e1df7dfafffac111575ffd95f477332461df933a015f5d,valid/images/DJI_20250516071323_0341_D_frame_00008_jpg.rf.3977424f2825dc58e8bf66d649db00b4.jpg,valid/labels/DJI_20250516071323_0341_D_frame_00008_jpg.rf.3977424f2825dc58e8bf66d649db00b4.txt,DJI_20250516071323_0341_D,8,4.0,validation,labeled,79,1:18;2:15;3:45;4:1,bbox:4;polygon:75,56f930ca9de89b1175e1df7dfafffac111575ffd95f477332461df933a015f5d
b6dccee6bf5ed6ec3916a34a991e37b6f9304c1df317f65ad4451a5d286dd15b,valid/images/DJI_20250516071323_0341_D_frame_00017_jpg.rf.8b654dc97a1e6981c3823c995f64be95.jpg,valid/labels/DJI_20250516071323_0341_D_frame_00017_jpg.rf.8b654dc97a1e6981c3823c995f64be95.txt,DJI_20250516071323_0341_D,17,8.5,validation,labeled,93,1:17;2:27;3:48;4:1,bbox:5;polygon:88,b6dccee6bf5ed6ec3916a34a991e37b6f9304c1df317f65ad4451a5d286dd15b
7146a71cb0bf0c463b1690d0939fc32efaafcd48b17c4cb1f3f94299cb4c4221,valid/images/DJI_20250516071323_0341_D_frame_00020_jpg.rf.9e70d8f329c1bca8f7de8766d1ab2c91.jpg,valid/labels/DJI_20250516071323_0341_D_frame_00020_jpg.rf.9e70d8f329c1bca8f7de8766d1ab2c91.txt,DJI_20250516071323_0341_D,20,10.0,validation,labeled,94,1:15;2:28;3:50;4:1,bbox:2;polygon:92,7146a71cb0bf0c463b1690d0939fc32efaafcd48b17c4cb1f3f94299cb4c4221
cff0b207ff06f92ea28d26aac949aa3a3abac2f71653d08b4ac639572115d83a,valid/images/DJI_20250516071323_0341_D_frame_00021_jpg.rf.e9cdc567aaa61a0e8f2df7cb4928871c.jpg,valid/labels/DJI_20250516071323_0341_D_frame_00021_jpg.rf.e9cdc567aaa61a0e8f2df7cb4928871c.txt,DJI_20250516071323_0341_D,21,10.5,validation,labeled,84,1:14;2:22;3:46;4:2,bbox:10;polygon:74,cff0b207ff06f92ea28d26aac949aa3a3abac2f71653d08b4ac639572115d83a
627136142137573ad568b9f920dac8281825cc7db1a0a10aac503ee0a328417e,valid/images/DJI_20250516071323_0341_D_frame_00023_jpg.rf.12e6cf34658eb6b2de9a2c7c18754f9b.jpg,valid/labels/DJI_20250516071323_0341_D_frame_00023_jpg.rf.12e6cf34658eb6b2de9a2c7c18754f9b.txt,DJI_20250516071323_0341_D,23,11.5,validation,labeled,87,1:16;2:20;3:51,bbox:9;polygon:78,627136142137573ad568b9f920dac8281825cc7db1a0a10aac503ee0a328417e
09fb99c9489a00e7b46fd42d27f490b5ec75b3c873cb08a15ac2846f59e137f6,valid/images/DJI_20250516071323_0341_D_frame_00025_jpg.rf.787f2f5097d3fe8229661846d15f3ac5.jpg,valid/labels/DJI_20250516071323_0341_D_frame_00025_jpg.rf.787f2f5097d3fe8229661846d15f3ac5.txt,DJI_20250516071323_0341_D,25,12.5,validation,labeled,85,1:19;2:15;3:51,bbox:9;polygon:76,09fb99c9489a00e7b46fd42d27f490b5ec75b3c873cb08a15ac2846f59e137f6
123ffca4a06928c0283aca7f7f773121c94309892ed0f20bd377a76388d1a84c,valid/images/DJI_20250516071323_0341_D_frame_00027_jpg.rf.26a953e08c65bc4d75e45d9a4cc055ee.jpg,valid/labels/DJI_20250516071323_0341_D_frame_00027_jpg.rf.26a953e08c65bc4d75e45d9a4cc055ee.txt,DJI_20250516071323_0341_D,27,13.5,validation,labeled,79,1:17;2:14;3:48,bbox:5;polygon:74,123ffca4a06928c0283aca7f7f773121c94309892ed0f20bd377a76388d1a84c
11f356e01362fb780026db4f4c7115066351bd3809da35803528b25c48c3a5d4,valid/images/DJI_20250516071323_0341_D_frame_00031_jpg.rf.374a2803d7a36661b226227b57af9470.jpg,valid/labels/DJI_20250516071323_0341_D_frame_00031_jpg.rf.374a2803d7a36661b226227b57af9470.txt,DJI_20250516071323_0341_D,31,15.5,validation,labeled,74,1:14;2:14;3:46,bbox:3;polygon:71,11f356e01362fb780026db4f4c7115066351bd3809da35803528b25c48c3a5d4
58fe33254ad6f6af9ae78e6b8e6cf73775276cd20a9d53d224d8434d75c4a377,valid/images/DJI_20250516071323_0341_D_frame_00035_jpg.rf.b1c1ab995783cbcc58e254ab8856fdb5.jpg,valid/labels/DJI_20250516071323_0341_D_frame_00035_jpg.rf.b1c1ab995783cbcc58e254ab8856fdb5.txt,DJI_20250516071323_0341_D,35,17.5,validation,labeled,78,1:20;2:12;3:46,bbox:3;polygon:75,58fe33254ad6f6af9ae78e6b8e6cf73775276cd20a9d53d224d8434d75c4a377
987bdbff7e242b6aca34c0bb22983c071ff72fcf5a94533094a4797e7b42555c,valid/images/DJI_20250516071323_0341_D_frame_00038_jpg.rf.a9bba10c0bcc94cd4d7d4b77cea9713e.jpg,valid/labels/DJI_20250516071323_0341_D_frame_00038_jpg.rf.a9bba10c0bcc94cd4d7d4b77cea9713e.txt,DJI_20250516071323_0341_D,38,19.0,validation,labeled,79,1:20;2:11;3:48,bbox:4;polygon:75,987bdbff7e242b6aca34c0bb22983c071ff72fcf5a94533094a4797e7b42555c
7554c20e57dfb4281e277a39f376a27d28465a291f02db9ee1ffa184045a3297,valid/images/DJI_20250516071323_0341_D_frame_00039_jpg.rf.203e09bb314249000a3dd40b7c779d15.jpg,valid/labels/DJI_20250516071323_0341_D_frame_00039_jpg.rf.203e09bb314249000a3dd40b7c779d15.txt,DJI_20250516071323_0341_D,39,19.5,validation,labeled,77,1:16;2:11;3:49;4:1,bbox:4;polygon:73,7554c20e57dfb4281e277a39f376a27d28465a291f02db9ee1ffa184045a3297
f9f930d4e4b506a8f52e24705f837f43dd6692efe0a81e86f5feece77bda1a4a,valid/images/DJI_20250516071323_0341_D_frame_00051_jpg.rf.3fbbaa1e784335d9409ed3b3ad5bd65d.jpg,valid/labels/DJI_20250516071323_0341_D_frame_00051_jpg.rf.3fbbaa1e784335d9409ed3b3ad5bd65d.txt,DJI_20250516071323_0341_D,51,25.5,validation,labeled,66,0:1;1:9;2:4;3:49;4:3,bbox:3;polygon:63,f9f930d4e4b506a8f52e24705f837f43dd6692efe0a81e86f5feece77bda1a4a
39dd5d5fc03b5853aae2223ba5f1b24516778523cc3172e0fb3e08e176e5535d,valid/images/DJI_20250516071323_0341_D_frame_00054_jpg.rf.c25cd8679b962096d0390b925e3978ae.jpg,valid/labels/DJI_20250516071323_0341_D_frame_00054_jpg.rf.c25cd8679b962096d0390b925e3978ae.txt,DJI_20250516071323_0341_D,54,27.0,validation,labeled,62,1:5;2:4;3:48;4:5,bbox:4;polygon:58,39dd5d5fc03b5853aae2223ba5f1b24516778523cc3172e0fb3e08e176e5535d
fdc32b80b5d02028e5270955bb630d52236cb5e65f4c4111b43ca390525f6331,valid/images/traffic_jam_frame_00006_jpg.rf.c5ee126735c0a80e9a8156821603c0a3.jpg,valid/labels/traffic_jam_frame_00006_jpg.rf.c5ee126735c0a80e9a8156821603c0a3.txt,traffic_jam,6,3.0,validation,labeled,121,0:10;1:67;2:40;4:4,bbox:11;polygon:110,fdc32b80b5d02028e5270955bb630d52236cb5e65f4c4111b43ca390525f6331
231826fcb0d626e6d7f14024ce38122d46528f9a977dfe542a4b9a3e69cecd37,valid/images/traffic_jam_frame_00013_jpg.rf.255c05ce237ee0759f89696545d04aa9.jpg,valid/labels/traffic_jam_frame_00013_jpg.rf.255c05ce237ee0759f89696545d04aa9.txt,traffic_jam,13,6.5,validation,labeled,117,0:11;1:70;2:35;4:1,bbox:6;polygon:111,231826fcb0d626e6d7f14024ce38122d46528f9a977dfe542a4b9a3e69cecd37
c7a3746b14402ade1d749ca0812637e5869e018fceb91913c4b26fbbd3f9e16d,valid/images/traffic_jam_frame_00014_jpg.rf.f8566448cc658b8c12f6cb943729610f.jpg,valid/labels/traffic_jam_frame_00014_jpg.rf.f8566448cc658b8c12f6cb943729610f.txt,traffic_jam,14,7.0,validation,labeled,127,0:12;1:72;2:41;4:2,bbox:4;polygon:123,c7a3746b14402ade1d749ca0812637e5869e018fceb91913c4b26fbbd3f9e16d
20b3b7bb3d247fcb3e0018526d44b8140516a7f1fdf233f080cbb5e7ada4c8c2,valid/images/traffic_jam_frame_00017_jpg.rf.8c2c37ea67ce2fce8448b5c78698bf32.jpg,valid/labels/traffic_jam_frame_00017_jpg.rf.8c2c37ea67ce2fce8448b5c78698bf32.txt,traffic_jam,17,8.5,validation,labeled,125,0:11;1:73;2:38;4:3,bbox:8;polygon:117,20b3b7bb3d247fcb3e0018526d44b8140516a7f1fdf233f080cbb5e7ada4c8c2
20828b8a1a12df662b458dea22afdae5d3ed4da4cfc4f44deea9e7b86ebea1d2,valid/images/traffic_jam_frame_00020_jpg.rf.c8a5323747356164afaeadc1bfbf184d.jpg,valid/labels/traffic_jam_frame_00020_jpg.rf.c8a5323747356164afaeadc1bfbf184d.txt,traffic_jam,20,10.0,validation,labeled,125,0:12;1:69;2:41;4:3,bbox:7;polygon:118,20828b8a1a12df662b458dea22afdae5d3ed4da4cfc4f44deea9e7b86ebea1d2
b426e9d9dd7ee7022a62936edf68573b081ccfc7ff5f9fcf0201eeeb4fe83327,valid/images/traffic_jam_frame_00021_jpg.rf.043d0b6e76f9df5929808953ec8c2be1.jpg,valid/labels/traffic_jam_frame_00021_jpg.rf.043d0b6e76f9df5929808953ec8c2be1.txt,traffic_jam,21,10.5,validation,labeled,114,0:10;1:68;2:32;4:4,bbox:6;polygon:108,b426e9d9dd7ee7022a62936edf68573b081ccfc7ff5f9fcf0201eeeb4fe83327
f5bc933a4fcd3d79cf2908dc0898e920b86b7a1c02345c13b7c28972580e07f0,valid/images/traffic_normal_frame_00001_jpg.rf.b9f7a854111a25541281f458e9e7955f.jpg,valid/labels/traffic_normal_frame_00001_jpg.rf.b9f7a854111a25541281f458e9e7955f.txt,traffic_normal,1,0.5,validation,labeled,100,1:26;2:42;4:32,bbox:15;polygon:85,f5bc933a4fcd3d79cf2908dc0898e920b86b7a1c02345c13b7c28972580e07f0
ecc1186e526dccc02f68b098ce2cc73b6d8d1bd7f7b3cbb434af03d5300be54f,valid/images/traffic_normal_frame_00002_jpg.rf.410786bb2e8e0d4954dbeaa4eea59710.jpg,valid/labels/traffic_normal_frame_00002_jpg.rf.410786bb2e8e0d4954dbeaa4eea59710.txt,traffic_normal,2,1.0,validation,labeled,104,0:6;1:21;2:42;4:35,bbox:15;polygon:89,ecc1186e526dccc02f68b098ce2cc73b6d8d1bd7f7b3cbb434af03d5300be54f
2ed67b68bfe7a8f2b9cdd3685cfaccbb6b369ddda75708fd076ca3590338b5e7,valid/images/traffic_normal_frame_00007_jpg.rf.38b21a52784b4ed7f7c6568c01e8806a.jpg,valid/labels/traffic_normal_frame_00007_jpg.rf.38b21a52784b4ed7f7c6568c01e8806a.txt,traffic_normal,7,3.5,validation,labeled,110,1:29;2:43;4:38,bbox:9;polygon:101,2ed67b68bfe7a8f2b9cdd3685cfaccbb6b369ddda75708fd076ca3590338b5e7
5169b2397f257827d8e9fff7308edcf936b938149a0bc31b71374a86d50a477b,valid/images/traffic_normal_frame_00010_jpg.rf.0472f0231990a12f7bcab64ce16c2aa6.jpg,valid/labels/traffic_normal_frame_00010_jpg.rf.0472f0231990a12f7bcab64ce16c2aa6.txt,traffic_normal,10,5.0,validation,labeled,118,1:27;2:52;4:39,bbox:17;polygon:101,5169b2397f257827d8e9fff7308edcf936b938149a0bc31b71374a86d50a477b
08f0663515ab94beee275147a57674906506b27be25e9c3a266df269864331dd,valid/images/traffic_normal_frame_00013_jpg.rf.c03a2f99391c52e0a2544e701f4911b8.jpg,valid/labels/traffic_normal_frame_00013_jpg.rf.c03a2f99391c52e0a2544e701f4911b8.txt,traffic_normal,13,6.5,validation,labeled,120,0:3;1:28;2:48;4:41,bbox:21;polygon:99,08f0663515ab94beee275147a57674906506b27be25e9c3a266df269864331dd
b69e9872a894ab485271c0e89492da22151727afbde00dd13cffa5f5d8f8a929,valid/images/traffic_normal_frame_00016_jpg.rf.b6e78d122ab36a7bfceb6d1cd80d2a57.jpg,valid/labels/traffic_normal_frame_00016_jpg.rf.b6e78d122ab36a7bfceb6d1cd80d2a57.txt,traffic_normal,16,8.0,validation,labeled,124,0:1;1:28;2:50;4:45,bbox:15;polygon:109,b69e9872a894ab485271c0e89492da22151727afbde00dd13cffa5f5d8f8a929
e51329cbe9e87f2137cb96c2e2dc9c9f0c953fc56b27c4fb141459ded864a075,valid/images/traffic_normal_frame_00023_jpg.rf.cf76f2e2f167cc17c9273a1d7321f3f3.jpg,valid/labels/traffic_normal_frame_00023_jpg.rf.cf76f2e2f167cc17c9273a1d7321f3f3.txt,traffic_normal,23,11.5,validation,labeled,112,0:1;1:30;2:37;3:1;4:43,bbox:14;polygon:98,e51329cbe9e87f2137cb96c2e2dc9c9f0c953fc56b27c4fb141459ded864a075
3daaa9297c23c7612166d0a17bf733994a3ec83169782a8d31d7b4123f8acc37,valid/images/traffic_normal_frame_00028_jpg.rf.424df5cf7d1e657d2fdf0e880a187397.jpg,valid/labels/traffic_normal_frame_00028_jpg.rf.424df5cf7d1e657d2fdf0e880a187397.txt,traffic_normal,28,14.0,validation,labeled,104,0:1;1:25;2:30;3:1;4:47,bbox:16;polygon:88,3daaa9297c23c7612166d0a17bf733994a3ec83169782a8d31d7b4123f8acc37
7557b95055b9fc30c0b87f404a477bfc18f5c8b963fca52fe08ea9b342e1f426,valid/images/traffic_normal_frame_00035_jpg.rf.5989041c741e1687f256cb276bf32246.jpg,valid/labels/traffic_normal_frame_00035_jpg.rf.5989041c741e1687f256cb276bf32246.txt,traffic_normal,35,17.5,validation,labeled,74,1:19;2:10;3:1;4:44,bbox:13;polygon:61,7557b95055b9fc30c0b87f404a477bfc18f5c8b963fca52fe08ea9b342e1f426
25874222c5e68e6a3316e5725a0cdf55e578e2594f93e0e513d1c2ff42690b53,valid/images/traffic_normal_frame_00046_jpg.rf.007327941ca76c9fe52c2f5b2034e541.jpg,valid/labels/traffic_normal_frame_00046_jpg.rf.007327941ca76c9fe52c2f5b2034e541.txt,traffic_normal,46,23.0,validation,labeled,63,0:2;1:23;2:3;3:1;4:34,bbox:11;polygon:52,25874222c5e68e6a3316e5725a0cdf55e578e2594f93e0e513d1c2ff42690b53
737384ba59b06bc1834eff1263eb899006be2ea6f8dcb6e795de5357c6de219a,valid/images/traffic_normal_frame_00049_jpg.rf.3953b0bf55564238400b26cad2f2bca9.jpg,valid/labels/traffic_normal_frame_00049_jpg.rf.3953b0bf55564238400b26cad2f2bca9.txt,traffic_normal,49,24.5,validation,labeled,67,1:22;2:5;4:40,bbox:9;polygon:58,737384ba59b06bc1834eff1263eb899006be2ea6f8dcb6e795de5357c6de219a
fdc7b7dd66c82da7b6d2d0842a74ce5021998017fad2fde9c1c8f235415a9eff,valid/images/traffic_normal_frame_00058_jpg.rf.b66399fc620428419e567ba5fd66dc09.jpg,valid/labels/traffic_normal_frame_00058_jpg.rf.b66399fc620428419e567ba5fd66dc09.txt,traffic_normal,58,29.0,validation,labeled,80,1:29;2:9;4:42,bbox:3;polygon:77,fdc7b7dd66c82da7b6d2d0842a74ce5021998017fad2fde9c1c8f235415a9eff
96cf0b7a6b9ba4bbf0696eb6f5888bea60c07ccb03aab9dacb4dcd5b9d6b3a08,valid/images/traffic_normal_frame_00061_jpg.rf.3239f5cc1ad63130005c1cfbe272d30d.jpg,valid/labels/traffic_normal_frame_00061_jpg.rf.3239f5cc1ad63130005c1cfbe272d30d.txt,traffic_normal,61,30.5,validation,labeled,76,1:21;2:9;4:46,bbox:9;polygon:67,96cf0b7a6b9ba4bbf0696eb6f5888bea60c07ccb03aab9dacb4dcd5b9d6b3a08
a9cdb9eed368dddfeca6f73d2469d8b86d0e1201525b9c24e5a52c8ef6421005,valid/images/traffic_normal_frame_00067_jpg.rf.16822701060c4b4ae2e6268a7c3cc9d4.jpg,valid/labels/traffic_normal_frame_00067_jpg.rf.16822701060c4b4ae2e6268a7c3cc9d4.txt,traffic_normal,67,33.5,validation,labeled,55,1:11;2:5;4:39,bbox:7;polygon:48,a9cdb9eed368dddfeca6f73d2469d8b86d0e1201525b9c24e5a52c8ef6421005
bfe68bdd24077473064614721aef073d8aeddc248f46ac2cc9b1b4975dcefa3b,valid/images/traffic_normal_frame_00076_jpg.rf.4a64d4924ef21cdd3b99eebe16486ceb.jpg,valid/labels/traffic_normal_frame_00076_jpg.rf.4a64d4924ef21cdd3b99eebe16486ceb.txt,traffic_normal,76,38.0,validation,labeled,59,1:13;2:6;4:40,bbox:11;polygon:48,bfe68bdd24077473064614721aef073d8aeddc248f46ac2cc9b1b4975dcefa3b
af5ba3fee4a74f5d2fb71bbc08233248224416134138054b15c4d33e02296ef7,valid/images/vid3_frame_00004_jpg.rf.077c0417c481a3ad20e607fd39722772.jpg,valid/labels/vid3_frame_00004_jpg.rf.077c0417c481a3ad20e607fd39722772.txt,vid3,4,2.0,validation,labeled,55,0:17;1:17;2:20;3:1,bbox:3;polygon:52,af5ba3fee4a74f5d2fb71bbc08233248224416134138054b15c4d33e02296ef7
f271f8f07e1936ec80892e16ae70d45ae60bf8736415f2f90965de3067ecf4ba,valid/images/vid3_frame_00007_jpg.rf.48779f2f6f026a197fe821abfb105372.jpg,valid/labels/vid3_frame_00007_jpg.rf.48779f2f6f026a197fe821abfb105372.txt,vid3,7,3.5,validation,labeled,50,0:14;1:16;2:17;3:2;4:1,bbox:3;polygon:47,f271f8f07e1936ec80892e16ae70d45ae60bf8736415f2f90965de3067ecf4ba
0ba990330a177a32dc6f1a868fdc7df7c355478d0c475b4599a428119d3310a2,valid/images/vid3_frame_00012_jpg.rf.add66bd66dd4f87303d5b1cad1fef491.jpg,valid/labels/vid3_frame_00012_jpg.rf.add66bd66dd4f87303d5b1cad1fef491.txt,vid3,12,6.0,validation,labeled,69,0:19;1:19;2:29;3:1;4:1,bbox:9;polygon:60,0ba990330a177a32dc6f1a868fdc7df7c355478d0c475b4599a428119d3310a2
24f61a6eec6c1d14cbf205ee36db4d94c3eceaf6535307170b253e15fdf68058,valid/images/vid3_frame_00013_jpg.rf.50979458da876c88e1f34a3c09ae8064.jpg,valid/labels/vid3_frame_00013_jpg.rf.50979458da876c88e1f34a3c09ae8064.txt,vid3,13,6.5,validation,labeled,67,0:19;1:19;2:28;3:1,bbox:6;polygon:61,24f61a6eec6c1d14cbf205ee36db4d94c3eceaf6535307170b253e15fdf68058
f5daf08119611dceaf930d7f7801e52ae149ba747f41ac0533b43395017ab3f3,valid/images/vid3_frame_00016_jpg.rf.44ed278a085511d073f9c4f2d4c7c191.jpg,valid/labels/vid3_frame_00016_jpg.rf.44ed278a085511d073f9c4f2d4c7c191.txt,vid3,16,8.0,validation,labeled,58,0:15;1:18;2:23;3:2,bbox:6;polygon:52,f5daf08119611dceaf930d7f7801e52ae149ba747f41ac0533b43395017ab3f3
732f166b37948ec46b37c7244596050b34dbdb2eb300f2f71124d0e31fd3df6e,valid/images/vid3_frame_00017_jpg.rf.f1b844210a380f9aceb3f8ad4ea28bb3.jpg,valid/labels/vid3_frame_00017_jpg.rf.f1b844210a380f9aceb3f8ad4ea28bb3.txt,vid3,17,8.5,validation,labeled,57,0:13;1:20;2:17;3:2;4:5,bbox:6;polygon:51,732f166b37948ec46b37c7244596050b34dbdb2eb300f2f71124d0e31fd3df6e
a48e617e55cf5280b5d59aec6cfe83b88fdf8b9338556a1768f928af72174fe3,valid/images/vid3_frame_00024_jpg.rf.e32c8842eca9f15f246077cfa0df7228.jpg,valid/labels/vid3_frame_00024_jpg.rf.e32c8842eca9f15f246077cfa0df7228.txt,vid3,24,12.0,validation,labeled,70,0:13;1:31;2:23;4:3,bbox:10;polygon:60,a48e617e55cf5280b5d59aec6cfe83b88fdf8b9338556a1768f928af72174fe3
cfbeb5e8edb09ed3ab324316ae473db2d2b4087f2e154d11aef767d4b6f3a109,valid/images/vid3_frame_00028_jpg.rf.70bd6a94ac010c2107a82cd9660f9628.jpg,valid/labels/vid3_frame_00028_jpg.rf.70bd6a94ac010c2107a82cd9660f9628.txt,vid3,28,14.0,validation,labeled,62,0:15;1:28;2:15;3:1;4:3,bbox:11;polygon:51,cfbeb5e8edb09ed3ab324316ae473db2d2b4087f2e154d11aef767d4b6f3a109
0aa66181ad1becb4debc64ff7e601bd95cfa30a6391b2d18672d215ceeb0af47,valid/images/vid4_frame_00003_jpg.rf.97578e86b5b4b081cd2a7ed9742c83c8.jpg,valid/labels/vid4_frame_00003_jpg.rf.97578e86b5b4b081cd2a7ed9742c83c8.txt,vid4,3,1.5,validation,labeled,34,1:6;2:12;3:15;4:1,bbox:2;polygon:32,0aa66181ad1becb4debc64ff7e601bd95cfa30a6391b2d18672d215ceeb0af47
9ab0ae5fa6e9e43fc5ab72cc9155cbdf1582e799b68ae9b2f6989991a7215aa4,valid/images/vid4_frame_00004_jpg.rf.514692b33c19e63111f8d5c3be100d31.jpg,valid/labels/vid4_frame_00004_jpg.rf.514692b33c19e63111f8d5c3be100d31.txt,vid4,4,2.0,validation,labeled,31,1:5;2:10;3:15;4:1,bbox:2;polygon:29,9ab0ae5fa6e9e43fc5ab72cc9155cbdf1582e799b68ae9b2f6989991a7215aa4
63a906be556e0f4b0cd722cd733080c9d7ea9b1eb99c27526a5ff538e445ef69,valid/images/vid4_frame_00005_jpg.rf.fcc04fb9f3cda64e8c85476fc040cde7.jpg,valid/labels/vid4_frame_00005_jpg.rf.fcc04fb9f3cda64e8c85476fc040cde7.txt,vid4,5,2.5,validation,labeled,30,1:4;2:10;3:15;4:1,bbox:2;polygon:28,63a906be556e0f4b0cd722cd733080c9d7ea9b1eb99c27526a5ff538e445ef69
d7054e4bcd72a89e3918972bfea8617617d863a76e00e6e380a700bfd3087d2b,valid/images/vid4_frame_00015_jpg.rf.162a59b2314094b292b905006d93be32.jpg,valid/labels/vid4_frame_00015_jpg.rf.162a59b2314094b292b905006d93be32.txt,vid4,15,7.5,validation,labeled,40,1:3;2:12;3:25,bbox:2;polygon:38,d7054e4bcd72a89e3918972bfea8617617d863a76e00e6e380a700bfd3087d2b
3358b7bc597a874cb5d9c3218ef9ea3403f9ab31e3b329864a9e285cc36354d1,valid/images/vid4_frame_00016_jpg.rf.2608f5131ad4de5efb80738857eb1bd1.jpg,valid/labels/vid4_frame_00016_jpg.rf.2608f5131ad4de5efb80738857eb1bd1.txt,vid4,16,8.0,validation,labeled,42,1:3;2:10;3:29,bbox:5;polygon:37,3358b7bc597a874cb5d9c3218ef9ea3403f9ab31e3b329864a9e285cc36354d1
9b643bf6f13e81cee7caa5972cc05ab82251330c531fb4cac37332b0692a0df9,valid/images/vid4_frame_00025_jpg.rf.06491cba69bfab7dc62da703d644b9b3.jpg,valid/labels/vid4_frame_00025_jpg.rf.06491cba69bfab7dc62da703d644b9b3.txt,vid4,25,12.5,validation,labeled,45,1:7;2:6;3:32,bbox:1;polygon:44,9b643bf6f13e81cee7caa5972cc05ab82251330c531fb4cac37332b0692a0df9
c95a2d13390cb35212bb1321ea73c914506db15614595c36ab71470540524a15,valid/images/vid4_frame_00029_jpg.rf.4a782593c98e5525cc1bdf6b5304c8c5.jpg,valid/labels/vid4_frame_00029_jpg.rf.4a782593c98e5525cc1bdf6b5304c8c5.txt,vid4,29,14.5,validation,labeled,54,1:8;2:6;3:40,bbox:3;polygon:51,c95a2d13390cb35212bb1321ea73c914506db15614595c36ab71470540524a15
fbdfd9e0860a9eb77bb7bb1b4a44f6c9b3646acd25f311911404809d54b0ad98,valid/images/vid4_frame_00034_jpg.rf.214acaec8ec7d4a4886c81bfd98990e6.jpg,valid/labels/vid4_frame_00034_jpg.rf.214acaec8ec7d4a4886c81bfd98990e6.txt,vid4,34,17.0,validation,labeled,57,1:6;2:7;3:42;4:2,bbox:2;polygon:55,fbdfd9e0860a9eb77bb7bb1b4a44f6c9b3646acd25f311911404809d54b0ad98
6c77a2001a545cc64c21049ae059cee15396f26d68a7a57226e09279ec6e6eff,valid/images/vid4_frame_00042_jpg.rf.461d462f1daf1f49414568b568a9bca8.jpg,valid/labels/vid4_frame_00042_jpg.rf.461d462f1daf1f49414568b568a9bca8.txt,vid4,42,21.0,validation,labeled,56,0:1;1:10;2:6;3:36;4:3,bbox:4;polygon:52,6c77a2001a545cc64c21049ae059cee15396f26d68a7a57226e09279ec6e6eff
78cffaf14be5f9c77f5600e0aa15922b6b26e8b102f05c163fdd116d21fbf30c,valid/images/vid4_frame_00046_jpg.rf.3d9719122d4db0d976e056cf967e2ad0.jpg,valid/labels/vid4_frame_00046_jpg.rf.3d9719122d4db0d976e056cf967e2ad0.txt,vid4,46,23.0,validation,labeled,60,1:12;2:8;3:38;4:2,bbox:2;polygon:58,78cffaf14be5f9c77f5600e0aa15922b6b26e8b102f05c163fdd116d21fbf30c
67a08aab9d7571dbab43cc840a7fde6438f4d67f9bf2766593d39580c2fe15c8,valid/images/vid4_frame_00049_jpg.rf.fedba9063e960daf4d067a1a1d299981.jpg,valid/labels/vid4_frame_00049_jpg.rf.fedba9063e960daf4d067a1a1d299981.txt,vid4,49,24.5,validation,labeled,54,1:10;2:9;3:34;4:1,bbox:3;polygon:51,67a08aab9d7571dbab43cc840a7fde6438f4d67f9bf2766593d39580c2fe15c8
b5510a1c0d3ab58bca8feae767b7cd1a0f2d9f7259b78e0d6dc9ff94a953cc56,valid/images/vid4_frame_00052_jpg.rf.9c5be140c2b93475e5e0ec9f0dec2894.jpg,valid/labels/vid4_frame_00052_jpg.rf.9c5be140c2b93475e5e0ec9f0dec2894.txt,vid4,52,26.0,validation,labeled,56,1:11;2:5;3:38;4:2,bbox:5;polygon:51,b5510a1c0d3ab58bca8feae767b7cd1a0f2d9f7259b78e0d6dc9ff94a953cc56
d543f2fc1e63d8fba98a10ab2a3e5facb45eb6b6319dbd6506e29cb01fec00f8,valid/images/vid4_frame_00056_jpg.rf.8d21d98a8491cf559f4e3c2f436a486e.jpg,valid/labels/vid4_frame_00056_jpg.rf.8d21d98a8491cf559f4e3c2f436a486e.txt,vid4,56,28.0,validation,labeled,54,1:12;2:5;3:34;4:3,bbox:1;polygon:53,d543f2fc1e63d8fba98a10ab2a3e5facb45eb6b6319dbd6506e29cb01fec00f8
0ebdb4fd42325031281827627366acc6f4b6f840b0725854d77f8605f7d9ed8d,valid/images/vid4_frame_00059_jpg.rf.7c342fd668ea064d4a1cef3be646667d.jpg,valid/labels/vid4_frame_00059_jpg.rf.7c342fd668ea064d4a1cef3be646667d.txt,vid4,59,29.5,validation,labeled,62,1:15;2:4;3:38;4:5,bbox:2;polygon:60,0ebdb4fd42325031281827627366acc6f4b6f840b0725854d77f8605f7d9ed8d
7db5a89fda6c855aa3f7b2078f4cf1d9668129692e098645e39ab1d50b58f320,valid/images/vid4_frame_00062_jpg.rf.6ace5aba48312a7733a5e62554eb7290.jpg,valid/labels/vid4_frame_00062_jpg.rf.6ace5aba48312a7733a5e62554eb7290.txt,vid4,62,31.0,validation,labeled,45,1:13;2:3;3:26;4:3,bbox:4;polygon:41,7db5a89fda6c855aa3f7b2078f4cf1d9668129692e098645e39ab1d50b58f320
bc324a6c3aa4e402221c9e1530be2522a119b0f2526098feabfe2d0563b724b3,valid/images/vid4_frame_00066_jpg.rf.dd7ef53253677ae75652ee9bb486ebb5.jpg,valid/labels/vid4_frame_00066_jpg.rf.dd7ef53253677ae75652ee9bb486ebb5.txt,vid4,66,33.0,validation,labeled,43,1:12;3:24;4:7,bbox:3;polygon:40,bc324a6c3aa4e402221c9e1530be2522a119b0f2526098feabfe2d0563b724b3
43ca624c238e72f3dcdedb7eaa9b820b4c81295d32dd17534658639927dc1504,valid/images/vid4_frame_00067_jpg.rf.3e7730498bddb31b9377df1af7673754.jpg,valid/labels/vid4_frame_00067_jpg.rf.3e7730498bddb31b9377df1af7673754.txt,vid4,67,33.5,validation,labeled,35,1:12;3:19;4:4,bbox:4;polygon:31,43ca624c238e72f3dcdedb7eaa9b820b4c81295d32dd17534658639927dc1504
dcb602804f1cf738b407e937a82114a579940c0f6fba44bd32cb39e9a9c8580c,valid/images/vid4_frame_00070_jpg.rf.b2c042c783dc41873117f4d4cf9f1ea1.jpg,valid/labels/vid4_frame_00070_jpg.rf.b2c042c783dc41873117f4d4cf9f1ea1.txt,vid4,70,35.0,validation,labeled,38,1:13;2:2;3:18;4:5,bbox:4;polygon:34,dcb602804f1cf738b407e937a82114a579940c0f6fba44bd32cb39e9a9c8580c
63eefb075b1a95be06ad3c1c915bce69ef6fa6dd8de12637fb5b8df4ad8f5497,valid/images/vid4_frame_00074_jpg.rf.c69dc2b0cd975633cc6f01f1dab0c5c7.jpg,valid/labels/vid4_frame_00074_jpg.rf.c69dc2b0cd975633cc6f01f1dab0c5c7.txt,vid4,74,37.0,validation,labeled,35,1:16;3:15;4:4,bbox:1;polygon:34,63eefb075b1a95be06ad3c1c915bce69ef6fa6dd8de12637fb5b8df4ad8f5497
b49b0f3009938254983b0ceab1c0b79ae1c62c588f215f552fcf1e47dfce890c,valid/images/vid4_frame_00082_jpg.rf.9d95226e2057a0f308598edc81141fbf.jpg,valid/labels/vid4_frame_00082_jpg.rf.9d95226e2057a0f308598edc81141fbf.txt,vid4,82,41.0,validation,labeled,37,1:18;2:2;3:10;4:7,bbox:2;polygon:35,b49b0f3009938254983b0ceab1c0b79ae1c62c588f215f552fcf1e47dfce890c
cdbc233091883a67fc90daeb93084e97ecfc319dd20203d2a819aa5f30e4bc5b,valid/images/vid4_frame_00090_jpg.rf.c48d5395b361f417fb0a442f6182e5c0.jpg,valid/labels/vid4_frame_00090_jpg.rf.c48d5395b361f417fb0a442f6182e5c0.txt,vid4,90,45.0,validation,labeled,21,1:17;4:4,bbox:1;polygon:20,cdbc233091883a67fc90daeb93084e97ecfc319dd20203d2a819aa5f30e4bc5b
ab17aa574183b1363d1fb6c0f12ccb8c9e8a69f1a1ff6d9483c60045d3346570,valid/images/vid4_frame_00099_jpg.rf.e0449f88058a1e1f46584292e906fcf1.jpg,valid/labels/vid4_frame_00099_jpg.rf.e0449f88058a1e1f46584292e906fcf1.txt,vid4,99,49.5,validation,labeled,17,1:13;3:1;4:3,bbox:3;polygon:14,ab17aa574183b1363d1fb6c0f12ccb8c9e8a69f1a1ff6d9483c60045d3346570
7907bb759519e8ee067517fe18d12c64e81c954b991ea4a3b6b6cdf027af2508,valid/images/vid4_frame_00106_jpg.rf.6f346de17945a7921ddca89a01395c43.jpg,valid/labels/vid4_frame_00106_jpg.rf.6f346de17945a7921ddca89a01395c43.txt,vid4,106,53.0,validation,labeled,16,1:13;4:3,bbox:1;polygon:15,7907bb759519e8ee067517fe18d12c64e81c954b991ea4a3b6b6cdf027af2508
2f0d3a8423cd132f049e7180e0260e816cc74900ab1beace62b60f03e67aa513,valid/images/vid4_frame_00113_jpg.rf.a5034fa45281e90c8c40a8d15c2e5e3f.jpg,valid/labels/vid4_frame_00113_jpg.rf.a5034fa45281e90c8c40a8d15c2e5e3f.txt,vid4,113,56.5,validation,labeled,7,1:6;4:1,polygon:7,2f0d3a8423cd132f049e7180e0260e816cc74900ab1beace62b60f03e67aa513
40dfed1bbc8843b993021111bd8e7e9fdb64324d96c58da3323859cc53f4b7f7,valid/images/vid4_frame_00122_jpg.rf.eadee2c6bfe523245c7f3a540d40b273.jpg,valid/labels/vid4_frame_00122_jpg.rf.eadee2c6bfe523245c7f3a540d40b273.txt,vid4,122,61.0,validation,labeled,5,1:5,bbox:1;polygon:4,40dfed1bbc8843b993021111bd8e7e9fdb64324d96c58da3323859cc53f4b7f7
62d8114c7172ca056a8d2115ac23701888d147d67ebfe96d3b5b8ae141a33218,valid/images/vid4_frame_00126_jpg.rf.cd4dd6e5f16d34e73bc1cc18588737c5.jpg,valid/labels/vid4_frame_00126_jpg.rf.cd4dd6e5f16d34e73bc1cc18588737c5.txt,vid4,126,63.0,validation,labeled,3,1:2;4:1,bbox:1;polygon:2,62d8114c7172ca056a8d2115ac23701888d147d67ebfe96d3b5b8ae141a33218
bd3b5d9eb72c4d39d1d9e274f7c794356e9475b359f26b3f8c6a1dbf4ef6ad09,valid/images/vid4_frame_00133_jpg.rf.6853f42f248160d03130c1a82d29c7bc.jpg,valid/labels/vid4_frame_00133_jpg.rf.6853f42f248160d03130c1a82d29c7bc.txt,vid4,133,66.5,validation,labeled,4,1:2;4:2,polygon:4,bd3b5d9eb72c4d39d1d9e274f7c794356e9475b359f26b3f8c6a1dbf4ef6ad09
b785c58a23d898485e85ab3a66d67c7caf255a90b744b20a132993714705195e,valid/images/vid4_frame_00134_jpg.rf.6bf539d9518fd6c3c17bd398cb5f73b4.jpg,valid/labels/vid4_frame_00134_jpg.rf.6bf539d9518fd6c3c17bd398cb5f73b4.txt,vid4,134,67.0,validation,labeled,4,1:4,polygon:4,b785c58a23d898485e85ab3a66d67c7caf255a90b744b20a132993714705195e
3bc4e109241f2a4635be64d25967ef6f352d528093b520948277c9541217488a,valid/images/YTDown-com_YouTube_Crazy-rush-hour-traffic-in-Saigon-Ho-Chi_Media_V8paX22Sgzg_001_1080p_frame_00002_jpg.rf.a29f78c7e0215b4d5e0cb80d273b72cc.jpg,valid/labels/YTDown-com_YouTube_Crazy-rush-hour-traffic-in-Saigon-Ho-Chi_Media_V8paX22Sgzg_001_1080p_frame_00002_jpg.rf.a29f78c7e0215b4d5e0cb80d273b72cc.txt,YTDown-com_YouTube_Crazy-rush-hour-traffic-in-Saigon-Ho-Chi_Media_V8paX22Sgzg_001_1080p,2,1.0,validation,labeled,53,0:1;1:5;2:47,polygon:53,3bc4e109241f2a4635be64d25967ef6f352d528093b520948277c9541217488a
b0a8779d634f85d5266c4ef995a6813626446d02543dc94ca8e12e53cd9430e1,valid/images/YTDown-com_YouTube_Crazy-rush-hour-traffic-in-Saigon-Ho-Chi_Media_V8paX22Sgzg_001_1080p_frame_00005_jpg.rf.7ca16dbdbbedca4d124c8b983a4b68b0.jpg,valid/labels/YTDown-com_YouTube_Crazy-rush-hour-traffic-in-Saigon-Ho-Chi_Media_V8paX22Sgzg_001_1080p_frame_00005_jpg.rf.7ca16dbdbbedca4d124c8b983a4b68b0.txt,YTDown-com_YouTube_Crazy-rush-hour-traffic-in-Saigon-Ho-Chi_Media_V8paX22Sgzg_001_1080p,5,2.5,validation,labeled,58,0:2;1:5;2:50;3:1,polygon:58,b0a8779d634f85d5266c4ef995a6813626446d02543dc94ca8e12e53cd9430e1
c5bd2a0a817556be1ec9244804e98677dd217c336d7b645f4e040dad12a625b5,valid/images/YTDown-com_YouTube_Crazy-rush-hour-traffic-in-Saigon-Ho-Chi_Media_V8paX22Sgzg_001_1080p_frame_00014_jpg.rf.da67be30f47cf3b8f798ba2b9f3b6664.jpg,valid/labels/YTDown-com_YouTube_Crazy-rush-hour-traffic-in-Saigon-Ho-Chi_Media_V8paX22Sgzg_001_1080p_frame_00014_jpg.rf.da67be30f47cf3b8f798ba2b9f3b6664.txt,YTDown-com_YouTube_Crazy-rush-hour-traffic-in-Saigon-Ho-Chi_Media_V8paX22Sgzg_001_1080p,14,7.0,validation,labeled,44,0:1;1:5;2:38,bbox:1;polygon:43,c5bd2a0a817556be1ec9244804e98677dd217c336d7b645f4e040dad12a625b5
c0182607f16551c54f9f46c6009ce76f6585b37ec0471860ac21d41b8032fe76,valid/images/YTDown-com_YouTube_Crazy-rush-hour-traffic-in-Saigon-Ho-Chi_Media_V8paX22Sgzg_001_1080p_frame_00016_jpg.rf.b9100376b5eea1d668b6f35184e1dbb4.jpg,valid/labels/YTDown-com_YouTube_Crazy-rush-hour-traffic-in-Saigon-Ho-Chi_Media_V8paX22Sgzg_001_1080p_frame_00016_jpg.rf.b9100376b5eea1d668b6f35184e1dbb4.txt,YTDown-com_YouTube_Crazy-rush-hour-traffic-in-Saigon-Ho-Chi_Media_V8paX22Sgzg_001_1080p,16,8.0,validation,labeled,52,0:1;1:9;2:41;3:1,bbox:4;polygon:48,c0182607f16551c54f9f46c6009ce76f6585b37ec0471860ac21d41b8032fe76
ac450a9e7a7e11080ed7d5d13ff2a8804831b3e9653fc1a3d38185239d0ce6fb,valid/images/YTDown-com_YouTube_Crazy-rush-hour-traffic-in-Saigon-Ho-Chi_Media_V8paX22Sgzg_001_1080p_frame_00018_jpg.rf.3bd8efa8d43ddd36d5df0a7dee0bb4ec.jpg,valid/labels/YTDown-com_YouTube_Crazy-rush-hour-traffic-in-Saigon-Ho-Chi_Media_V8paX22Sgzg_001_1080p_frame_00018_jpg.rf.3bd8efa8d43ddd36d5df0a7dee0bb4ec.txt,YTDown-com_YouTube_Crazy-rush-hour-traffic-in-Saigon-Ho-Chi_Media_V8paX22Sgzg_001_1080p,18,9.0,validation,labeled,46,0:1;1:10;2:33;3:2,polygon:46,ac450a9e7a7e11080ed7d5d13ff2a8804831b3e9653fc1a3d38185239d0ce6fb
cdeb5b12b19359bc730d572fd25218017ffab8798226e1b19ccb28fb8c06c593,valid/images/YTDown-com_YouTube_Crazy-rush-hour-traffic-in-Saigon-Ho-Chi_Media_V8paX22Sgzg_001_1080p_frame_00034_jpg.rf.154d41302e338d4d9a5e56f54309c37e.jpg,valid/labels/YTDown-com_YouTube_Crazy-rush-hour-traffic-in-Saigon-Ho-Chi_Media_V8paX22Sgzg_001_1080p_frame_00034_jpg.rf.154d41302e338d4d9a5e56f54309c37e.txt,YTDown-com_YouTube_Crazy-rush-hour-traffic-in-Saigon-Ho-Chi_Media_V8paX22Sgzg_001_1080p,34,17.0,validation,labeled,43,0:1;2:36;3:6,bbox:1;polygon:42,cdeb5b12b19359bc730d572fd25218017ffab8798226e1b19ccb28fb8c06c593
9703631efa468879c0052346e6a5cdde6154e29ea73dfc18aecb2236be362af0,valid/images/YTDown-com_YouTube_Crazy-rush-hour-traffic-in-Saigon-Ho-Chi_Media_V8paX22Sgzg_001_1080p_frame_00039_jpg.rf.b5d8a32b811a9b19c598b3b3415f262e.jpg,valid/labels/YTDown-com_YouTube_Crazy-rush-hour-traffic-in-Saigon-Ho-Chi_Media_V8paX22Sgzg_001_1080p_frame_00039_jpg.rf.b5d8a32b811a9b19c598b3b3415f262e.txt,YTDown-com_YouTube_Crazy-rush-hour-traffic-in-Saigon-Ho-Chi_Media_V8paX22Sgzg_001_1080p,39,19.5,validation,labeled,46,0:1;1:3;2:40;3:2,bbox:2;polygon:44,9703631efa468879c0052346e6a5cdde6154e29ea73dfc18aecb2236be362af0
b587177dc2054fd3093f596174e46a63cde732828633c2b8de83adde8787b598,valid/images/YTDown-com_YouTube_Crazy-rush-hour-traffic-in-Saigon-Ho-Chi_Media_V8paX22Sgzg_001_1080p_frame_00047_jpg.rf.c82c097988fbf919b7015b6daa757d98.jpg,valid/labels/YTDown-com_YouTube_Crazy-rush-hour-traffic-in-Saigon-Ho-Chi_Media_V8paX22Sgzg_001_1080p_frame_00047_jpg.rf.c82c097988fbf919b7015b6daa757d98.txt,YTDown-com_YouTube_Crazy-rush-hour-traffic-in-Saigon-Ho-Chi_Media_V8paX22Sgzg_001_1080p,47,23.5,validation,labeled,47,0:2;1:4;2:41,polygon:47,b587177dc2054fd3093f596174e46a63cde732828633c2b8de83adde8787b598
f1c640ec5ce09b4f71118d34791836ff422adae01a96f7abd8ed6f4b4acfa179,valid/images/YTDown-com_YouTube_Crazy-rush-hour-traffic-in-Saigon-Ho-Chi_Media_V8paX22Sgzg_001_1080p_frame_00054_jpg.rf.329b816db372f35b1852222e5fc5cea0.jpg,valid/labels/YTDown-com_YouTube_Crazy-rush-hour-traffic-in-Saigon-Ho-Chi_Media_V8paX22Sgzg_001_1080p_frame_00054_jpg.rf.329b816db372f35b1852222e5fc5cea0.txt,YTDown-com_YouTube_Crazy-rush-hour-traffic-in-Saigon-Ho-Chi_Media_V8paX22Sgzg_001_1080p,54,27.0,validation,labeled,42,0:3;1:5;2:34,polygon:42,f1c640ec5ce09b4f71118d34791836ff422adae01a96f7abd8ed6f4b4acfa179
9059812f3ee5095a7c5a02b29bc5f6c9ccf037db2a3ebfc39d36c0d6b74cf8f3,valid/images/YTDown-com_YouTube_Crazy-rush-hour-traffic-in-Saigon-Ho-Chi_Media_V8paX22Sgzg_001_1080p_frame_00062_jpg.rf.b7ed571b1321cebf20d654c28723f498.jpg,valid/labels/YTDown-com_YouTube_Crazy-rush-hour-traffic-in-Saigon-Ho-Chi_Media_V8paX22Sgzg_001_1080p_frame_00062_jpg.rf.b7ed571b1321cebf20d654c28723f498.txt,YTDown-com_YouTube_Crazy-rush-hour-traffic-in-Saigon-Ho-Chi_Media_V8paX22Sgzg_001_1080p,62,31.0,validation,labeled,37,0:2;1:4;2:30;3:1,bbox:2;polygon:35,9059812f3ee5095a7c5a02b29bc5f6c9ccf037db2a3ebfc39d36c0d6b74cf8f3
bdf881361544a8d9a48b6ed7b4e1d0b839a3b682e9b0359dc3ada117fa0cde2e,valid/images/YTDown-com_YouTube_Crazy-rush-hour-traffic-in-Saigon-Ho-Chi_Media_V8paX22Sgzg_001_1080p_frame_00068_jpg.rf.03297b96d5b8888a846adf838c064365.jpg,valid/labels/YTDown-com_YouTube_Crazy-rush-hour-traffic-in-Saigon-Ho-Chi_Media_V8paX22Sgzg_001_1080p_frame_00068_jpg.rf.03297b96d5b8888a846adf838c064365.txt,YTDown-com_YouTube_Crazy-rush-hour-traffic-in-Saigon-Ho-Chi_Media_V8paX22Sgzg_001_1080p,68,34.0,validation,labeled,30,0:3;1:10;2:16;3:1,polygon:30,bdf881361544a8d9a48b6ed7b4e1d0b839a3b682e9b0359dc3ada117fa0cde2e
629d3361e81d803ffa8c93da0e12cf3fb8fefbc8d7dd306fc43dd57c022f457f,valid/images/YTDown-com_YouTube_Crazy-rush-hour-traffic-in-Saigon-Ho-Chi_Media_V8paX22Sgzg_001_1080p_frame_00070_jpg.rf.da747748bafc44ac0c38f3962cd0170b.jpg,valid/labels/YTDown-com_YouTube_Crazy-rush-hour-traffic-in-Saigon-Ho-Chi_Media_V8paX22Sgzg_001_1080p_frame_00070_jpg.rf.da747748bafc44ac0c38f3962cd0170b.txt,YTDown-com_YouTube_Crazy-rush-hour-traffic-in-Saigon-Ho-Chi_Media_V8paX22Sgzg_001_1080p,70,35.0,validation,labeled,28,0:4;1:8;2:15;3:1,bbox:2;polygon:26,629d3361e81d803ffa8c93da0e12cf3fb8fefbc8d7dd306fc43dd57c022f457f
f6096a15e26c878f06f11c60c8331fe3a62b103c5a05a336f2353ccf72238191,valid/images/YTDown-com_YouTube_Crazy-yet-Organized-Traffic-in-Vietnam-H_Media_fm0cX7P6PSw_001_1080p_frame_00000_jpg.rf.6e88721bafc4a394891b894668f71908.jpg,valid/labels/YTDown-com_YouTube_Crazy-yet-Organized-Traffic-in-Vietnam-H_Media_fm0cX7P6PSw_001_1080p_frame_00000_jpg.rf.6e88721bafc4a394891b894668f71908.txt,YTDown-com_YouTube_Crazy-yet-Organized-Traffic-in-Vietnam-H_Media_fm0cX7P6PSw_001_1080p,0,0.0,validation,labeled,51,0:5;1:12;2:33;4:1,bbox:2;polygon:49,f6096a15e26c878f06f11c60c8331fe3a62b103c5a05a336f2353ccf72238191
f1bf51dcf3ba6a1a2a24116f6c02a205d7db44e3fa4bb47be5ecbee6815b96a9,valid/images/YTDown-com_YouTube_Crazy-yet-Organized-Traffic-in-Vietnam-H_Media_fm0cX7P6PSw_001_1080p_frame_00006_jpg.rf.f031e26bdd68b014d7c499e595ba7205.jpg,valid/labels/YTDown-com_YouTube_Crazy-yet-Organized-Traffic-in-Vietnam-H_Media_fm0cX7P6PSw_001_1080p_frame_00006_jpg.rf.f031e26bdd68b014d7c499e595ba7205.txt,YTDown-com_YouTube_Crazy-yet-Organized-Traffic-in-Vietnam-H_Media_fm0cX7P6PSw_001_1080p,6,3.0,validation,labeled,52,0:4;1:13;2:34;3:1,bbox:2;polygon:50,f1bf51dcf3ba6a1a2a24116f6c02a205d7db44e3fa4bb47be5ecbee6815b96a9
b422cdea2f85e46625ab1ceb05e976173cbcaac49506d5bccf6c630f433eea43,valid/images/YTDown-com_YouTube_Crazy-yet-Organized-Traffic-in-Vietnam-H_Media_fm0cX7P6PSw_001_1080p_frame_00009_jpg.rf.fd3fe815c60a374c319871727f748b87.jpg,valid/labels/YTDown-com_YouTube_Crazy-yet-Organized-Traffic-in-Vietnam-H_Media_fm0cX7P6PSw_001_1080p_frame_00009_jpg.rf.fd3fe815c60a374c319871727f748b87.txt,YTDown-com_YouTube_Crazy-yet-Organized-Traffic-in-Vietnam-H_Media_fm0cX7P6PSw_001_1080p,9,4.5,validation,labeled,50,0:4;1:11;2:34;3:1,bbox:2;polygon:48,b422cdea2f85e46625ab1ceb05e976173cbcaac49506d5bccf6c630f433eea43
f0a0f09f4cc1fb957e1a895ae842f8aa776daf568d2f2fd274e90e74d02a9a79,valid/images/YTDown-com_YouTube_Crazy-yet-Organized-Traffic-in-Vietnam-H_Media_fm0cX7P6PSw_001_1080p_frame_00024_jpg.rf.01d0b21429da225dc7f261ce34e57e57.jpg,valid/labels/YTDown-com_YouTube_Crazy-yet-Organized-Traffic-in-Vietnam-H_Media_fm0cX7P6PSw_001_1080p_frame_00024_jpg.rf.01d0b21429da225dc7f261ce34e57e57.txt,YTDown-com_YouTube_Crazy-yet-Organized-Traffic-in-Vietnam-H_Media_fm0cX7P6PSw_001_1080p,24,12.0,validation,labeled,50,0:5;1:10;2:35,bbox:2;polygon:48,f0a0f09f4cc1fb957e1a895ae842f8aa776daf568d2f2fd274e90e74d02a9a79
e3e58fe0d77305d610c0a542cd75e42162fea3e663c5e5b9fb7e15d1a7bcdcd0,valid/images/YTDown-com_YouTube_Crazy-yet-Organized-Traffic-in-Vietnam-H_Media_fm0cX7P6PSw_001_1080p_frame_00035_jpg.rf.e7106d3d59c80a4cd689fd3f272e7ac8.jpg,valid/labels/YTDown-com_YouTube_Crazy-yet-Organized-Traffic-in-Vietnam-H_Media_fm0cX7P6PSw_001_1080p_frame_00035_jpg.rf.e7106d3d59c80a4cd689fd3f272e7ac8.txt,YTDown-com_YouTube_Crazy-yet-Organized-Traffic-in-Vietnam-H_Media_fm0cX7P6PSw_001_1080p,35,17.5,validation,labeled,53,0:3;1:13;2:37,bbox:2;polygon:51,e3e58fe0d77305d610c0a542cd75e42162fea3e663c5e5b9fb7e15d1a7bcdcd0
19eb11bd8a832939fa9e17e2f1c3e354f91af7c22de043ba6e9791db1478f030,valid/images/YTDown-com_YouTube_Crazy-yet-Organized-Traffic-in-Vietnam-H_Media_fm0cX7P6PSw_001_1080p_frame_00039_jpg.rf.436aceca086468e78999d2aca9863eb2.jpg,valid/labels/YTDown-com_YouTube_Crazy-yet-Organized-Traffic-in-Vietnam-H_Media_fm0cX7P6PSw_001_1080p_frame_00039_jpg.rf.436aceca086468e78999d2aca9863eb2.txt,YTDown-com_YouTube_Crazy-yet-Organized-Traffic-in-Vietnam-H_Media_fm0cX7P6PSw_001_1080p,39,19.5,validation,labeled,53,0:3;1:14;2:36,bbox:2;polygon:51,19eb11bd8a832939fa9e17e2f1c3e354f91af7c22de043ba6e9791db1478f030
3996b08be68b1ec453411a657f0efca74b2ed42f72e5873b8e8d7349bce401ec,valid/images/YTDown-com_YouTube_Crazy-yet-Organized-Traffic-in-Vietnam-H_Media_fm0cX7P6PSw_001_1080p_frame_00041_jpg.rf.61174687bdf43349c0f58ffb5b53ae87.jpg,valid/labels/YTDown-com_YouTube_Crazy-yet-Organized-Traffic-in-Vietnam-H_Media_fm0cX7P6PSw_001_1080p_frame_00041_jpg.rf.61174687bdf43349c0f58ffb5b53ae87.txt,YTDown-com_YouTube_Crazy-yet-Organized-Traffic-in-Vietnam-H_Media_fm0cX7P6PSw_001_1080p,41,20.5,validation,labeled,49,0:3;1:13;2:33,bbox:4;polygon:45,3996b08be68b1ec453411a657f0efca74b2ed42f72e5873b8e8d7349bce401ec
d410fb93adf6457793224f0323523363df6aef4627a5a85bfd0c5f14c21b97d4,valid/images/YTDown-com_YouTube_Crazy-yet-Organized-Traffic-in-Vietnam-H_Media_fm0cX7P6PSw_001_1080p_frame_00042_jpg.rf.0185fdfb2bc4af0e720bd7c18ea8c27f.jpg,valid/labels/YTDown-com_YouTube_Crazy-yet-Organized-Traffic-in-Vietnam-H_Media_fm0cX7P6PSw_001_1080p_frame_00042_jpg.rf.0185fdfb2bc4af0e720bd7c18ea8c27f.txt,YTDown-com_YouTube_Crazy-yet-Organized-Traffic-in-Vietnam-H_Media_fm0cX7P6PSw_001_1080p,42,21.0,validation,labeled,54,0:3;1:12;2:39,bbox:3;polygon:51,d410fb93adf6457793224f0323523363df6aef4627a5a85bfd0c5f14c21b97d4
b745f64c9fd3fcbae3aba212bbb9622cd11c416d4dde6f8cf4439c57e11aa5a6,valid/images/YTDown-com_YouTube_Crazy-yet-Organized-Traffic-in-Vietnam-H_Media_fm0cX7P6PSw_001_1080p_frame_00048_jpg.rf.d273a58c2488be93dee3a85980b92924.jpg,valid/labels/YTDown-com_YouTube_Crazy-yet-Organized-Traffic-in-Vietnam-H_Media_fm0cX7P6PSw_001_1080p_frame_00048_jpg.rf.d273a58c2488be93dee3a85980b92924.txt,YTDown-com_YouTube_Crazy-yet-Organized-Traffic-in-Vietnam-H_Media_fm0cX7P6PSw_001_1080p,48,24.0,validation,labeled,56,0:5;1:8;2:43,bbox:4;polygon:52,b745f64c9fd3fcbae3aba212bbb9622cd11c416d4dde6f8cf4439c57e11aa5a6
1c0af88bf4154a4269e3473667568000dc5671541d7d7f516d522803c0d32784,valid/images/YTDown-com_YouTube_Crazy-yet-Organized-Traffic-in-Vietnam-H_Media_fm0cX7P6PSw_001_1080p_frame_00051_jpg.rf.33b8280f209cba99c4bdf81a526db16b.jpg,valid/labels/YTDown-com_YouTube_Crazy-yet-Organized-Traffic-in-Vietnam-H_Media_fm0cX7P6PSw_001_1080p_frame_00051_jpg.rf.33b8280f209cba99c4bdf81a526db16b.txt,YTDown-com_YouTube_Crazy-yet-Organized-Traffic-in-Vietnam-H_Media_fm0cX7P6PSw_001_1080p,51,25.5,validation,labeled,53,0:3;1:7;2:40;3:2;4:1,bbox:2;polygon:51,1c0af88bf4154a4269e3473667568000dc5671541d7d7f516d522803c0d32784
bb5086bb4b2bd409b8999b740d98d233190d9d1650f0f156da820b749582dfdf,valid/images/YTDown-com_YouTube_Crazy-yet-Organized-Traffic-in-Vietnam-H_Media_fm0cX7P6PSw_001_1080p_frame_00054_jpg.rf.c85ec5f04de453fe11e053cd7cc0014f.jpg,valid/labels/YTDown-com_YouTube_Crazy-yet-Organized-Traffic-in-Vietnam-H_Media_fm0cX7P6PSw_001_1080p_frame_00054_jpg.rf.c85ec5f04de453fe11e053cd7cc0014f.txt,YTDown-com_YouTube_Crazy-yet-Organized-Traffic-in-Vietnam-H_Media_fm0cX7P6PSw_001_1080p,54,27.0,validation,labeled,55,0:2;1:10;2:42;4:1,bbox:3;polygon:52,bb5086bb4b2bd409b8999b740d98d233190d9d1650f0f156da820b749582dfdf
db8ff4475e87629c0080a005d4ffb929c6fa0a72425a9f54d6ae1752ee00d0b5,valid/images/YTDown-com_YouTube_Crazy-yet-Organized-Traffic-in-Vietnam-H_Media_fm0cX7P6PSw_001_1080p_frame_00073_jpg.rf.9cc409139c15f9a1b523085d64aeb648.jpg,valid/labels/YTDown-com_YouTube_Crazy-yet-Organized-Traffic-in-Vietnam-H_Media_fm0cX7P6PSw_001_1080p_frame_00073_jpg.rf.9cc409139c15f9a1b523085d64aeb648.txt,YTDown-com_YouTube_Crazy-yet-Organized-Traffic-in-Vietnam-H_Media_fm0cX7P6PSw_001_1080p,73,36.5,validation,labeled,66,0:2;1:10;2:50;3:4,bbox:5;polygon:61,db8ff4475e87629c0080a005d4ffb929c6fa0a72425a9f54d6ae1752ee00d0b5
6052d10f9f55a3d6dbcf36d0531b4ddfb42c289bde782a5a5ed0556d4d670ecf,valid/images/YTDown-com_YouTube_Crazy-yet-Organized-Traffic-in-Vietnam-H_Media_fm0cX7P6PSw_001_1080p_frame_00074_jpg.rf.3043ef4b6dbe1e4e65f73ccb76024415.jpg,valid/labels/YTDown-com_YouTube_Crazy-yet-Organized-Traffic-in-Vietnam-H_Media_fm0cX7P6PSw_001_1080p_frame_00074_jpg.rf.3043ef4b6dbe1e4e65f73ccb76024415.txt,YTDown-com_YouTube_Crazy-yet-Organized-Traffic-in-Vietnam-H_Media_fm0cX7P6PSw_001_1080p,74,37.0,validation,labeled,70,0:2;1:11;2:56;3:1,polygon:70,6052d10f9f55a3d6dbcf36d0531b4ddfb42c289bde782a5a5ed0556d4d670ecf
dd9919f96c7ca91c1dd4c1318f8dce913279b5a830c168cdeca4088ad1288d42,valid/images/YTDown-com_YouTube_Crazy-yet-Organized-Traffic-in-Vietnam-H_Media_fm0cX7P6PSw_001_1080p_frame_00076_jpg.rf.d628892926f31a4b5b6be54264f24e23.jpg,valid/labels/YTDown-com_YouTube_Crazy-yet-Organized-Traffic-in-Vietnam-H_Media_fm0cX7P6PSw_001_1080p_frame_00076_jpg.rf.d628892926f31a4b5b6be54264f24e23.txt,YTDown-com_YouTube_Crazy-yet-Organized-Traffic-in-Vietnam-H_Media_fm0cX7P6PSw_001_1080p,76,38.0,validation,labeled,70,0:2;1:12;2:51;3:5,bbox:4;polygon:66,dd9919f96c7ca91c1dd4c1318f8dce913279b5a830c168cdeca4088ad1288d42
0be22ea6a89ba1b4ccd268fe1d40002aee6570634a97b87a982b3b19ca5c5a27,valid/images/YTDown-com_YouTube_Crazy-yet-Organized-Traffic-in-Vietnam-H_Media_fm0cX7P6PSw_001_1080p_frame_00085_jpg.rf.9988f4f69b18e10b8704827f02fed149.jpg,valid/labels/YTDown-com_YouTube_Crazy-yet-Organized-Traffic-in-Vietnam-H_Media_fm0cX7P6PSw_001_1080p_frame_00085_jpg.rf.9988f4f69b18e10b8704827f02fed149.txt,YTDown-com_YouTube_Crazy-yet-Organized-Traffic-in-Vietnam-H_Media_fm0cX7P6PSw_001_1080p,85,42.5,validation,labeled,66,0:1;1:10;2:55,bbox:1;polygon:65,0be22ea6a89ba1b4ccd268fe1d40002aee6570634a97b87a982b3b19ca5c5a27
f2cdfe7525df142b068524207809f76d0b388125d8cf77788067d4ca2789791a,valid/images/YTDown-com_YouTube_Crazy-yet-Organized-Traffic-in-Vietnam-H_Media_fm0cX7P6PSw_001_1080p_frame_00095_jpg.rf.46b89db122ae906ae8b9d067b441185b.jpg,valid/labels/YTDown-com_YouTube_Crazy-yet-Organized-Traffic-in-Vietnam-H_Media_fm0cX7P6PSw_001_1080p_frame_00095_jpg.rf.46b89db122ae906ae8b9d067b441185b.txt,YTDown-com_YouTube_Crazy-yet-Organized-Traffic-in-Vietnam-H_Media_fm0cX7P6PSw_001_1080p,95,47.5,validation,labeled,74,0:2;1:11;2:61,bbox:3;polygon:71,f2cdfe7525df142b068524207809f76d0b388125d8cf77788067d4ca2789791a
1c97b4fa803ffd78376d8e39bd72f545390b8c8f18c63bd20df3d4ef3862442d,valid/images/YTDown-com_YouTube_Crazy-yet-Organized-Traffic-in-Vietnam-H_Media_fm0cX7P6PSw_001_1080p_frame_00097_jpg.rf.afcc28aa59d496dab75a219788873dec.jpg,valid/labels/YTDown-com_YouTube_Crazy-yet-Organized-Traffic-in-Vietnam-H_Media_fm0cX7P6PSw_001_1080p_frame_00097_jpg.rf.afcc28aa59d496dab75a219788873dec.txt,YTDown-com_YouTube_Crazy-yet-Organized-Traffic-in-Vietnam-H_Media_fm0cX7P6PSw_001_1080p,97,48.5,validation,labeled,73,0:2;1:13;2:55;3:3,bbox:3;polygon:70,1c97b4fa803ffd78376d8e39bd72f545390b8c8f18c63bd20df3d4ef3862442d
f9ebb52c6032a78e550000d7928a6e8fef0976c076f59f8256045d41d2128646,valid/images/YTDown-com_YouTube_Crazy-yet-Organized-Traffic-in-Vietnam-H_Media_fm0cX7P6PSw_001_1080p_frame_00100_jpg.rf.1f7f5aef4c008ff7672dea49463ed6ce.jpg,valid/labels/YTDown-com_YouTube_Crazy-yet-Organized-Traffic-in-Vietnam-H_Media_fm0cX7P6PSw_001_1080p_frame_00100_jpg.rf.1f7f5aef4c008ff7672dea49463ed6ce.txt,YTDown-com_YouTube_Crazy-yet-Organized-Traffic-in-Vietnam-H_Media_fm0cX7P6PSw_001_1080p,100,50.0,validation,labeled,75,0:3;1:13;2:59,bbox:1;polygon:74,f9ebb52c6032a78e550000d7928a6e8fef0976c076f59f8256045d41d2128646
b007984f1a4bf595a1d9b359b9fecb7aa951fa2728b61ac182f218c1e217fb10,valid/images/YTDown-com_YouTube_Crazy-yet-Organized-Traffic-in-Vietnam-H_Media_fm0cX7P6PSw_001_1080p_frame_00101_jpg.rf.12e39af4763cd0d2c2c0d153cbce49e1.jpg,valid/labels/YTDown-com_YouTube_Crazy-yet-Organized-Traffic-in-Vietnam-H_Media_fm0cX7P6PSw_001_1080p_frame_00101_jpg.rf.12e39af4763cd0d2c2c0d153cbce49e1.txt,YTDown-com_YouTube_Crazy-yet-Organized-Traffic-in-Vietnam-H_Media_fm0cX7P6PSw_001_1080p,101,50.5,validation,labeled,78,0:3;1:13;2:62,bbox:5;polygon:73,b007984f1a4bf595a1d9b359b9fecb7aa951fa2728b61ac182f218c1e217fb10
6666264418570bbd981d2285652e32685770f001fdb1026ec8118b5a5701ebe0,valid/images/YTDown-com_YouTube_Crazy-yet-Organized-Traffic-in-Vietnam-H_Media_fm0cX7P6PSw_001_1080p_frame_00103_jpg.rf.659927f8defb4cfc252a5553645102eb.jpg,valid/labels/YTDown-com_YouTube_Crazy-yet-Organized-Traffic-in-Vietnam-H_Media_fm0cX7P6PSw_001_1080p_frame_00103_jpg.rf.659927f8defb4cfc252a5553645102eb.txt,YTDown-com_YouTube_Crazy-yet-Organized-Traffic-in-Vietnam-H_Media_fm0cX7P6PSw_001_1080p,103,51.5,validation,labeled,66,0:2;1:13;2:51,bbox:3;polygon:63,6666264418570bbd981d2285652e32685770f001fdb1026ec8118b5a5701ebe0
8e2632bc4d5bf2d8a4cd682a04add943d228be9bbc92a42e63c70fd3f162000b,valid/images/YTDown-com_YouTube_Crazy-yet-Organized-Traffic-in-Vietnam-H_Media_fm0cX7P6PSw_001_1080p_frame_00105_jpg.rf.f0800dfb213ad7d1c5c9e3f3f60f2327.jpg,valid/labels/YTDown-com_YouTube_Crazy-yet-Organized-Traffic-in-Vietnam-H_Media_fm0cX7P6PSw_001_1080p_frame_00105_jpg.rf.f0800dfb213ad7d1c5c9e3f3f60f2327.txt,YTDown-com_YouTube_Crazy-yet-Organized-Traffic-in-Vietnam-H_Media_fm0cX7P6PSw_001_1080p,105,52.5,validation,labeled,64,0:2;1:11;2:51,bbox:4;polygon:60,8e2632bc4d5bf2d8a4cd682a04add943d228be9bbc92a42e63c70fd3f162000b
22ee5a05151844b8bb1cc3a64f33560ca6912cbefbbbad11061f8b8d984b7845,valid/images/YTDown-com_YouTube_Crazy-yet-Organized-Traffic-in-Vietnam-H_Media_fm0cX7P6PSw_001_1080p_frame_00109_jpg.rf.1cf2e2643cea0bf926063820e1377c2a.jpg,valid/labels/YTDown-com_YouTube_Crazy-yet-Organized-Traffic-in-Vietnam-H_Media_fm0cX7P6PSw_001_1080p_frame_00109_jpg.rf.1cf2e2643cea0bf926063820e1377c2a.txt,YTDown-com_YouTube_Crazy-yet-Organized-Traffic-in-Vietnam-H_Media_fm0cX7P6PSw_001_1080p,109,54.5,validation,labeled,61,0:3;1:13;2:45,bbox:5;polygon:56,22ee5a05151844b8bb1cc3a64f33560ca6912cbefbbbad11061f8b8d984b7845
d9506edd6eed323747e78f3d188ecc072b817feb3e4a4be5a983319330480586,valid/images/YTDown-com_YouTube_Crazy-yet-Organized-Traffic-in-Vietnam-H_Media_fm0cX7P6PSw_001_1080p_frame_00111_jpg.rf.4ef4ed8cd27292c6c91ef19f989d4562.jpg,valid/labels/YTDown-com_YouTube_Crazy-yet-Organized-Traffic-in-Vietnam-H_Media_fm0cX7P6PSw_001_1080p_frame_00111_jpg.rf.4ef4ed8cd27292c6c91ef19f989d4562.txt,YTDown-com_YouTube_Crazy-yet-Organized-Traffic-in-Vietnam-H_Media_fm0cX7P6PSw_001_1080p,111,55.5,validation,labeled,60,0:3;1:10;2:47,bbox:1;polygon:59,d9506edd6eed323747e78f3d188ecc072b817feb3e4a4be5a983319330480586
cfbb71833a08ac754d7ef65f443eae801de6813b41972ce5712dfdc629e6fa92,valid/images/YTDown-com_YouTube_Crazy-yet-Organized-Traffic-in-Vietnam-H_Media_fm0cX7P6PSw_001_1080p_frame_00120_jpg.rf.d533227eeb456eeef717fcf78408cc25.jpg,valid/labels/YTDown-com_YouTube_Crazy-yet-Organized-Traffic-in-Vietnam-H_Media_fm0cX7P6PSw_001_1080p_frame_00120_jpg.rf.d533227eeb456eeef717fcf78408cc25.txt,YTDown-com_YouTube_Crazy-yet-Organized-Traffic-in-Vietnam-H_Media_fm0cX7P6PSw_001_1080p,120,60.0,validation,labeled,53,0:2;1:14;2:36;3:1,bbox:1;polygon:52,cfbb71833a08ac754d7ef65f443eae801de6813b41972ce5712dfdc629e6fa92
df0a1a8eb159483c6cca4dd0a4586c1b09ff47fd2304f39ce48bed5fffc04803,valid/images/YTDown-com_YouTube_Crazy-yet-Organized-Traffic-in-Vietnam-H_Media_fm0cX7P6PSw_001_1080p_frame_00126_jpg.rf.c5da9d80a52770fbfe139fab895e39af.jpg,valid/labels/YTDown-com_YouTube_Crazy-yet-Organized-Traffic-in-Vietnam-H_Media_fm0cX7P6PSw_001_1080p_frame_00126_jpg.rf.c5da9d80a52770fbfe139fab895e39af.txt,YTDown-com_YouTube_Crazy-yet-Organized-Traffic-in-Vietnam-H_Media_fm0cX7P6PSw_001_1080p,126,63.0,validation,labeled,53,0:2;1:19;2:31;3:1,bbox:5;polygon:48,df0a1a8eb159483c6cca4dd0a4586c1b09ff47fd2304f39ce48bed5fffc04803
6606ebd7a271a635fcf70d0840183d8dc01337860c8a6c5c105bd2a51592c3d1,valid/images/YTDown-com_YouTube_Crazy-yet-Organized-Traffic-in-Vietnam-H_Media_fm0cX7P6PSw_001_1080p_frame_00141_jpg.rf.79e16e03706f45760e8816744371f87d.jpg,valid/labels/YTDown-com_YouTube_Crazy-yet-Organized-Traffic-in-Vietnam-H_Media_fm0cX7P6PSw_001_1080p_frame_00141_jpg.rf.79e16e03706f45760e8816744371f87d.txt,YTDown-com_YouTube_Crazy-yet-Organized-Traffic-in-Vietnam-H_Media_fm0cX7P6PSw_001_1080p,141,70.5,validation,labeled,53,0:3;1:13;2:36;3:1,bbox:2;polygon:51,6606ebd7a271a635fcf70d0840183d8dc01337860c8a6c5c105bd2a51592c3d1
cc43fad938d531fc00ddfba185026aefb85e6d4d4b37b9deddafc5fc6dfcf595,valid/images/YTDown-com_YouTube_Crazy-yet-Organized-Traffic-in-Vietnam-H_Media_fm0cX7P6PSw_001_1080p_frame_00144_jpg.rf.2cfce076fafeec8bc0f6a1d03f1695c9.jpg,valid/labels/YTDown-com_YouTube_Crazy-yet-Organized-Traffic-in-Vietnam-H_Media_fm0cX7P6PSw_001_1080p_frame_00144_jpg.rf.2cfce076fafeec8bc0f6a1d03f1695c9.txt,YTDown-com_YouTube_Crazy-yet-Organized-Traffic-in-Vietnam-H_Media_fm0cX7P6PSw_001_1080p,144,72.0,validation,labeled,53,0:2;1:17;2:32;3:1;4:1,bbox:4;polygon:49,cc43fad938d531fc00ddfba185026aefb85e6d4d4b37b9deddafc5fc6dfcf595
734d806db6e7521876e953870d8ffcd9ace2a4b9fb5e279695ce8553b139a838,valid/images/YTDown-com_YouTube_Crazy-yet-Organized-Traffic-in-Vietnam-H_Media_fm0cX7P6PSw_001_1080p_frame_00146_jpg.rf.ed1f975e3680f0a3a3453bd0d3858bc7.jpg,valid/labels/YTDown-com_YouTube_Crazy-yet-Organized-Traffic-in-Vietnam-H_Media_fm0cX7P6PSw_001_1080p_frame_00146_jpg.rf.ed1f975e3680f0a3a3453bd0d3858bc7.txt,YTDown-com_YouTube_Crazy-yet-Organized-Traffic-in-Vietnam-H_Media_fm0cX7P6PSw_001_1080p,146,73.0,validation,labeled,51,0:3;1:14;2:32;3:1;4:1,bbox:3;polygon:48,734d806db6e7521876e953870d8ffcd9ace2a4b9fb5e279695ce8553b139a838
8a42d37a0c68b87053e5dee3240c954be124383041f24a621ec10ba720d949aa,valid/images/YTDown-com_YouTube_Crazy-yet-Organized-Traffic-in-Vietnam-H_Media_fm0cX7P6PSw_001_1080p_frame_00149_jpg.rf.f8e00c24687640309ff7ebc214483bdd.jpg,valid/labels/YTDown-com_YouTube_Crazy-yet-Organized-Traffic-in-Vietnam-H_Media_fm0cX7P6PSw_001_1080p_frame_00149_jpg.rf.f8e00c24687640309ff7ebc214483bdd.txt,YTDown-com_YouTube_Crazy-yet-Organized-Traffic-in-Vietnam-H_Media_fm0cX7P6PSw_001_1080p,149,74.5,validation,labeled,49,0:2;1:15;2:30;3:1;4:1,bbox:2;polygon:47,8a42d37a0c68b87053e5dee3240c954be124383041f24a621ec10ba720d949aa
674a73c0d6e917691cfdf246788e1f4183631270459d842322e2e9f4f5e01703,valid/images/YTDown-com_YouTube_Crazy-yet-Organized-Traffic-in-Vietnam-H_Media_fm0cX7P6PSw_001_1080p_frame_00153_jpg.rf.c1ca6d20c516e11ecf63e4e56cec153f.jpg,valid/labels/YTDown-com_YouTube_Crazy-yet-Organized-Traffic-in-Vietnam-H_Media_fm0cX7P6PSw_001_1080p_frame_00153_jpg.rf.c1ca6d20c516e11ecf63e4e56cec153f.txt,YTDown-com_YouTube_Crazy-yet-Organized-Traffic-in-Vietnam-H_Media_fm0cX7P6PSw_001_1080p,153,76.5,validation,labeled,47,0:2;1:16;2:28;3:1,bbox:2;polygon:45,674a73c0d6e917691cfdf246788e1f4183631270459d842322e2e9f4f5e01703
b31c28a469b89f91a7b692a73e961ebfaac3454d6b01eaf243cf359830dd15b3,valid/images/YTDown-com_YouTube_Crazy-yet-Organized-Traffic-in-Vietnam-H_Media_fm0cX7P6PSw_001_1080p_frame_00155_jpg.rf.c0e2eff23b5eb3090b885afdaaec33b1.jpg,valid/labels/YTDown-com_YouTube_Crazy-yet-Organized-Traffic-in-Vietnam-H_Media_fm0cX7P6PSw_001_1080p_frame_00155_jpg.rf.c0e2eff23b5eb3090b885afdaaec33b1.txt,YTDown-com_YouTube_Crazy-yet-Organized-Traffic-in-Vietnam-H_Media_fm0cX7P6PSw_001_1080p,155,77.5,validation,labeled,46,0:2;1:16;2:26;3:2,polygon:46,b31c28a469b89f91a7b692a73e961ebfaac3454d6b01eaf243cf359830dd15b3
1c8cc89c2ecae079844fdb7ab19d2dfc6ebf55bc2966bdc62dcfb7cfcbd9d298,valid/images/YTDown-com_YouTube_Crazy-yet-Organized-Traffic-in-Vietnam-H_Media_fm0cX7P6PSw_001_1080p_frame_00168_jpg.rf.29e8d037c0981b8092039582d2301aa7.jpg,valid/labels/YTDown-com_YouTube_Crazy-yet-Organized-Traffic-in-Vietnam-H_Media_fm0cX7P6PSw_001_1080p_frame_00168_jpg.rf.29e8d037c0981b8092039582d2301aa7.txt,YTDown-com_YouTube_Crazy-yet-Organized-Traffic-in-Vietnam-H_Media_fm0cX7P6PSw_001_1080p,168,84.0,validation,labeled,48,0:2;1:15;2:30;3:1,polygon:48,1c8cc89c2ecae079844fdb7ab19d2dfc6ebf55bc2966bdc62dcfb7cfcbd9d298
11592b4c6b9c0fa2fd80c181e0e2c22f3d7154bbebb2132941e3f320a5d9d31d,valid/images/YTDown-com_YouTube_Crazy-yet-Organized-Traffic-in-Vietnam-H_Media_fm0cX7P6PSw_001_1080p_frame_00175_jpg.rf.add17c688d6104ee4af834580923a0eb.jpg,valid/labels/YTDown-com_YouTube_Crazy-yet-Organized-Traffic-in-Vietnam-H_Media_fm0cX7P6PSw_001_1080p_frame_00175_jpg.rf.add17c688d6104ee4af834580923a0eb.txt,YTDown-com_YouTube_Crazy-yet-Organized-Traffic-in-Vietnam-H_Media_fm0cX7P6PSw_001_1080p,175,87.5,validation,labeled,54,0:3;1:14;2:35;3:2,polygon:54,11592b4c6b9c0fa2fd80c181e0e2c22f3d7154bbebb2132941e3f320a5d9d31d
8de93675534469c8ae553f336becaa8f890e5c6096739aedc310b681f8da9bf0,valid/images/YTDown-com_YouTube_Crazy-yet-Organized-Traffic-in-Vietnam-H_Media_fm0cX7P6PSw_001_1080p_frame_00182_jpg.rf.ff0e1e7d3c75f7ab234e8e04db4d8e8f.jpg,valid/labels/YTDown-com_YouTube_Crazy-yet-Organized-Traffic-in-Vietnam-H_Media_fm0cX7P6PSw_001_1080p_frame_00182_jpg.rf.ff0e1e7d3c75f7ab234e8e04db4d8e8f.txt,YTDown-com_YouTube_Crazy-yet-Organized-Traffic-in-Vietnam-H_Media_fm0cX7P6PSw_001_1080p,182,91.0,validation,labeled,51,0:1;1:14;2:36,bbox:1;polygon:50,8de93675534469c8ae553f336becaa8f890e5c6096739aedc310b681f8da9bf0
352e153c9f41e7658795ea17833e38e8094d97fe00b34713f01fb3fab2a4b397,valid/images/YTDown-com_YouTube_Crazy-yet-Organized-Traffic-in-Vietnam-H_Media_fm0cX7P6PSw_001_1080p_frame_00185_jpg.rf.e517dee3cbcc99cfdfaded0e2b9413ca.jpg,valid/labels/YTDown-com_YouTube_Crazy-yet-Organized-Traffic-in-Vietnam-H_Media_fm0cX7P6PSw_001_1080p_frame_00185_jpg.rf.e517dee3cbcc99cfdfaded0e2b9413ca.txt,YTDown-com_YouTube_Crazy-yet-Organized-Traffic-in-Vietnam-H_Media_fm0cX7P6PSw_001_1080p,185,92.5,validation,labeled,43,0:1;1:15;2:23;3:4,polygon:43,352e153c9f41e7658795ea17833e38e8094d97fe00b34713f01fb3fab2a4b397
bc29014ac3f605b58f2f8562eee5599b2ce70ce6096e00d219cde5ee4df8430f,valid/images/YTDown-com_YouTube_Crazy-yet-Organized-Traffic-in-Vietnam-H_Media_fm0cX7P6PSw_001_1080p_frame_00192_jpg.rf.0ce8c88cc94adf112821baaf9a579685.jpg,valid/labels/YTDown-com_YouTube_Crazy-yet-Organized-Traffic-in-Vietnam-H_Media_fm0cX7P6PSw_001_1080p_frame_00192_jpg.rf.0ce8c88cc94adf112821baaf9a579685.txt,YTDown-com_YouTube_Crazy-yet-Organized-Traffic-in-Vietnam-H_Media_fm0cX7P6PSw_001_1080p,192,96.0,validation,labeled,45,0:1;1:11;2:30;3:3,bbox:2;polygon:43,bc29014ac3f605b58f2f8562eee5599b2ce70ce6096e00d219cde5ee4df8430f
4463779181da5c9a4c17bcf38f03a3221ca459cefd0ef1d1c2408295fd335cfa,valid/images/YTDown-com_YouTube_Crazy-yet-Organized-Traffic-in-Vietnam-H_Media_fm0cX7P6PSw_001_1080p_frame_00195_jpg.rf.653ef20bb30ef8594d2d0855d7ad5909.jpg,valid/labels/YTDown-com_YouTube_Crazy-yet-Organized-Traffic-in-Vietnam-H_Media_fm0cX7P6PSw_001_1080p_frame_00195_jpg.rf.653ef20bb30ef8594d2d0855d7ad5909.txt,YTDown-com_YouTube_Crazy-yet-Organized-Traffic-in-Vietnam-H_Media_fm0cX7P6PSw_001_1080p,195,97.5,validation,labeled,40,0:1;1:13;2:23;3:3,bbox:1;polygon:39,4463779181da5c9a4c17bcf38f03a3221ca459cefd0ef1d1c2408295fd335cfa
427a9256f444f62d6eb5e6920c9cd8d32bfc73337a5f706263ef5f8e835eed91,valid/images/YTDown-com_YouTube_Crazy-yet-Organized-Traffic-in-Vietnam-H_Media_fm0cX7P6PSw_001_1080p_frame_00199_jpg.rf.cc605dd6cedf3d580d17fe7e6fa0b3c4.jpg,valid/labels/YTDown-com_YouTube_Crazy-yet-Organized-Traffic-in-Vietnam-H_Media_fm0cX7P6PSw_001_1080p_frame_00199_jpg.rf.cc605dd6cedf3d580d17fe7e6fa0b3c4.txt,YTDown-com_YouTube_Crazy-yet-Organized-Traffic-in-Vietnam-H_Media_fm0cX7P6PSw_001_1080p,199,99.5,validation,labeled,44,0:1;1:12;2:28;3:3,bbox:3;polygon:41,427a9256f444f62d6eb5e6920c9cd8d32bfc73337a5f706263ef5f8e835eed91
a595ecdc4a8ba723b6f55c7e1e1b37d763db90d3dd0323bcab17d5e538fab212,valid/images/YTDown-com_YouTube_Crazy-yet-Organized-Traffic-in-Vietnam-H_Media_fm0cX7P6PSw_001_1080p_frame_00200_jpg.rf.0f7f5d42c0d12101db3375332fcbf61b.jpg,valid/labels/YTDown-com_YouTube_Crazy-yet-Organized-Traffic-in-Vietnam-H_Media_fm0cX7P6PSw_001_1080p_frame_00200_jpg.rf.0f7f5d42c0d12101db3375332fcbf61b.txt,YTDown-com_YouTube_Crazy-yet-Organized-Traffic-in-Vietnam-H_Media_fm0cX7P6PSw_001_1080p,200,100.0,validation,labeled,44,0:1;1:11;2:29;3:3,bbox:4;polygon:40,a595ecdc4a8ba723b6f55c7e1e1b37d763db90d3dd0323bcab17d5e538fab212
d7036bb646d9900bda91f2f429f455c42a4a3e40dda28c1770793eddfe864ccb,valid/images/YTDown-com_YouTube_Crazy-yet-Organized-Traffic-in-Vietnam-H_Media_fm0cX7P6PSw_001_1080p_frame_00201_jpg.rf.94563437fbb7acabe1f18c84ebd60747.jpg,valid/labels/YTDown-com_YouTube_Crazy-yet-Organized-Traffic-in-Vietnam-H_Media_fm0cX7P6PSw_001_1080p_frame_00201_jpg.rf.94563437fbb7acabe1f18c84ebd60747.txt,YTDown-com_YouTube_Crazy-yet-Organized-Traffic-in-Vietnam-H_Media_fm0cX7P6PSw_001_1080p,201,100.5,validation,labeled,43,0:1;1:11;2:27;3:3;4:1,polygon:43,d7036bb646d9900bda91f2f429f455c42a4a3e40dda28c1770793eddfe864ccb
3a2d4998d45bb57318cca21308353256a6a5f0e08cc200c052919115b0375348,valid/images/YTDown-com_YouTube_Crazy-yet-Organized-Traffic-in-Vietnam-H_Media_fm0cX7P6PSw_001_1080p_frame_00208_jpg.rf.defbd897204ccfc3fcbb7d25ad0fc4fc.jpg,valid/labels/YTDown-com_YouTube_Crazy-yet-Organized-Traffic-in-Vietnam-H_Media_fm0cX7P6PSw_001_1080p_frame_00208_jpg.rf.defbd897204ccfc3fcbb7d25ad0fc4fc.txt,YTDown-com_YouTube_Crazy-yet-Organized-Traffic-in-Vietnam-H_Media_fm0cX7P6PSw_001_1080p,208,104.0,validation,labeled,52,1:17;2:29;3:4;4:2,bbox:4;polygon:48,3a2d4998d45bb57318cca21308353256a6a5f0e08cc200c052919115b0375348
c40ffcf218a02e6809904e2245b05af8826b1b687dc2ef3d9d3ff3306d3216f7,valid/images/YTDown-com_YouTube_Crazy-yet-Organized-Traffic-in-Vietnam-H_Media_fm0cX7P6PSw_001_1080p_frame_00214_jpg.rf.80c3235887cad663b52f01de5f6174b2.jpg,valid/labels/YTDown-com_YouTube_Crazy-yet-Organized-Traffic-in-Vietnam-H_Media_fm0cX7P6PSw_001_1080p_frame_00214_jpg.rf.80c3235887cad663b52f01de5f6174b2.txt,YTDown-com_YouTube_Crazy-yet-Organized-Traffic-in-Vietnam-H_Media_fm0cX7P6PSw_001_1080p,214,107.0,validation,labeled,60,1:12;2:44;3:3;4:1,bbox:4;polygon:56,c40ffcf218a02e6809904e2245b05af8826b1b687dc2ef3d9d3ff3306d3216f7
bf266e4af49f043942e309b8a5c04f32611f9401c04f965d4fcc9af8a1e001a8,valid/images/YTDown-com_YouTube_Crazy-yet-Organized-Traffic-in-Vietnam-H_Media_fm0cX7P6PSw_001_1080p_frame_00216_jpg.rf.c4fd8662b868c86536cf99d5f2426c58.jpg,valid/labels/YTDown-com_YouTube_Crazy-yet-Organized-Traffic-in-Vietnam-H_Media_fm0cX7P6PSw_001_1080p_frame_00216_jpg.rf.c4fd8662b868c86536cf99d5f2426c58.txt,YTDown-com_YouTube_Crazy-yet-Organized-Traffic-in-Vietnam-H_Media_fm0cX7P6PSw_001_1080p,216,108.0,validation,labeled,65,1:14;2:49;3:2,bbox:2;polygon:63,bf266e4af49f043942e309b8a5c04f32611f9401c04f965d4fcc9af8a1e001a8
aa6dffd6cc2ce89de988f714d7fc0c818e89099f23e38514aa3f7d2a191541cf,valid/images/YTDown-com_YouTube_Crazy-yet-Organized-Traffic-in-Vietnam-H_Media_fm0cX7P6PSw_001_1080p_frame_00217_jpg.rf.efe5671feecb10aec3df6c78d1556a8d.jpg,valid/labels/YTDown-com_YouTube_Crazy-yet-Organized-Traffic-in-Vietnam-H_Media_fm0cX7P6PSw_001_1080p_frame_00217_jpg.rf.efe5671feecb10aec3df6c78d1556a8d.txt,YTDown-com_YouTube_Crazy-yet-Organized-Traffic-in-Vietnam-H_Media_fm0cX7P6PSw_001_1080p,217,108.5,validation,labeled,62,1:13;2:44;3:3;4:2,bbox:4;polygon:58,aa6dffd6cc2ce89de988f714d7fc0c818e89099f23e38514aa3f7d2a191541cf
201e779eaf25503eeb206c6bb015b3b0d94c366f8dd24a9a98ffa7006e91cbb9,valid/images/YTDown-com_YouTube_Crazy-yet-Organized-Traffic-in-Vietnam-H_Media_fm0cX7P6PSw_001_1080p_frame_00219_jpg.rf.85bb49bb42d3d64a67a7463d32865362.jpg,valid/labels/YTDown-com_YouTube_Crazy-yet-Organized-Traffic-in-Vietnam-H_Media_fm0cX7P6PSw_001_1080p_frame_00219_jpg.rf.85bb49bb42d3d64a67a7463d32865362.txt,YTDown-com_YouTube_Crazy-yet-Organized-Traffic-in-Vietnam-H_Media_fm0cX7P6PSw_001_1080p,219,109.5,validation,labeled,63,1:14;2:44;3:4;4:1,bbox:1;polygon:62,201e779eaf25503eeb206c6bb015b3b0d94c366f8dd24a9a98ffa7006e91cbb9
9f9dcdc244141ecd1c3e7e0284c2cc28ad715a82e051f5a3892fd5bcb001c655,valid/images/YTDown-com_YouTube_Crazy-yet-Organized-Traffic-in-Vietnam-H_Media_fm0cX7P6PSw_001_1080p_frame_00223_jpg.rf.e022cf37b77c66af07f987ea1a882147.jpg,valid/labels/YTDown-com_YouTube_Crazy-yet-Organized-Traffic-in-Vietnam-H_Media_fm0cX7P6PSw_001_1080p_frame_00223_jpg.rf.e022cf37b77c66af07f987ea1a882147.txt,YTDown-com_YouTube_Crazy-yet-Organized-Traffic-in-Vietnam-H_Media_fm0cX7P6PSw_001_1080p,223,111.5,validation,labeled,69,1:15;2:50;3:2;4:2,bbox:2;polygon:67,9f9dcdc244141ecd1c3e7e0284c2cc28ad715a82e051f5a3892fd5bcb001c655
6bc1d89dda7826837b75c15635148a9bbf8db93074f86e9670cc5cbd3b6394c0,valid/images/YTDown-com_YouTube_Crazy-yet-Organized-Traffic-in-Vietnam-H_Media_fm0cX7P6PSw_001_1080p_frame_00225_jpg.rf.8a3386722f00ae48059eafa4864a1e58.jpg,valid/labels/YTDown-com_YouTube_Crazy-yet-Organized-Traffic-in-Vietnam-H_Media_fm0cX7P6PSw_001_1080p_frame_00225_jpg.rf.8a3386722f00ae48059eafa4864a1e58.txt,YTDown-com_YouTube_Crazy-yet-Organized-Traffic-in-Vietnam-H_Media_fm0cX7P6PSw_001_1080p,225,112.5,validation,labeled,76,1:14;2:56;3:4;4:2,bbox:3;polygon:73,6bc1d89dda7826837b75c15635148a9bbf8db93074f86e9670cc5cbd3b6394c0
b250e1d13afefc734ef1030381d595f1aca36a91b4c5a1153d28ccfa5f2b21ab,valid/images/YTDown-com_YouTube_Crazy-yet-Organized-Traffic-in-Vietnam-H_Media_fm0cX7P6PSw_001_1080p_frame_00230_jpg.rf.702c99b11847d0e715dce26970d1ddff.jpg,valid/labels/YTDown-com_YouTube_Crazy-yet-Organized-Traffic-in-Vietnam-H_Media_fm0cX7P6PSw_001_1080p_frame_00230_jpg.rf.702c99b11847d0e715dce26970d1ddff.txt,YTDown-com_YouTube_Crazy-yet-Organized-Traffic-in-Vietnam-H_Media_fm0cX7P6PSw_001_1080p,230,115.0,validation,labeled,68,1:9;2:55;3:3;4:1,bbox:1;polygon:67,b250e1d13afefc734ef1030381d595f1aca36a91b4c5a1153d28ccfa5f2b21ab
0ca733b07d4a9e614b7173a11edf38e4a6dcf668bf40e1da00bd77edd19435b5,valid/images/YTDown-com_YouTube_Crazy-yet-Organized-Traffic-in-Vietnam-H_Media_fm0cX7P6PSw_001_1080p_frame_00233_jpg.rf.a511fc6132f6a8866d74addd37ce2772.jpg,valid/labels/YTDown-com_YouTube_Crazy-yet-Organized-Traffic-in-Vietnam-H_Media_fm0cX7P6PSw_001_1080p_frame_00233_jpg.rf.a511fc6132f6a8866d74addd37ce2772.txt,YTDown-com_YouTube_Crazy-yet-Organized-Traffic-in-Vietnam-H_Media_fm0cX7P6PSw_001_1080p,233,116.5,validation,labeled,71,1:13;2:57;4:1,bbox:6;polygon:65,0ca733b07d4a9e614b7173a11edf38e4a6dcf668bf40e1da00bd77edd19435b5
c091639bec01936257cd0d975dd015cabc7c99d21ba9213f855ed388d5601977,valid/images/YTDown-com_YouTube_Crazy-yet-Organized-Traffic-in-Vietnam-H_Media_fm0cX7P6PSw_001_1080p_frame_00235_jpg.rf.616a9d87038570037ba2d24536d9a1bf.jpg,valid/labels/YTDown-com_YouTube_Crazy-yet-Organized-Traffic-in-Vietnam-H_Media_fm0cX7P6PSw_001_1080p_frame_00235_jpg.rf.616a9d87038570037ba2d24536d9a1bf.txt,YTDown-com_YouTube_Crazy-yet-Organized-Traffic-in-Vietnam-H_Media_fm0cX7P6PSw_001_1080p,235,117.5,validation,labeled,62,1:8;2:51;3:2;4:1,bbox:2;polygon:60,c091639bec01936257cd0d975dd015cabc7c99d21ba9213f855ed388d5601977
d653af465d72eeaa6f86844a11ce7cad5418e756918b2de15bd85ae5c86baa3c,valid/images/YTDown-com_YouTube_Crazy-yet-Organized-Traffic-in-Vietnam-H_Media_fm0cX7P6PSw_001_1080p_frame_00236_jpg.rf.5a927195673a763e2ff6ea3a8c663ee8.jpg,valid/labels/YTDown-com_YouTube_Crazy-yet-Organized-Traffic-in-Vietnam-H_Media_fm0cX7P6PSw_001_1080p_frame_00236_jpg.rf.5a927195673a763e2ff6ea3a8c663ee8.txt,YTDown-com_YouTube_Crazy-yet-Organized-Traffic-in-Vietnam-H_Media_fm0cX7P6PSw_001_1080p,236,118.0,validation,labeled,51,1:7;2:42;3:1;4:1,bbox:2;polygon:49,d653af465d72eeaa6f86844a11ce7cad5418e756918b2de15bd85ae5c86baa3c
1c6d76b20c5e28c7858d4f7724dc6deb945842fed9d2cd2b97413b9679db53ab,valid/images/YTDown-com_YouTube_Crazy-yet-Organized-Traffic-in-Vietnam-H_Media_fm0cX7P6PSw_001_1080p_frame_00253_jpg.rf.8f3490ee47e04eea2f9e9bc6eff77804.jpg,valid/labels/YTDown-com_YouTube_Crazy-yet-Organized-Traffic-in-Vietnam-H_Media_fm0cX7P6PSw_001_1080p_frame_00253_jpg.rf.8f3490ee47e04eea2f9e9bc6eff77804.txt,YTDown-com_YouTube_Crazy-yet-Organized-Traffic-in-Vietnam-H_Media_fm0cX7P6PSw_001_1080p,253,126.5,validation,labeled,57,1:8;2:45;3:3;4:1,bbox:3;polygon:54,1c6d76b20c5e28c7858d4f7724dc6deb945842fed9d2cd2b97413b9679db53ab
9a8e49accc583c378c993e5414c5d4ae23632ba90ecc60707432417fa6057572,valid/images/YTDown-com_YouTube_Crazy-yet-Organized-Traffic-in-Vietnam-H_Media_fm0cX7P6PSw_001_1080p_frame_00257_jpg.rf.c7cfe7d4b83e3128b729bb053e7a9a06.jpg,valid/labels/YTDown-com_YouTube_Crazy-yet-Organized-Traffic-in-Vietnam-H_Media_fm0cX7P6PSw_001_1080p_frame_00257_jpg.rf.c7cfe7d4b83e3128b729bb053e7a9a06.txt,YTDown-com_YouTube_Crazy-yet-Organized-Traffic-in-Vietnam-H_Media_fm0cX7P6PSw_001_1080p,257,128.5,validation,labeled,52,1:9;2:41;3:1;4:1,bbox:3;polygon:49,9a8e49accc583c378c993e5414c5d4ae23632ba90ecc60707432417fa6057572
b2dfb5b36bb5ebf2e6980055dcd60c095c08d5b722454cf25f82109a23e2ceb0,valid/images/YTDown-com_YouTube_Crazy-yet-Organized-Traffic-in-Vietnam-H_Media_fm0cX7P6PSw_001_1080p_frame_00261_jpg.rf.511ff7a6b0e95d79ca2963f52219f261.jpg,valid/labels/YTDown-com_YouTube_Crazy-yet-Organized-Traffic-in-Vietnam-H_Media_fm0cX7P6PSw_001_1080p_frame_00261_jpg.rf.511ff7a6b0e95d79ca2963f52219f261.txt,YTDown-com_YouTube_Crazy-yet-Organized-Traffic-in-Vietnam-H_Media_fm0cX7P6PSw_001_1080p,261,130.5,validation,labeled,51,1:8;2:42;4:1,bbox:2;polygon:49,b2dfb5b36bb5ebf2e6980055dcd60c095c08d5b722454cf25f82109a23e2ceb0
ab5cf4bfcc8fcafc07e40ab0e54313bab583f64a9ab9a83f400f264637161fbd,valid/images/YTDown-com_YouTube_Crazy-yet-Organized-Traffic-in-Vietnam-H_Media_fm0cX7P6PSw_001_1080p_frame_00265_jpg.rf.d74e2a36c553b4b713618c5f2113fecb.jpg,valid/labels/YTDown-com_YouTube_Crazy-yet-Organized-Traffic-in-Vietnam-H_Media_fm0cX7P6PSw_001_1080p_frame_00265_jpg.rf.d74e2a36c553b4b713618c5f2113fecb.txt,YTDown-com_YouTube_Crazy-yet-Organized-Traffic-in-Vietnam-H_Media_fm0cX7P6PSw_001_1080p,265,132.5,validation,labeled,50,1:8;2:41;3:1,bbox:4;polygon:46,ab5cf4bfcc8fcafc07e40ab0e54313bab583f64a9ab9a83f400f264637161fbd
200452ffa79c3d8695059d9021f3f0ead7ef144f3b6db10e9215c3125e356ca6,valid/images/YTDown-com_YouTube_Crazy-yet-Organized-Traffic-in-Vietnam-H_Media_fm0cX7P6PSw_001_1080p_frame_00266_jpg.rf.e27e5dcc68cd096a50c20f32e4c4e2f2.jpg,valid/labels/YTDown-com_YouTube_Crazy-yet-Organized-Traffic-in-Vietnam-H_Media_fm0cX7P6PSw_001_1080p_frame_00266_jpg.rf.e27e5dcc68cd096a50c20f32e4c4e2f2.txt,YTDown-com_YouTube_Crazy-yet-Organized-Traffic-in-Vietnam-H_Media_fm0cX7P6PSw_001_1080p,266,133.0,validation,labeled,54,1:10;2:40;3:4,bbox:1;polygon:53,200452ffa79c3d8695059d9021f3f0ead7ef144f3b6db10e9215c3125e356ca6
8622c40782d6ce53c8c31fa5509e12710488fc8e2ae6ba1befd7d8ed0d62df82,valid/images/YTDown-com_YouTube_Crazy-yet-Organized-Traffic-in-Vietnam-H_Media_fm0cX7P6PSw_001_1080p_frame_00269_jpg.rf.5b72bae0c6c1e9e1a269a211b5c062a9.jpg,valid/labels/YTDown-com_YouTube_Crazy-yet-Organized-Traffic-in-Vietnam-H_Media_fm0cX7P6PSw_001_1080p_frame_00269_jpg.rf.5b72bae0c6c1e9e1a269a211b5c062a9.txt,YTDown-com_YouTube_Crazy-yet-Organized-Traffic-in-Vietnam-H_Media_fm0cX7P6PSw_001_1080p,269,134.5,validation,labeled,52,1:8;2:40;3:4,bbox:5;polygon:47,8622c40782d6ce53c8c31fa5509e12710488fc8e2ae6ba1befd7d8ed0d62df82
10b247f46381a7034a66f0bfc9b4e40ad232cc18264692e125b37fc2ada137ea,valid/images/YTDown-com_YouTube_Crazy-yet-Organized-Traffic-in-Vietnam-H_Media_fm0cX7P6PSw_001_1080p_frame_00274_jpg.rf.b8faad7cfc341241c4b6e4d2c43e7cc9.jpg,valid/labels/YTDown-com_YouTube_Crazy-yet-Organized-Traffic-in-Vietnam-H_Media_fm0cX7P6PSw_001_1080p_frame_00274_jpg.rf.b8faad7cfc341241c4b6e4d2c43e7cc9.txt,YTDown-com_YouTube_Crazy-yet-Organized-Traffic-in-Vietnam-H_Media_fm0cX7P6PSw_001_1080p,274,137.0,validation,labeled,42,1:9;2:32;3:1,bbox:2;polygon:40,10b247f46381a7034a66f0bfc9b4e40ad232cc18264692e125b37fc2ada137ea
b4b2020e702905c1c0a02eb7265ac54691596654004f39b43ebf12786baee9a1,valid/images/YTDown-com_YouTube_Crazy-yet-Organized-Traffic-in-Vietnam-H_Media_fm0cX7P6PSw_001_1080p_frame_00279_jpg.rf.7bbd81e4d50330b2ad1c706841f4e239.jpg,valid/labels/YTDown-com_YouTube_Crazy-yet-Organized-Traffic-in-Vietnam-H_Media_fm0cX7P6PSw_001_1080p_frame_00279_jpg.rf.7bbd81e4d50330b2ad1c706841f4e239.txt,YTDown-com_YouTube_Crazy-yet-Organized-Traffic-in-Vietnam-H_Media_fm0cX7P6PSw_001_1080p,279,139.5,validation,labeled,54,1:10;2:42;3:1;4:1,bbox:4;polygon:50,b4b2020e702905c1c0a02eb7265ac54691596654004f39b43ebf12786baee9a1
a159d878ee04746cba23bd5d64910f01ba1346c89c341a928d8cd5887d0cd221,valid/images/YTDown-com_YouTube_Crazy-yet-Organized-Traffic-in-Vietnam-H_Media_fm0cX7P6PSw_001_1080p_frame_00291_jpg.rf.2c0967d035ff18d9e35fe9b4e632964e.jpg,valid/labels/YTDown-com_YouTube_Crazy-yet-Organized-Traffic-in-Vietnam-H_Media_fm0cX7P6PSw_001_1080p_frame_00291_jpg.rf.2c0967d035ff18d9e35fe9b4e632964e.txt,YTDown-com_YouTube_Crazy-yet-Organized-Traffic-in-Vietnam-H_Media_fm0cX7P6PSw_001_1080p,291,145.5,validation,labeled,56,1:10;2:46,bbox:2;polygon:54,a159d878ee04746cba23bd5d64910f01ba1346c89c341a928d8cd5887d0cd221
b82f9310c79215abb1098b8328324e10ee0f864d5bc037763e790f5b50b23e96,valid/images/YTDown-com_YouTube_Rush-Hour-Traffic-with-motorcycle-in-Ho-_Media_1ZupwFOhjl4_001_1080p_frame_00003_jpg.rf.aabc6a25c28d4bbb7f2fa2a98eabb668.jpg,valid/labels/YTDown-com_YouTube_Rush-Hour-Traffic-with-motorcycle-in-Ho-_Media_1ZupwFOhjl4_001_1080p_frame_00003_jpg.rf.aabc6a25c28d4bbb7f2fa2a98eabb668.txt,YTDown-com_YouTube_Rush-Hour-Traffic-with-motorcycle-in-Ho-_Media_1ZupwFOhjl4_001_1080p,3,1.5,validation,labeled,89,0:3;1:27;2:55;3:4,bbox:9;polygon:80,b82f9310c79215abb1098b8328324e10ee0f864d5bc037763e790f5b50b23e96
15aebd4b2f0c5341dd67992964d7351979587d0db49182d1b33b2c74f7b0ac0c,valid/images/YTDown-com_YouTube_Rush-Hour-Traffic-with-motorcycle-in-Ho-_Media_1ZupwFOhjl4_001_1080p_frame_00007_jpg.rf.377f09d202bbecd1d2175e1793c88eb6.jpg,valid/labels/YTDown-com_YouTube_Rush-Hour-Traffic-with-motorcycle-in-Ho-_Media_1ZupwFOhjl4_001_1080p_frame_00007_jpg.rf.377f09d202bbecd1d2175e1793c88eb6.txt,YTDown-com_YouTube_Rush-Hour-Traffic-with-motorcycle-in-Ho-_Media_1ZupwFOhjl4_001_1080p,7,3.5,validation,labeled,86,0:1;1:34;2:47;3:4,bbox:7;polygon:79,15aebd4b2f0c5341dd67992964d7351979587d0db49182d1b33b2c74f7b0ac0c
d63f9d46350fdf803d6b01c35148eea64e0cb2029d45a62b524b1b4b49662578,valid/images/YTDown-com_YouTube_Rush-Hour-Traffic-with-motorcycle-in-Ho-_Media_1ZupwFOhjl4_001_1080p_frame_00015_jpg.rf.5b092ccdfe6767fa98f5e32433a4b785.jpg,valid/labels/YTDown-com_YouTube_Rush-Hour-Traffic-with-motorcycle-in-Ho-_Media_1ZupwFOhjl4_001_1080p_frame_00015_jpg.rf.5b092ccdfe6767fa98f5e32433a4b785.txt,YTDown-com_YouTube_Rush-Hour-Traffic-with-motorcycle-in-Ho-_Media_1ZupwFOhjl4_001_1080p,15,7.5,validation,labeled,83,0:3;1:31;2:44;3:5,bbox:3;polygon:80,d63f9d46350fdf803d6b01c35148eea64e0cb2029d45a62b524b1b4b49662578
ea39d96b1c7aedaf0b312fc9f75d71a53467afda322447e9ed2f425bc8cc79f1,valid/images/YTDown-com_YouTube_Rush-Hour-Traffic-with-motorcycle-in-Ho-_Media_1ZupwFOhjl4_001_1080p_frame_00016_jpg.rf.d4141c6c9207074f355ca5b715f26d78.jpg,valid/labels/YTDown-com_YouTube_Rush-Hour-Traffic-with-motorcycle-in-Ho-_Media_1ZupwFOhjl4_001_1080p_frame_00016_jpg.rf.d4141c6c9207074f355ca5b715f26d78.txt,YTDown-com_YouTube_Rush-Hour-Traffic-with-motorcycle-in-Ho-_Media_1ZupwFOhjl4_001_1080p,16,8.0,validation,labeled,86,0:2;1:32;2:46;3:6,bbox:3;polygon:83,ea39d96b1c7aedaf0b312fc9f75d71a53467afda322447e9ed2f425bc8cc79f1
c8c5a783fc58756ddcc4df6a7167db88431f7a37cc02576eeb11ff524c9b6b64,valid/images/YTDown-com_YouTube_Rush-Hour-Traffic-with-motorcycle-in-Ho-_Media_1ZupwFOhjl4_001_1080p_frame_00025_jpg.rf.98061af33deaee454be00a8124ec6e16.jpg,valid/labels/YTDown-com_YouTube_Rush-Hour-Traffic-with-motorcycle-in-Ho-_Media_1ZupwFOhjl4_001_1080p_frame_00025_jpg.rf.98061af33deaee454be00a8124ec6e16.txt,YTDown-com_YouTube_Rush-Hour-Traffic-with-motorcycle-in-Ho-_Media_1ZupwFOhjl4_001_1080p,25,12.5,validation,labeled,77,0:2;1:30;2:41;3:4,bbox:2;polygon:75,c8c5a783fc58756ddcc4df6a7167db88431f7a37cc02576eeb11ff524c9b6b64
a376e90054b368756b04a2534e7284e6d815f10f68964e46c16f1018cf279ebf,valid/images/YTDown-com_YouTube_Rush-Hour-Traffic-with-motorcycle-in-Ho-_Media_1ZupwFOhjl4_001_1080p_frame_00032_jpg.rf.7e813288917b437d04d782f32a233551.jpg,valid/labels/YTDown-com_YouTube_Rush-Hour-Traffic-with-motorcycle-in-Ho-_Media_1ZupwFOhjl4_001_1080p_frame_00032_jpg.rf.7e813288917b437d04d782f32a233551.txt,YTDown-com_YouTube_Rush-Hour-Traffic-with-motorcycle-in-Ho-_Media_1ZupwFOhjl4_001_1080p,32,16.0,validation,labeled,79,0:3;1:29;2:43;3:4,polygon:79,a376e90054b368756b04a2534e7284e6d815f10f68964e46c16f1018cf279ebf
4aaf0f593e07039dc1ab1641f3a7c7157a4121821ab06a0447a0fdc3360369a3,valid/images/YTDown-com_YouTube_Rush-Hour-Traffic-with-motorcycle-in-Ho-_Media_1ZupwFOhjl4_001_1080p_frame_00040_jpg.rf.7ac3732720df8ca7fe4e48524e6f9907.jpg,valid/labels/YTDown-com_YouTube_Rush-Hour-Traffic-with-motorcycle-in-Ho-_Media_1ZupwFOhjl4_001_1080p_frame_00040_jpg.rf.7ac3732720df8ca7fe4e48524e6f9907.txt,YTDown-com_YouTube_Rush-Hour-Traffic-with-motorcycle-in-Ho-_Media_1ZupwFOhjl4_001_1080p,40,20.0,validation,labeled,94,0:2;1:31;2:59;3:2,bbox:6;polygon:88,4aaf0f593e07039dc1ab1641f3a7c7157a4121821ab06a0447a0fdc3360369a3
5f06ef343130e36ebbf97547691f17964ab1d6432618bda5d1e10963ab8ea025,valid/images/YTDown-com_YouTube_Rush-Hour-Traffic-with-motorcycle-in-Ho-_Media_1ZupwFOhjl4_001_1080p_frame_00042_jpg.rf.009daae0bc0e9aa586eca0f423682f6b.jpg,valid/labels/YTDown-com_YouTube_Rush-Hour-Traffic-with-motorcycle-in-Ho-_Media_1ZupwFOhjl4_001_1080p_frame_00042_jpg.rf.009daae0bc0e9aa586eca0f423682f6b.txt,YTDown-com_YouTube_Rush-Hour-Traffic-with-motorcycle-in-Ho-_Media_1ZupwFOhjl4_001_1080p,42,21.0,validation,labeled,92,0:2;1:32;2:56;3:2,bbox:4;polygon:88,5f06ef343130e36ebbf97547691f17964ab1d6432618bda5d1e10963ab8ea025
026dbab4b491b2047d846f9a511f603dbd354f3293be48704954a80e72abe911,valid/images/YTDown-com_YouTube_Rush-Hour-Traffic-with-motorcycle-in-Ho-_Media_1ZupwFOhjl4_001_1080p_frame_00046_jpg.rf.2a3acdc9b87dea4b51715654f6dbbf91.jpg,valid/labels/YTDown-com_YouTube_Rush-Hour-Traffic-with-motorcycle-in-Ho-_Media_1ZupwFOhjl4_001_1080p_frame_00046_jpg.rf.2a3acdc9b87dea4b51715654f6dbbf91.txt,YTDown-com_YouTube_Rush-Hour-Traffic-with-motorcycle-in-Ho-_Media_1ZupwFOhjl4_001_1080p,46,23.0,validation,labeled,77,0:3;1:27;2:45;3:2,bbox:5;polygon:72,026dbab4b491b2047d846f9a511f603dbd354f3293be48704954a80e72abe911
a44a365a706519b59eabfdde5a0117448927a135ee1a73d97365e6352c2a94f2,valid/images/YTDown-com_YouTube_Rush-Hour-Traffic-with-motorcycle-in-Ho-_Media_1ZupwFOhjl4_001_1080p_frame_00051_jpg.rf.5d53ca67f9e9ebc9da2d5e121370f96f.jpg,valid/labels/YTDown-com_YouTube_Rush-Hour-Traffic-with-motorcycle-in-Ho-_Media_1ZupwFOhjl4_001_1080p_frame_00051_jpg.rf.5d53ca67f9e9ebc9da2d5e121370f96f.txt,YTDown-com_YouTube_Rush-Hour-Traffic-with-motorcycle-in-Ho-_Media_1ZupwFOhjl4_001_1080p,51,25.5,validation,labeled,82,0:3;1:26;2:50;3:3,bbox:2;polygon:80,a44a365a706519b59eabfdde5a0117448927a135ee1a73d97365e6352c2a94f2
6259a200f9487ddfe498adcf59f55318fbd275ad2ec40ae905c8308e78696166,valid/images/YTDown-com_YouTube_Rush-Hour-Traffic-with-motorcycle-in-Ho-_Media_1ZupwFOhjl4_001_1080p_frame_00052_jpg.rf.ed174ecc7fa663b515cb9b16afa69b1c.jpg,valid/labels/YTDown-com_YouTube_Rush-Hour-Traffic-with-motorcycle-in-Ho-_Media_1ZupwFOhjl4_001_1080p_frame_00052_jpg.rf.ed174ecc7fa663b515cb9b16afa69b1c.txt,YTDown-com_YouTube_Rush-Hour-Traffic-with-motorcycle-in-Ho-_Media_1ZupwFOhjl4_001_1080p,52,26.0,validation,labeled,74,0:3;1:26;2:42;3:3,bbox:6;polygon:68,6259a200f9487ddfe498adcf59f55318fbd275ad2ec40ae905c8308e78696166
c1d14608e35c0523f322a7009364f61286163fdef45c0b6190dbd48cfd2c5bd4,valid/images/YTDown-com_YouTube_Rush-Hour-Traffic-with-motorcycle-in-Ho-_Media_1ZupwFOhjl4_001_1080p_frame_00056_jpg.rf.c02279a3e41371cd552e41e7817eaf07.jpg,valid/labels/YTDown-com_YouTube_Rush-Hour-Traffic-with-motorcycle-in-Ho-_Media_1ZupwFOhjl4_001_1080p_frame_00056_jpg.rf.c02279a3e41371cd552e41e7817eaf07.txt,YTDown-com_YouTube_Rush-Hour-Traffic-with-motorcycle-in-Ho-_Media_1ZupwFOhjl4_001_1080p,56,28.0,validation,labeled,77,0:4;1:25;2:47;3:1,bbox:2;polygon:75,c1d14608e35c0523f322a7009364f61286163fdef45c0b6190dbd48cfd2c5bd4
0bcac79c1a3d8576632f49be71543e6920cc9552a2619cd7b235c4fe0d96b2ae,valid/images/YTDown-com_YouTube_Rush-Hour-Traffic-with-motorcycle-in-Ho-_Media_1ZupwFOhjl4_001_1080p_frame_00063_jpg.rf.b7cb29e352468e27b29bd75dc04ee295.jpg,valid/labels/YTDown-com_YouTube_Rush-Hour-Traffic-with-motorcycle-in-Ho-_Media_1ZupwFOhjl4_001_1080p_frame_00063_jpg.rf.b7cb29e352468e27b29bd75dc04ee295.txt,YTDown-com_YouTube_Rush-Hour-Traffic-with-motorcycle-in-Ho-_Media_1ZupwFOhjl4_001_1080p,63,31.5,validation,labeled,64,0:2;1:22;2:39;3:1,bbox:2;polygon:62,0bcac79c1a3d8576632f49be71543e6920cc9552a2619cd7b235c4fe0d96b2ae
a8d5c6ee56fac3c7d8cf6b5055d093a1566701dacf6dbe71869554961208484e,valid/images/YTDown-com_YouTube_Rush-Hour-Traffic-with-motorcycle-in-Ho-_Media_1ZupwFOhjl4_001_1080p_frame_00069_jpg.rf.b3d5568442537e192ad4967f0eba2fd2.jpg,valid/labels/YTDown-com_YouTube_Rush-Hour-Traffic-with-motorcycle-in-Ho-_Media_1ZupwFOhjl4_001_1080p_frame_00069_jpg.rf.b3d5568442537e192ad4967f0eba2fd2.txt,YTDown-com_YouTube_Rush-Hour-Traffic-with-motorcycle-in-Ho-_Media_1ZupwFOhjl4_001_1080p,69,34.5,validation,labeled,72,0:3;1:20;2:48;3:1,bbox:3;polygon:69,a8d5c6ee56fac3c7d8cf6b5055d093a1566701dacf6dbe71869554961208484e
9ba3db81406aec749844b985317774141420bf64cbf06fefed4d607cc10f6e15,valid/images/YTDown-com_YouTube_Rush-Hour-Traffic-with-motorcycle-in-Ho-_Media_1ZupwFOhjl4_001_1080p_frame_00071_jpg.rf.cd2caee5cbe46016775316adaf85a9ef.jpg,valid/labels/YTDown-com_YouTube_Rush-Hour-Traffic-with-motorcycle-in-Ho-_Media_1ZupwFOhjl4_001_1080p_frame_00071_jpg.rf.cd2caee5cbe46016775316adaf85a9ef.txt,YTDown-com_YouTube_Rush-Hour-Traffic-with-motorcycle-in-Ho-_Media_1ZupwFOhjl4_001_1080p,71,35.5,validation,labeled,77,0:4;1:19;2:53;3:1,bbox:4;polygon:73,9ba3db81406aec749844b985317774141420bf64cbf06fefed4d607cc10f6e15
766d2c41426051289fcf7c3c50eaaa53dfe164ebe7755226e1186ac278f24262,valid/images/YTDown-com_YouTube_Rush-Hour-Traffic-with-motorcycle-in-Ho-_Media_1ZupwFOhjl4_001_1080p_frame_00072_jpg.rf.2fb619008e2f08ebea0697f18e32c317.jpg,valid/labels/YTDown-com_YouTube_Rush-Hour-Traffic-with-motorcycle-in-Ho-_Media_1ZupwFOhjl4_001_1080p_frame_00072_jpg.rf.2fb619008e2f08ebea0697f18e32c317.txt,YTDown-com_YouTube_Rush-Hour-Traffic-with-motorcycle-in-Ho-_Media_1ZupwFOhjl4_001_1080p,72,36.0,validation,labeled,68,0:5;1:17;2:44;3:2,bbox:6;polygon:62,766d2c41426051289fcf7c3c50eaaa53dfe164ebe7755226e1186ac278f24262
fc0db0abb1b6759afbc7bc55766e2d0fa55ac0ec4ec879e2d5017ea74cd198c0,valid/images/YTDown-com_YouTube_Rush-Hour-Traffic-with-motorcycle-in-Ho-_Media_1ZupwFOhjl4_001_1080p_frame_00076_jpg.rf.7b8bf2354dd937e3c617c48c1315be60.jpg,valid/labels/YTDown-com_YouTube_Rush-Hour-Traffic-with-motorcycle-in-Ho-_Media_1ZupwFOhjl4_001_1080p_frame_00076_jpg.rf.7b8bf2354dd937e3c617c48c1315be60.txt,YTDown-com_YouTube_Rush-Hour-Traffic-with-motorcycle-in-Ho-_Media_1ZupwFOhjl4_001_1080p,76,38.0,validation,labeled,56,0:4;1:19;2:32;3:1,bbox:5;polygon:51,fc0db0abb1b6759afbc7bc55766e2d0fa55ac0ec4ec879e2d5017ea74cd198c0
ab696f2c2cea4c1105226106067bad5ffedc6801ace0e009ea4645af125bc7c1,valid/images/YTDown-com_YouTube_Rush-Hour-Traffic-with-motorcycle-in-Ho-_Media_1ZupwFOhjl4_001_1080p_frame_00083_jpg.rf.b43930a094b4de9ed66104b6900e2feb.jpg,valid/labels/YTDown-com_YouTube_Rush-Hour-Traffic-with-motorcycle-in-Ho-_Media_1ZupwFOhjl4_001_1080p_frame_00083_jpg.rf.b43930a094b4de9ed66104b6900e2feb.txt,YTDown-com_YouTube_Rush-Hour-Traffic-with-motorcycle-in-Ho-_Media_1ZupwFOhjl4_001_1080p,83,41.5,validation,labeled,56,0:3;1:16;2:36;3:1,bbox:4;polygon:52,ab696f2c2cea4c1105226106067bad5ffedc6801ace0e009ea4645af125bc7c1
5a3c10b45697adba20857b159188d43b8f98e0f12792d83bf033fb2767ea7a63,valid/images/YTDown-com_YouTube_Rush-Hour-Traffic-with-motorcycle-in-Ho-_Media_1ZupwFOhjl4_001_1080p_frame_00091_jpg.rf.6dfef2e77736175def22c88a0649ea8c.jpg,valid/labels/YTDown-com_YouTube_Rush-Hour-Traffic-with-motorcycle-in-Ho-_Media_1ZupwFOhjl4_001_1080p_frame_00091_jpg.rf.6dfef2e77736175def22c88a0649ea8c.txt,YTDown-com_YouTube_Rush-Hour-Traffic-with-motorcycle-in-Ho-_Media_1ZupwFOhjl4_001_1080p,91,45.5,validation,labeled,58,0:4;1:16;2:35;3:2;4:1,polygon:58,5a3c10b45697adba20857b159188d43b8f98e0f12792d83bf033fb2767ea7a63
6eebc1af89284fdeacc04c13eb346f8cf6cd2593bcdb365402aebb3fce6c35db,valid/images/YTDown-com_YouTube_Rush-Hour-Traffic-with-motorcycle-in-Ho-_Media_1ZupwFOhjl4_001_1080p_frame_00092_jpg.rf.d5e7b744d324ae0e938a5cbea849d8bc.jpg,valid/labels/YTDown-com_YouTube_Rush-Hour-Traffic-with-motorcycle-in-Ho-_Media_1ZupwFOhjl4_001_1080p_frame_00092_jpg.rf.d5e7b744d324ae0e938a5cbea849d8bc.txt,YTDown-com_YouTube_Rush-Hour-Traffic-with-motorcycle-in-Ho-_Media_1ZupwFOhjl4_001_1080p,92,46.0,validation,labeled,57,0:4;1:14;2:38;4:1,bbox:4;polygon:53,6eebc1af89284fdeacc04c13eb346f8cf6cd2593bcdb365402aebb3fce6c35db
9459b90286d91c46ab2abe1dc6bc347944bc48e4d5bbf29fea29a41bae35d75b,valid/images/YTDown-com_YouTube_Rush-Hour-Traffic-with-motorcycle-in-Ho-_Media_1ZupwFOhjl4_001_1080p_frame_00093_jpg.rf.03c964cd119fd38a1d326ee56abcd50f.jpg,valid/labels/YTDown-com_YouTube_Rush-Hour-Traffic-with-motorcycle-in-Ho-_Media_1ZupwFOhjl4_001_1080p_frame_00093_jpg.rf.03c964cd119fd38a1d326ee56abcd50f.txt,YTDown-com_YouTube_Rush-Hour-Traffic-with-motorcycle-in-Ho-_Media_1ZupwFOhjl4_001_1080p,93,46.5,validation,labeled,58,0:3;1:13;2:40;3:1;4:1,bbox:1;polygon:57,9459b90286d91c46ab2abe1dc6bc347944bc48e4d5bbf29fea29a41bae35d75b
84b7c3854a42fd93bcb2eb2b7db87d44b165dfd15551f17cbea976b211acee75,valid/images/YTDown-com_YouTube_Rush-Hour-Traffic-with-motorcycle-in-Ho-_Media_1ZupwFOhjl4_001_1080p_frame_00096_jpg.rf.8c4669e16f9b327e621e007e0eaa9055.jpg,valid/labels/YTDown-com_YouTube_Rush-Hour-Traffic-with-motorcycle-in-Ho-_Media_1ZupwFOhjl4_001_1080p_frame_00096_jpg.rf.8c4669e16f9b327e621e007e0eaa9055.txt,YTDown-com_YouTube_Rush-Hour-Traffic-with-motorcycle-in-Ho-_Media_1ZupwFOhjl4_001_1080p,96,48.0,validation,labeled,48,0:3;1:14;2:30;4:1,polygon:48,84b7c3854a42fd93bcb2eb2b7db87d44b165dfd15551f17cbea976b211acee75
7277a117ab251c5fb29f600f2db2492970c889cc83682b928dfbc23a1524302a,valid/images/YTDown-com_YouTube_Rush-Hour-Traffic-with-motorcycle-in-Ho-_Media_1ZupwFOhjl4_001_1080p_frame_00106_jpg.rf.57c75fc2d406e918a61196c1a0b01620.jpg,valid/labels/YTDown-com_YouTube_Rush-Hour-Traffic-with-motorcycle-in-Ho-_Media_1ZupwFOhjl4_001_1080p_frame_00106_jpg.rf.57c75fc2d406e918a61196c1a0b01620.txt,YTDown-com_YouTube_Rush-Hour-Traffic-with-motorcycle-in-Ho-_Media_1ZupwFOhjl4_001_1080p,106,53.0,validation,labeled,42,0:2;1:7;2:29;3:3;4:1,polygon:42,7277a117ab251c5fb29f600f2db2492970c889cc83682b928dfbc23a1524302a
0e28231a44453568c7c18643c9eeb773278df387f6234689cdb6630ccf05f67e,valid/images/YTDown-com_YouTube_Rush-Hour-Traffic-with-motorcycle-in-Ho-_Media_1ZupwFOhjl4_001_1080p_frame_00107_jpg.rf.4cd0bc7948dbe13387d6afc3e19d113e.jpg,valid/labels/YTDown-com_YouTube_Rush-Hour-Traffic-with-motorcycle-in-Ho-_Media_1ZupwFOhjl4_001_1080p_frame_00107_jpg.rf.4cd0bc7948dbe13387d6afc3e19d113e.txt,YTDown-com_YouTube_Rush-Hour-Traffic-with-motorcycle-in-Ho-_Media_1ZupwFOhjl4_001_1080p,107,53.5,validation,labeled,41,0:2;1:7;2:28;3:3;4:1,bbox:4;polygon:37,0e28231a44453568c7c18643c9eeb773278df387f6234689cdb6630ccf05f67e
c202cd6509eb94570fb76da18d3ece3dacdabac7bd4fc20386a685fcd1a81171,valid/images/YTDown-com_YouTube_Rush-Hour-Traffic-with-motorcycle-in-Ho-_Media_1ZupwFOhjl4_001_1080p_frame_00123_jpg.rf.92f68d5e03e9c27faa3ddd7e3c1a1273.jpg,valid/labels/YTDown-com_YouTube_Rush-Hour-Traffic-with-motorcycle-in-Ho-_Media_1ZupwFOhjl4_001_1080p_frame_00123_jpg.rf.92f68d5e03e9c27faa3ddd7e3c1a1273.txt,YTDown-com_YouTube_Rush-Hour-Traffic-with-motorcycle-in-Ho-_Media_1ZupwFOhjl4_001_1080p,123,61.5,validation,labeled,53,0:2;1:8;2:40;3:2;4:1,bbox:2;polygon:51,c202cd6509eb94570fb76da18d3ece3dacdabac7bd4fc20386a685fcd1a81171
9fb2d3fb66aee81f6a705d70ab686c17f2caaa3c66d57332af632c3b505f9ac5,valid/images/YTDown-com_YouTube_Rush-Hour-Traffic-with-motorcycle-in-Ho-_Media_1ZupwFOhjl4_001_1080p_frame_00126_jpg.rf.f17a0e6d186c511804a22b7e7305fb3e.jpg,valid/labels/YTDown-com_YouTube_Rush-Hour-Traffic-with-motorcycle-in-Ho-_Media_1ZupwFOhjl4_001_1080p_frame_00126_jpg.rf.f17a0e6d186c511804a22b7e7305fb3e.txt,YTDown-com_YouTube_Rush-Hour-Traffic-with-motorcycle-in-Ho-_Media_1ZupwFOhjl4_001_1080p,126,63.0,validation,labeled,52,0:1;1:8;2:40;3:2;4:1,bbox:3;polygon:49,9fb2d3fb66aee81f6a705d70ab686c17f2caaa3c66d57332af632c3b505f9ac5
232f4f5c46db5b48ab3ed3bd0add0d389675844ca19d3e5eda3904f714902626,valid/images/YTDown-com_YouTube_Rush-Hour-Traffic-with-motorcycle-in-Ho-_Media_1ZupwFOhjl4_001_1080p_frame_00136_jpg.rf.1cf807c427f460d8e1af4d9c59cf2215.jpg,valid/labels/YTDown-com_YouTube_Rush-Hour-Traffic-with-motorcycle-in-Ho-_Media_1ZupwFOhjl4_001_1080p_frame_00136_jpg.rf.1cf807c427f460d8e1af4d9c59cf2215.txt,YTDown-com_YouTube_Rush-Hour-Traffic-with-motorcycle-in-Ho-_Media_1ZupwFOhjl4_001_1080p,136,68.0,validation,labeled,57,0:2;1:9;2:43;3:2;4:1,bbox:1;polygon:56,232f4f5c46db5b48ab3ed3bd0add0d389675844ca19d3e5eda3904f714902626
26675fbeb6f1bcf8621a8f1f781d6347887a601f8eba881a5af0d9cdbdfe2abf,valid/images/YTDown-com_YouTube_Rush-Hour-Traffic-with-motorcycle-in-Ho-_Media_1ZupwFOhjl4_001_1080p_frame_00152_jpg.rf.28dbaec804fa58251014cb8c6fa86994.jpg,valid/labels/YTDown-com_YouTube_Rush-Hour-Traffic-with-motorcycle-in-Ho-_Media_1ZupwFOhjl4_001_1080p_frame_00152_jpg.rf.28dbaec804fa58251014cb8c6fa86994.txt,YTDown-com_YouTube_Rush-Hour-Traffic-with-motorcycle-in-Ho-_Media_1ZupwFOhjl4_001_1080p,152,76.0,validation,labeled,95,0:5;1:27;2:54;3:8;4:1,bbox:8;polygon:87,26675fbeb6f1bcf8621a8f1f781d6347887a601f8eba881a5af0d9cdbdfe2abf
e8240b9c73ee1738dcc68a6373c5596eaa217cbf5e20e2e0e351faa27f305b65,valid/images/YTDown-com_YouTube_Rush-Hour-Traffic-with-motorcycle-in-Ho-_Media_1ZupwFOhjl4_001_1080p_frame_00158_jpg.rf.e7cd05e21d91dd2e4a500f548fcfc2df.jpg,valid/labels/YTDown-com_YouTube_Rush-Hour-Traffic-with-motorcycle-in-Ho-_Media_1ZupwFOhjl4_001_1080p_frame_00158_jpg.rf.e7cd05e21d91dd2e4a500f548fcfc2df.txt,YTDown-com_YouTube_Rush-Hour-Traffic-with-motorcycle-in-Ho-_Media_1ZupwFOhjl4_001_1080p,158,79.0,validation,labeled,99,0:3;1:26;2:64;3:5;4:1,bbox:3;polygon:96,e8240b9c73ee1738dcc68a6373c5596eaa217cbf5e20e2e0e351faa27f305b65
c85ffb6cc8142154a98a004bb5387a2ee9fb5482c428cd03d6a49271436102e8,valid/images/YTDown-com_YouTube_Rush-Hour-Traffic-with-motorcycle-in-Ho-_Media_1ZupwFOhjl4_001_1080p_frame_00170_jpg.rf.afd24a2330726d3ccfb9b7dabb5d1ad5.jpg,valid/labels/YTDown-com_YouTube_Rush-Hour-Traffic-with-motorcycle-in-Ho-_Media_1ZupwFOhjl4_001_1080p_frame_00170_jpg.rf.afd24a2330726d3ccfb9b7dabb5d1ad5.txt,YTDown-com_YouTube_Rush-Hour-Traffic-with-motorcycle-in-Ho-_Media_1ZupwFOhjl4_001_1080p,170,85.0,validation,labeled,101,0:3;1:26;2:66;3:5;4:1,bbox:4;polygon:97,c85ffb6cc8142154a98a004bb5387a2ee9fb5482c428cd03d6a49271436102e8
a0f1aa06bc4c13eade8663b50a83c17f952b06ca5372a560ba5def9763dfd70b,valid/images/YTDown-com_YouTube_Rush-Hour-Traffic-with-motorcycle-in-Ho-_Media_1ZupwFOhjl4_001_1080p_frame_00176_jpg.rf.b3a5c0b785cad37cbd748d94f96145a6.jpg,valid/labels/YTDown-com_YouTube_Rush-Hour-Traffic-with-motorcycle-in-Ho-_Media_1ZupwFOhjl4_001_1080p_frame_00176_jpg.rf.b3a5c0b785cad37cbd748d94f96145a6.txt,YTDown-com_YouTube_Rush-Hour-Traffic-with-motorcycle-in-Ho-_Media_1ZupwFOhjl4_001_1080p,176,88.0,validation,labeled,85,0:2;1:23;2:56;3:3;4:1,bbox:6;polygon:79,a0f1aa06bc4c13eade8663b50a83c17f952b06ca5372a560ba5def9763dfd70b
0ce8b6b45462f72f36c6995c398583e6798ad4fbab3e56f23b8a4efe58aeb463,valid/images/YTDown-com_YouTube_Rush-Hour-Traffic-with-motorcycle-in-Ho-_Media_1ZupwFOhjl4_001_1080p_frame_00182_jpg.rf.c9634a59d21b018434d50df9e38300a2.jpg,valid/labels/YTDown-com_YouTube_Rush-Hour-Traffic-with-motorcycle-in-Ho-_Media_1ZupwFOhjl4_001_1080p_frame_00182_jpg.rf.c9634a59d21b018434d50df9e38300a2.txt,YTDown-com_YouTube_Rush-Hour-Traffic-with-motorcycle-in-Ho-_Media_1ZupwFOhjl4_001_1080p,182,91.0,validation,labeled,99,0:2;1:25;2:69;3:2;4:1,bbox:11;polygon:88,0ce8b6b45462f72f36c6995c398583e6798ad4fbab3e56f23b8a4efe58aeb463
f38f12c6e28f053ceac1c5c58b634c426970a60460c84bac295cb252acdec366,valid/images/YTDown-com_YouTube_Rush-Hour-Traffic-with-motorcycle-in-Ho-_Media_1ZupwFOhjl4_001_1080p_frame_00184_jpg.rf.ac8964e0b82fd770bd40906709525a21.jpg,valid/labels/YTDown-com_YouTube_Rush-Hour-Traffic-with-motorcycle-in-Ho-_Media_1ZupwFOhjl4_001_1080p_frame_00184_jpg.rf.ac8964e0b82fd770bd40906709525a21.txt,YTDown-com_YouTube_Rush-Hour-Traffic-with-motorcycle-in-Ho-_Media_1ZupwFOhjl4_001_1080p,184,92.0,validation,labeled,98,0:2;1:24;2:67;3:4;4:1,bbox:7;polygon:91,f38f12c6e28f053ceac1c5c58b634c426970a60460c84bac295cb252acdec366
79971120823fcc17a76ab1de68244fe30dbca4d303b6f1462310b9ce2ad2fde5,valid/images/YTDown-com_YouTube_Rush-Hour-Traffic-with-motorcycle-in-Ho-_Media_1ZupwFOhjl4_001_1080p_frame_00187_jpg.rf.6be5d2e128c4e70b8e41762c974b0a69.jpg,valid/labels/YTDown-com_YouTube_Rush-Hour-Traffic-with-motorcycle-in-Ho-_Media_1ZupwFOhjl4_001_1080p_frame_00187_jpg.rf.6be5d2e128c4e70b8e41762c974b0a69.txt,YTDown-com_YouTube_Rush-Hour-Traffic-with-motorcycle-in-Ho-_Media_1ZupwFOhjl4_001_1080p,187,93.5,validation,labeled,98,0:3;1:23;2:69;3:2;4:1,bbox:6;polygon:92,79971120823fcc17a76ab1de68244fe30dbca4d303b6f1462310b9ce2ad2fde5
9c280c76e26422307fb526cc0babdb94664ebd25038ee30cba4a65689a997922,valid/images/YTDown-com_YouTube_Rush-Hour-Traffic-with-motorcycle-in-Ho-_Media_1ZupwFOhjl4_001_1080p_frame_00190_jpg.rf.f9ae4a1d031ba07053637450be3a44db.jpg,valid/labels/YTDown-com_YouTube_Rush-Hour-Traffic-with-motorcycle-in-Ho-_Media_1ZupwFOhjl4_001_1080p_frame_00190_jpg.rf.f9ae4a1d031ba07053637450be3a44db.txt,YTDown-com_YouTube_Rush-Hour-Traffic-with-motorcycle-in-Ho-_Media_1ZupwFOhjl4_001_1080p,190,95.0,validation,labeled,93,0:5;1:24;2:62;3:1;4:1,bbox:7;polygon:86,9c280c76e26422307fb526cc0babdb94664ebd25038ee30cba4a65689a997922
5b2868e23c4d5dee8203674934a30bc30c4b2bffc3a313bb930c5e3eafcd6639,valid/images/YTDown-com_YouTube_Rush-Hour-Traffic-with-motorcycle-in-Ho-_Media_1ZupwFOhjl4_001_1080p_frame_00191_jpg.rf.98ddf0ed4ab4c4abcdacb50d89a90dbf.jpg,valid/labels/YTDown-com_YouTube_Rush-Hour-Traffic-with-motorcycle-in-Ho-_Media_1ZupwFOhjl4_001_1080p_frame_00191_jpg.rf.98ddf0ed4ab4c4abcdacb50d89a90dbf.txt,YTDown-com_YouTube_Rush-Hour-Traffic-with-motorcycle-in-Ho-_Media_1ZupwFOhjl4_001_1080p,191,95.5,validation,labeled,91,0:3;1:22;2:64;3:1;4:1,bbox:6;polygon:85,5b2868e23c4d5dee8203674934a30bc30c4b2bffc3a313bb930c5e3eafcd6639
ede39c344f4da73f0104d8d169ad4e569e8c42f8fc18c2b6167ae000ab359136,valid/images/YTDown-com_YouTube_Rush-Hour-Traffic-with-motorcycle-in-Ho-_Media_1ZupwFOhjl4_001_1080p_frame_00198_jpg.rf.7061434cc503dc1e183b4b418b33e4d5.jpg,valid/labels/YTDown-com_YouTube_Rush-Hour-Traffic-with-motorcycle-in-Ho-_Media_1ZupwFOhjl4_001_1080p_frame_00198_jpg.rf.7061434cc503dc1e183b4b418b33e4d5.txt,YTDown-com_YouTube_Rush-Hour-Traffic-with-motorcycle-in-Ho-_Media_1ZupwFOhjl4_001_1080p,198,99.0,validation,labeled,89,0:4;1:20;2:62;3:2;4:1,bbox:4;polygon:85,ede39c344f4da73f0104d8d169ad4e569e8c42f8fc18c2b6167ae000ab359136
10be76459fb5f16c5ad95db6b5fbdc7f7efd7a15331c8ad6a37349f6a72b2d26,valid/images/YTDown-com_YouTube_Rush-Hour-Traffic-with-motorcycle-in-Ho-_Media_1ZupwFOhjl4_001_1080p_frame_00199_jpg.rf.65150b3cb36a5afb81d38fec7a327d32.jpg,valid/labels/YTDown-com_YouTube_Rush-Hour-Traffic-with-motorcycle-in-Ho-_Media_1ZupwFOhjl4_001_1080p_frame_00199_jpg.rf.65150b3cb36a5afb81d38fec7a327d32.txt,YTDown-com_YouTube_Rush-Hour-Traffic-with-motorcycle-in-Ho-_Media_1ZupwFOhjl4_001_1080p,199,99.5,validation,labeled,95,0:5;1:23;2:65;3:1;4:1,bbox:7;polygon:88,10be76459fb5f16c5ad95db6b5fbdc7f7efd7a15331c8ad6a37349f6a72b2d26
1fb2a056f577b1f0715b77887a6bdb870196c7665301d1e8281d80e54522b377,valid/images/YTDown-com_YouTube_Rush-Hour-Traffic-with-motorcycle-in-Ho-_Media_1ZupwFOhjl4_001_1080p_frame_00204_jpg.rf.73c8f1c8db8dd5d78050048427387352.jpg,valid/labels/YTDown-com_YouTube_Rush-Hour-Traffic-with-motorcycle-in-Ho-_Media_1ZupwFOhjl4_001_1080p_frame_00204_jpg.rf.73c8f1c8db8dd5d78050048427387352.txt,YTDown-com_YouTube_Rush-Hour-Traffic-with-motorcycle-in-Ho-_Media_1ZupwFOhjl4_001_1080p,204,102.0,validation,labeled,86,0:4;1:21;2:57;3:3;4:1,bbox:9;polygon:77,1fb2a056f577b1f0715b77887a6bdb870196c7665301d1e8281d80e54522b377
1a945f9fb09d3ab3c62041d467935f38c14acd695835941eb55a7b879594c701,valid/images/YTDown-com_YouTube_Rush-Hour-Traffic-with-motorcycle-in-Ho-_Media_1ZupwFOhjl4_001_1080p_frame_00211_jpg.rf.0c3708fbd6093fb4d97839d69ca7a373.jpg,valid/labels/YTDown-com_YouTube_Rush-Hour-Traffic-with-motorcycle-in-Ho-_Media_1ZupwFOhjl4_001_1080p_frame_00211_jpg.rf.0c3708fbd6093fb4d97839d69ca7a373.txt,YTDown-com_YouTube_Rush-Hour-Traffic-with-motorcycle-in-Ho-_Media_1ZupwFOhjl4_001_1080p,211,105.5,validation,labeled,82,0:3;1:19;2:58;3:1;4:1,bbox:5;polygon:77,1a945f9fb09d3ab3c62041d467935f38c14acd695835941eb55a7b879594c701
df59af543a4e3b425ab8224b27ac148109ef5a3ca3f3c6620fb21d895af7c797,valid/images/YTDown-com_YouTube_Rush-Hour-Traffic-with-motorcycle-in-Ho-_Media_1ZupwFOhjl4_001_1080p_frame_00212_jpg.rf.d81d7afc37181ab80eef4b08fd423551.jpg,valid/labels/YTDown-com_YouTube_Rush-Hour-Traffic-with-motorcycle-in-Ho-_Media_1ZupwFOhjl4_001_1080p_frame_00212_jpg.rf.d81d7afc37181ab80eef4b08fd423551.txt,YTDown-com_YouTube_Rush-Hour-Traffic-with-motorcycle-in-Ho-_Media_1ZupwFOhjl4_001_1080p,212,106.0,validation,labeled,78,0:3;1:17;2:56;3:1;4:1,bbox:3;polygon:75,df59af543a4e3b425ab8224b27ac148109ef5a3ca3f3c6620fb21d895af7c797
c42dac2d808a6f15623620db6c3de4902277837c52d1e507aa850268669e80eb,valid/images/YTDown-com_YouTube_Rush-Hour-Traffic-with-motorcycle-in-Ho-_Media_1ZupwFOhjl4_001_1080p_frame_00214_jpg.rf.28db47137001ef374f237f0ebda32a0a.jpg,valid/labels/YTDown-com_YouTube_Rush-Hour-Traffic-with-motorcycle-in-Ho-_Media_1ZupwFOhjl4_001_1080p_frame_00214_jpg.rf.28db47137001ef374f237f0ebda32a0a.txt,YTDown-com_YouTube_Rush-Hour-Traffic-with-motorcycle-in-Ho-_Media_1ZupwFOhjl4_001_1080p,214,107.0,validation,labeled,83,0:5;1:15;2:61;3:1;4:1,bbox:5;polygon:78,c42dac2d808a6f15623620db6c3de4902277837c52d1e507aa850268669e80eb
625c0c278379b019d65b216f7c4429f6d54a529a44c051aa82ea732f9c66a539,valid/images/YTDown-com_YouTube_Rush-Hour-Traffic-with-motorcycle-in-Ho-_Media_1ZupwFOhjl4_001_1080p_frame_00222_jpg.rf.7fed1875d23209a561a5e5f76f6577cc.jpg,valid/labels/YTDown-com_YouTube_Rush-Hour-Traffic-with-motorcycle-in-Ho-_Media_1ZupwFOhjl4_001_1080p_frame_00222_jpg.rf.7fed1875d23209a561a5e5f76f6577cc.txt,YTDown-com_YouTube_Rush-Hour-Traffic-with-motorcycle-in-Ho-_Media_1ZupwFOhjl4_001_1080p,222,111.0,validation,labeled,76,0:5;1:13;2:57;4:1,bbox:3;polygon:73,625c0c278379b019d65b216f7c4429f6d54a529a44c051aa82ea732f9c66a539
a8d27300fa6e9e5f2c915ac3433454214e5e38953f16877fb167aca95504a6a7,valid/images/YTDown-com_YouTube_Rush-Hour-Traffic-with-motorcycle-in-Ho-_Media_1ZupwFOhjl4_001_1080p_frame_00232_jpg.rf.9d2e9e95dbbc988750b7f3276d81864d.jpg,valid/labels/YTDown-com_YouTube_Rush-Hour-Traffic-with-motorcycle-in-Ho-_Media_1ZupwFOhjl4_001_1080p_frame_00232_jpg.rf.9d2e9e95dbbc988750b7f3276d81864d.txt,YTDown-com_YouTube_Rush-Hour-Traffic-with-motorcycle-in-Ho-_Media_1ZupwFOhjl4_001_1080p,232,116.0,validation,labeled,71,0:3;1:11;2:56;4:1,bbox:2;polygon:69,a8d27300fa6e9e5f2c915ac3433454214e5e38953f16877fb167aca95504a6a7
7b4f807701f330aff2cd04a06fe26caab68538faf98b3c95dd99633f8ab0c7ff,valid/images/YTDown-com_YouTube_Rush-Hour-Traffic-with-motorcycle-in-Ho-_Media_1ZupwFOhjl4_001_1080p_frame_00236_jpg.rf.8228db0feb6fd9a7ba6f79661853817c.jpg,valid/labels/YTDown-com_YouTube_Rush-Hour-Traffic-with-motorcycle-in-Ho-_Media_1ZupwFOhjl4_001_1080p_frame_00236_jpg.rf.8228db0feb6fd9a7ba6f79661853817c.txt,YTDown-com_YouTube_Rush-Hour-Traffic-with-motorcycle-in-Ho-_Media_1ZupwFOhjl4_001_1080p,236,118.0,validation,labeled,75,0:3;1:12;2:59;4:1,bbox:5;polygon:70,7b4f807701f330aff2cd04a06fe26caab68538faf98b3c95dd99633f8ab0c7ff
617187b4df5f2439b72f61944983fa23bd8c1f24cef0ed8d3eac82349afd10f0,valid/images/YTDown-com_YouTube_Rush-Hour-Traffic-with-motorcycle-in-Ho-_Media_1ZupwFOhjl4_001_1080p_frame_00240_jpg.rf.22b5666ff2ab8fa9c3686fc72cb9e654.jpg,valid/labels/YTDown-com_YouTube_Rush-Hour-Traffic-with-motorcycle-in-Ho-_Media_1ZupwFOhjl4_001_1080p_frame_00240_jpg.rf.22b5666ff2ab8fa9c3686fc72cb9e654.txt,YTDown-com_YouTube_Rush-Hour-Traffic-with-motorcycle-in-Ho-_Media_1ZupwFOhjl4_001_1080p,240,120.0,validation,labeled,74,0:2;1:11;2:58;3:2;4:1,bbox:1;polygon:73,617187b4df5f2439b72f61944983fa23bd8c1f24cef0ed8d3eac82349afd10f0
a5e38d6309137a7631ee5cfa9804700fa3ed6b4b35e53ea37b42afdf0f4cee5e,valid/images/YTDown-com_YouTube_Rush-Hour-Traffic-with-motorcycle-in-Ho-_Media_1ZupwFOhjl4_001_1080p_frame_00241_jpg.rf.8706da8104268dc1b4741a9a7b07761f.jpg,valid/labels/YTDown-com_YouTube_Rush-Hour-Traffic-with-motorcycle-in-Ho-_Media_1ZupwFOhjl4_001_1080p_frame_00241_jpg.rf.8706da8104268dc1b4741a9a7b07761f.txt,YTDown-com_YouTube_Rush-Hour-Traffic-with-motorcycle-in-Ho-_Media_1ZupwFOhjl4_001_1080p,241,120.5,validation,labeled,75,0:2;1:11;2:60;3:1;4:1,bbox:2;polygon:73,a5e38d6309137a7631ee5cfa9804700fa3ed6b4b35e53ea37b42afdf0f4cee5e
3282552ce985175f09051ea7ddb957e62d04264e9f6a327671687c066586691e,valid/images/YTDown-com_YouTube_Rush-Hour-Traffic-with-motorcycle-in-Ho-_Media_1ZupwFOhjl4_001_1080p_frame_00261_jpg.rf.6c3bdda02c11e93e8eea772823775355.jpg,valid/labels/YTDown-com_YouTube_Rush-Hour-Traffic-with-motorcycle-in-Ho-_Media_1ZupwFOhjl4_001_1080p_frame_00261_jpg.rf.6c3bdda02c11e93e8eea772823775355.txt,YTDown-com_YouTube_Rush-Hour-Traffic-with-motorcycle-in-Ho-_Media_1ZupwFOhjl4_001_1080p,261,130.5,validation,labeled,49,0:1;1:9;2:37;3:1;4:1,bbox:2;polygon:47,3282552ce985175f09051ea7ddb957e62d04264e9f6a327671687c066586691e
9d7fb8da0a12bf0af9286ca5573c0cb55473c58c6278d8b4129d385fd43c1c2f,valid/images/YTDown-com_YouTube_Rush-Hour-Traffic-with-motorcycle-in-Ho-_Media_1ZupwFOhjl4_001_1080p_frame_00269_jpg.rf.5b16fdea7e1b9e8109708cf752af8dc1.jpg,valid/labels/YTDown-com_YouTube_Rush-Hour-Traffic-with-motorcycle-in-Ho-_Media_1ZupwFOhjl4_001_1080p_frame_00269_jpg.rf.5b16fdea7e1b9e8109708cf752af8dc1.txt,YTDown-com_YouTube_Rush-Hour-Traffic-with-motorcycle-in-Ho-_Media_1ZupwFOhjl4_001_1080p,269,134.5,validation,labeled,34,0:1;1:10;2:22;4:1,bbox:1;polygon:33,9d7fb8da0a12bf0af9286ca5573c0cb55473c58c6278d8b4129d385fd43c1c2f
d36ce08a28b88c9cd58e9df7f5fc3c0a210a9c8b1ac2e040d3351b7878747646,valid/images/YTDown-com_YouTube_Rush-Hour-Traffic-with-motorcycle-in-Ho-_Media_1ZupwFOhjl4_001_1080p_frame_00274_jpg.rf.7eef2190898457f563da640cf2a3fb97.jpg,valid/labels/YTDown-com_YouTube_Rush-Hour-Traffic-with-motorcycle-in-Ho-_Media_1ZupwFOhjl4_001_1080p_frame_00274_jpg.rf.7eef2190898457f563da640cf2a3fb97.txt,YTDown-com_YouTube_Rush-Hour-Traffic-with-motorcycle-in-Ho-_Media_1ZupwFOhjl4_001_1080p,274,137.0,validation,labeled,36,0:1;1:9;2:24;3:1;4:1,bbox:2;polygon:34,d36ce08a28b88c9cd58e9df7f5fc3c0a210a9c8b1ac2e040d3351b7878747646
5b7f03c9ca41f6624ca93ee3f9f1e70aa649fbe3426c5027aedc0d4a1aed1370,valid/images/YTDown-com_YouTube_Rush-Hour-Traffic-with-motorcycle-in-Ho-_Media_1ZupwFOhjl4_001_1080p_frame_00275_jpg.rf.700653146572f12910a95073fdc5098f.jpg,valid/labels/YTDown-com_YouTube_Rush-Hour-Traffic-with-motorcycle-in-Ho-_Media_1ZupwFOhjl4_001_1080p_frame_00275_jpg.rf.700653146572f12910a95073fdc5098f.txt,YTDown-com_YouTube_Rush-Hour-Traffic-with-motorcycle-in-Ho-_Media_1ZupwFOhjl4_001_1080p,275,137.5,validation,labeled,45,0:1;1:8;2:32;3:3;4:1,bbox:1;polygon:44,5b7f03c9ca41f6624ca93ee3f9f1e70aa649fbe3426c5027aedc0d4a1aed1370
000421049beea0a5c078ffdcf199dd7978fe25fd5307c99b162690e5e03a629a,valid/images/YTDown-com_YouTube_Rush-Hour-Traffic-with-motorcycle-in-Ho-_Media_1ZupwFOhjl4_001_1080p_frame_00278_jpg.rf.0e192450130a5cb7a6f5a9671231aef3.jpg,valid/labels/YTDown-com_YouTube_Rush-Hour-Traffic-with-motorcycle-in-Ho-_Media_1ZupwFOhjl4_001_1080p_frame_00278_jpg.rf.0e192450130a5cb7a6f5a9671231aef3.txt,YTDown-com_YouTube_Rush-Hour-Traffic-with-motorcycle-in-Ho-_Media_1ZupwFOhjl4_001_1080p,278,139.0,validation,labeled,47,1:8;2:36;3:2;4:1,polygon:47,000421049beea0a5c078ffdcf199dd7978fe25fd5307c99b162690e5e03a629a
3d859601b249616d39a0b019cabb6ab542da02a158ac73be01d7ae4fa1c513d7,valid/images/YTDown-com_YouTube_Rush-Hour-Traffic-with-motorcycle-in-Ho-_Media_1ZupwFOhjl4_001_1080p_frame_00290_jpg.rf.2e1fc66058bffe3802c995af9c97b2fe.jpg,valid/labels/YTDown-com_YouTube_Rush-Hour-Traffic-with-motorcycle-in-Ho-_Media_1ZupwFOhjl4_001_1080p_frame_00290_jpg.rf.2e1fc66058bffe3802c995af9c97b2fe.txt,YTDown-com_YouTube_Rush-Hour-Traffic-with-motorcycle-in-Ho-_Media_1ZupwFOhjl4_001_1080p,290,145.0,validation,labeled,57,0:1;1:7;2:45;3:3;4:1,bbox:7;polygon:50,3d859601b249616d39a0b019cabb6ab542da02a158ac73be01d7ae4fa1c513d7
d6ad06fbcc9caa6845172ee9699b6fb1a84bcb040e7874be7dad37b7ae946e60,valid/images/YTDown-com_YouTube_Rush-Hour-Traffic-with-motorcycle-in-Ho-_Media_1ZupwFOhjl4_001_1080p_frame_00293_jpg.rf.38ec3ef2d4ed5de2031aa37174bc0740.jpg,valid/labels/YTDown-com_YouTube_Rush-Hour-Traffic-with-motorcycle-in-Ho-_Media_1ZupwFOhjl4_001_1080p_frame_00293_jpg.rf.38ec3ef2d4ed5de2031aa37174bc0740.txt,YTDown-com_YouTube_Rush-Hour-Traffic-with-motorcycle-in-Ho-_Media_1ZupwFOhjl4_001_1080p,293,146.5,validation,labeled,57,0:1;1:8;2:43;3:5,bbox:3;polygon:54,d6ad06fbcc9caa6845172ee9699b6fb1a84bcb040e7874be7dad37b7ae946e60
2bcdc079510773716540e60395cbc03c9bb5052c6e8f240aa46ea57bfe5321e2,valid/images/YTDown-com_YouTube_Rush-Hour-Traffic-with-motorcycle-in-Ho-_Media_1ZupwFOhjl4_001_1080p_frame_00306_jpg.rf.e74df9fda7990556abcb080458109839.jpg,valid/labels/YTDown-com_YouTube_Rush-Hour-Traffic-with-motorcycle-in-Ho-_Media_1ZupwFOhjl4_001_1080p_frame_00306_jpg.rf.e74df9fda7990556abcb080458109839.txt,YTDown-com_YouTube_Rush-Hour-Traffic-with-motorcycle-in-Ho-_Media_1ZupwFOhjl4_001_1080p,306,153.0,validation,labeled,53,0:1;1:7;2:45,bbox:4;polygon:49,2bcdc079510773716540e60395cbc03c9bb5052c6e8f240aa46ea57bfe5321e2
ea6c484a002ec8c40fce4c9142f9ed6b3558b84c6146a01c0d1ecd134f414965,valid/images/YTDown-com_YouTube_Rush-Hour-Traffic-with-motorcycle-in-Ho-_Media_1ZupwFOhjl4_001_1080p_frame_00318_jpg.rf.23eb7e99458cb6b0be78f03fca2b1b4b.jpg,valid/labels/YTDown-com_YouTube_Rush-Hour-Traffic-with-motorcycle-in-Ho-_Media_1ZupwFOhjl4_001_1080p_frame_00318_jpg.rf.23eb7e99458cb6b0be78f03fca2b1b4b.txt,YTDown-com_YouTube_Rush-Hour-Traffic-with-motorcycle-in-Ho-_Media_1ZupwFOhjl4_001_1080p,318,159.0,validation,labeled,40,0:1;1:5;2:33;3:1,bbox:2;polygon:38,ea6c484a002ec8c40fce4c9142f9ed6b3558b84c6146a01c0d1ecd134f414965
55f12d84887cc18da6838145558beb700dd53f16636e287f1d76646a81ff1a40,valid/images/YTDown-com_YouTube_Rush-Hour-Traffic-with-motorcycle-in-Ho-_Media_1ZupwFOhjl4_001_1080p_frame_00325_jpg.rf.e77afd7af622ca45060d0ac757c2c626.jpg,valid/labels/YTDown-com_YouTube_Rush-Hour-Traffic-with-motorcycle-in-Ho-_Media_1ZupwFOhjl4_001_1080p_frame_00325_jpg.rf.e77afd7af622ca45060d0ac757c2c626.txt,YTDown-com_YouTube_Rush-Hour-Traffic-with-motorcycle-in-Ho-_Media_1ZupwFOhjl4_001_1080p,325,162.5,validation,labeled,42,0:4;1:4;2:32;3:2,bbox:6;polygon:36,55f12d84887cc18da6838145558beb700dd53f16636e287f1d76646a81ff1a40
5cde1f6d1cf56b0c743aad5b50ae5748efe20a02c60e2b783131231b00a75634,valid/images/YTDown-com_YouTube_Traffic-in-Hanoi-during-rush-hour_Media_oetF3UTIwbc_001_480p_frame_00006_jpg.rf.c71baf653ea323e63a0c491808867c41.jpg,valid/labels/YTDown-com_YouTube_Traffic-in-Hanoi-during-rush-hour_Media_oetF3UTIwbc_001_480p_frame_00006_jpg.rf.c71baf653ea323e63a0c491808867c41.txt,YTDown-com_YouTube_Traffic-in-Hanoi-during-rush-hour_Media_oetF3UTIwbc_001_480p,6,3.0,validation,labeled,54,0:1;1:4;2:38;3:11,polygon:54,5cde1f6d1cf56b0c743aad5b50ae5748efe20a02c60e2b783131231b00a75634
8e7497c4f91fa6f68e7ad196cf6cc476602bc865666fa7858a5c1e4b94e43ab3,valid/images/YTDown-com_YouTube_Traffic-in-Hanoi-during-rush-hour_Media_oetF3UTIwbc_001_480p_frame_00007_jpg.rf.3a0312dad8fed09f635297ca8a73208e.jpg,valid/labels/YTDown-com_YouTube_Traffic-in-Hanoi-during-rush-hour_Media_oetF3UTIwbc_001_480p_frame_00007_jpg.rf.3a0312dad8fed09f635297ca8a73208e.txt,YTDown-com_YouTube_Traffic-in-Hanoi-during-rush-hour_Media_oetF3UTIwbc_001_480p,7,3.5,validation,labeled,49,0:1;1:4;2:31;3:13,bbox:4;polygon:45,8e7497c4f91fa6f68e7ad196cf6cc476602bc865666fa7858a5c1e4b94e43ab3
4e740b8622515a114ac59703eca5dc91e935b532b8a22ce106d7a752ff11e2b5,valid/images/YTDown-com_YouTube_Traffic-in-Hanoi-during-rush-hour_Media_oetF3UTIwbc_001_480p_frame_00009_jpg.rf.cab3ff3cf5f01a97ab94d85dc22a4cbc.jpg,valid/labels/YTDown-com_YouTube_Traffic-in-Hanoi-during-rush-hour_Media_oetF3UTIwbc_001_480p_frame_00009_jpg.rf.cab3ff3cf5f01a97ab94d85dc22a4cbc.txt,YTDown-com_YouTube_Traffic-in-Hanoi-during-rush-hour_Media_oetF3UTIwbc_001_480p,9,4.5,validation,labeled,44,0:1;1:4;2:31;3:8,bbox:1;polygon:43,4e740b8622515a114ac59703eca5dc91e935b532b8a22ce106d7a752ff11e2b5
7c1de197c3fe5adc9332e16794ee9a9e4a85e9974a305367cda09470821e5c8c,valid/images/YTDown-com_YouTube_Traffic-in-Hanoi-during-rush-hour_Media_oetF3UTIwbc_001_480p_frame_00016_jpg.rf.b41cf39aeff4ba5be6a2417ff8d4a1bf.jpg,valid/labels/YTDown-com_YouTube_Traffic-in-Hanoi-during-rush-hour_Media_oetF3UTIwbc_001_480p_frame_00016_jpg.rf.b41cf39aeff4ba5be6a2417ff8d4a1bf.txt,YTDown-com_YouTube_Traffic-in-Hanoi-during-rush-hour_Media_oetF3UTIwbc_001_480p,16,8.0,validation,labeled,57,0:1;1:4;2:44;3:8,bbox:3;polygon:54,7c1de197c3fe5adc9332e16794ee9a9e4a85e9974a305367cda09470821e5c8c
367365e368da13a8ec7f5492c4ed9039641c9ab777683903fbd490e3a873ab2b,valid/images/YTDown-com_YouTube_Traffic-in-Hanoi-during-rush-hour_Media_oetF3UTIwbc_001_480p_frame_00025_jpg.rf.233bb8154e37a9d3d7edc76603eee5e5.jpg,valid/labels/YTDown-com_YouTube_Traffic-in-Hanoi-during-rush-hour_Media_oetF3UTIwbc_001_480p_frame_00025_jpg.rf.233bb8154e37a9d3d7edc76603eee5e5.txt,YTDown-com_YouTube_Traffic-in-Hanoi-during-rush-hour_Media_oetF3UTIwbc_001_480p,25,12.5,validation,labeled,45,0:1;1:3;2:34;3:7,polygon:45,367365e368da13a8ec7f5492c4ed9039641c9ab777683903fbd490e3a873ab2b
3087e08a9c3e07fd866cc7423da6f2a6b44b086f80616c256b5db53133500e93,valid/images/YTDown-com_YouTube_Traffic-in-Hanoi-during-rush-hour_Media_oetF3UTIwbc_001_480p_frame_00032_jpg.rf.85f10b20e07ff9b70b1cc4753a398c9b.jpg,valid/labels/YTDown-com_YouTube_Traffic-in-Hanoi-during-rush-hour_Media_oetF3UTIwbc_001_480p_frame_00032_jpg.rf.85f10b20e07ff9b70b1cc4753a398c9b.txt,YTDown-com_YouTube_Traffic-in-Hanoi-during-rush-hour_Media_oetF3UTIwbc_001_480p,32,16.0,validation,labeled,43,0:1;1:3;2:32;3:7,polygon:43,3087e08a9c3e07fd866cc7423da6f2a6b44b086f80616c256b5db53133500e93
2b170cf10e14073e203551d884a264d9f5661037da0a725a2de61769d2cd04c8,valid/images/YTDown-com_YouTube_Traffic-in-Hanoi-during-rush-hour_Media_oetF3UTIwbc_001_480p_frame_00033_jpg.rf.238948e3f400b2287fa893f457cc4e46.jpg,valid/labels/YTDown-com_YouTube_Traffic-in-Hanoi-during-rush-hour_Media_oetF3UTIwbc_001_480p_frame_00033_jpg.rf.238948e3f400b2287fa893f457cc4e46.txt,YTDown-com_YouTube_Traffic-in-Hanoi-during-rush-hour_Media_oetF3UTIwbc_001_480p,33,16.5,validation,labeled,39,0:1;1:3;2:32;3:3,bbox:3;polygon:36,2b170cf10e14073e203551d884a264d9f5661037da0a725a2de61769d2cd04c8
1e589335a9aaf3808c96ee99eb34d7afa152a0214c2a2465ed806017f385095b,valid/images/YTDown-com_YouTube_Traffic-in-Hanoi-during-rush-hour_Media_oetF3UTIwbc_001_480p_frame_00034_jpg.rf.7c8e6e6f148a8fe6eb4106ea3f092ec1.jpg,valid/labels/YTDown-com_YouTube_Traffic-in-Hanoi-during-rush-hour_Media_oetF3UTIwbc_001_480p_frame_00034_jpg.rf.7c8e6e6f148a8fe6eb4106ea3f092ec1.txt,YTDown-com_YouTube_Traffic-in-Hanoi-during-rush-hour_Media_oetF3UTIwbc_001_480p,34,17.0,validation,labeled,35,0:1;1:3;2:27;3:4,bbox:2;polygon:33,1e589335a9aaf3808c96ee99eb34d7afa152a0214c2a2465ed806017f385095b
ae207fd650f8a5577c5748a1bda1c55f36f910e0b53eea0ac1ed65ae2c60811a,valid/images/YTDown-com_YouTube_Traffic-in-Hanoi-during-rush-hour_Media_oetF3UTIwbc_001_480p_frame_00035_jpg.rf.0cb7c4f491a0cca6f5a5c3a214a4bbeb.jpg,valid/labels/YTDown-com_YouTube_Traffic-in-Hanoi-during-rush-hour_Media_oetF3UTIwbc_001_480p_frame_00035_jpg.rf.0cb7c4f491a0cca6f5a5c3a214a4bbeb.txt,YTDown-com_YouTube_Traffic-in-Hanoi-during-rush-hour_Media_oetF3UTIwbc_001_480p,35,17.5,validation,labeled,46,0:1;1:2;2:36;3:7,bbox:1;polygon:45,ae207fd650f8a5577c5748a1bda1c55f36f910e0b53eea0ac1ed65ae2c60811a
4f30c2fd9a809d907fb4a9dac7e8dbe134e93b264df1b3800ed36b6bd7e0d42a,valid/images/YTDown-com_YouTube_Traffic-in-Hanoi-during-rush-hour_Media_oetF3UTIwbc_001_480p_frame_00037_jpg.rf.a12b1cfb30b10e915f02b5ce61d9cff3.jpg,valid/labels/YTDown-com_YouTube_Traffic-in-Hanoi-during-rush-hour_Media_oetF3UTIwbc_001_480p_frame_00037_jpg.rf.a12b1cfb30b10e915f02b5ce61d9cff3.txt,YTDown-com_YouTube_Traffic-in-Hanoi-during-rush-hour_Media_oetF3UTIwbc_001_480p,37,18.5,validation,labeled,42,0:1;1:1;2:31;3:9,bbox:1;polygon:41,4f30c2fd9a809d907fb4a9dac7e8dbe134e93b264df1b3800ed36b6bd7e0d42a
225536ba38e482f6491933c44a432349b462f239afcd0317581fcc6cb823d2a3,valid/images/YTDown-com_YouTube_Traffic-in-Hanoi-during-rush-hour_Media_oetF3UTIwbc_001_480p_frame_00043_jpg.rf.b26a4dad6214cd27b9f4db6730da3406.jpg,valid/labels/YTDown-com_YouTube_Traffic-in-Hanoi-during-rush-hour_Media_oetF3UTIwbc_001_480p_frame_00043_jpg.rf.b26a4dad6214cd27b9f4db6730da3406.txt,YTDown-com_YouTube_Traffic-in-Hanoi-during-rush-hour_Media_oetF3UTIwbc_001_480p,43,21.5,validation,labeled,36,0:1;1:3;2:25;3:7,bbox:1;polygon:35,225536ba38e482f6491933c44a432349b462f239afcd0317581fcc6cb823d2a3
81f458ff9f57e25657c7eb35af44367ed058ab60735c7eff776e288bcabcf031,valid/images/YTDown-com_YouTube_Traffic-in-Hanoi-during-rush-hour_Media_oetF3UTIwbc_001_480p_frame_00044_jpg.rf.f87b8426d3eb912173cdc402660e752e.jpg,valid/labels/YTDown-com_YouTube_Traffic-in-Hanoi-during-rush-hour_Media_oetF3UTIwbc_001_480p_frame_00044_jpg.rf.f87b8426d3eb912173cdc402660e752e.txt,YTDown-com_YouTube_Traffic-in-Hanoi-during-rush-hour_Media_oetF3UTIwbc_001_480p,44,22.0,validation,labeled,31,0:1;1:3;2:23;3:4,bbox:1;polygon:30,81f458ff9f57e25657c7eb35af44367ed058ab60735c7eff776e288bcabcf031
87ec1291bdcd4c4d3f3f4c68c6f080bf7c9f2bfa37cdd35aac30eb623a284faa,valid/images/YTDown-com_YouTube_Traffic-in-Hanoi-during-rush-hour_Media_oetF3UTIwbc_001_480p_frame_00062_jpg.rf.e83e9e8740a29cacc8768defa9058903.jpg,valid/labels/YTDown-com_YouTube_Traffic-in-Hanoi-during-rush-hour_Media_oetF3UTIwbc_001_480p_frame_00062_jpg.rf.e83e9e8740a29cacc8768defa9058903.txt,YTDown-com_YouTube_Traffic-in-Hanoi-during-rush-hour_Media_oetF3UTIwbc_001_480p,62,31.0,validation,labeled,43,0:1;1:5;2:29;3:7;4:1,bbox:3;polygon:40,87ec1291bdcd4c4d3f3f4c68c6f080bf7c9f2bfa37cdd35aac30eb623a284faa
c236c95ddc14cd7e5bc067a50e07922cd5ec4e896e7cccf13f49301a1515821a,valid/images/YTDown-com_YouTube_Traffic-in-Hanoi-during-rush-hour_Media_oetF3UTIwbc_001_480p_frame_00063_jpg.rf.857aa45ac0e8bf37a0c73b189fb87102.jpg,valid/labels/YTDown-com_YouTube_Traffic-in-Hanoi-during-rush-hour_Media_oetF3UTIwbc_001_480p_frame_00063_jpg.rf.857aa45ac0e8bf37a0c73b189fb87102.txt,YTDown-com_YouTube_Traffic-in-Hanoi-during-rush-hour_Media_oetF3UTIwbc_001_480p,63,31.5,validation,labeled,44,0:1;1:5;2:31;3:6;4:1,bbox:1;polygon:43,c236c95ddc14cd7e5bc067a50e07922cd5ec4e896e7cccf13f49301a1515821a
60091331da60516080067f21072add5d148c81ae9747a5276adebeef77d47d29,valid/images/YTDown-com_YouTube_Traffic-in-Hanoi-during-rush-hour_Media_oetF3UTIwbc_001_480p_frame_00065_jpg.rf.b4578e146b57f23daee142d4cf6d29b9.jpg,valid/labels/YTDown-com_YouTube_Traffic-in-Hanoi-during-rush-hour_Media_oetF3UTIwbc_001_480p_frame_00065_jpg.rf.b4578e146b57f23daee142d4cf6d29b9.txt,YTDown-com_YouTube_Traffic-in-Hanoi-during-rush-hour_Media_oetF3UTIwbc_001_480p,65,32.5,validation,labeled,39,1:5;2:30;3:3;4:1,bbox:1;polygon:38,60091331da60516080067f21072add5d148c81ae9747a5276adebeef77d47d29
2a857392c535ec74b17fb39edd94c65b3ec4d573d4810c1369591ce1fee32dfd,valid/images/YTSave_YouTube_4k-my-first-video-Crazy-vietnam-Traffic_Media_08IqB7MSuXc_001_1080p_frame_00003_jpg.rf.4dc6032f67b65ba20b2d73dac124c0fe.jpg,valid/labels/YTSave_YouTube_4k-my-first-video-Crazy-vietnam-Traffic_Media_08IqB7MSuXc_001_1080p_frame_00003_jpg.rf.4dc6032f67b65ba20b2d73dac124c0fe.txt,YTSave_YouTube_4k-my-first-video-Crazy-vietnam-Traffic_Media_08IqB7MSuXc_001_1080p,3,1.5,validation,labeled,107,1:2;2:65;3:39;4:1,bbox:8;polygon:99,2a857392c535ec74b17fb39edd94c65b3ec4d573d4810c1369591ce1fee32dfd
e67772734e579e59f8b06d8c3eabf96278ea7618d8d69401bdbe17719cf1d0c4,valid/images/YTSave_YouTube_4k-my-first-video-Crazy-vietnam-Traffic_Media_08IqB7MSuXc_001_1080p_frame_00006_jpg.rf.7df61da92e0c8c7e38c674ec3a10db74.jpg,valid/labels/YTSave_YouTube_4k-my-first-video-Crazy-vietnam-Traffic_Media_08IqB7MSuXc_001_1080p_frame_00006_jpg.rf.7df61da92e0c8c7e38c674ec3a10db74.txt,YTSave_YouTube_4k-my-first-video-Crazy-vietnam-Traffic_Media_08IqB7MSuXc_001_1080p,6,3.0,validation,labeled,95,1:3;2:67;3:24;4:1,bbox:8;polygon:87,e67772734e579e59f8b06d8c3eabf96278ea7618d8d69401bdbe17719cf1d0c4
b1fd14db41fdc3466ac67a0a734f1c60ec9b292aafe45ad7b85b2ea8ebacaedb,valid/images/YTSave_YouTube_4k-my-first-video-Crazy-vietnam-Traffic_Media_08IqB7MSuXc_001_1080p_frame_00007_jpg.rf.b28b7eb031dc272c195e00849926935b.jpg,valid/labels/YTSave_YouTube_4k-my-first-video-Crazy-vietnam-Traffic_Media_08IqB7MSuXc_001_1080p_frame_00007_jpg.rf.b28b7eb031dc272c195e00849926935b.txt,YTSave_YouTube_4k-my-first-video-Crazy-vietnam-Traffic_Media_08IqB7MSuXc_001_1080p,7,3.5,validation,labeled,73,1:5;2:50;3:17;4:1,bbox:3;polygon:70,b1fd14db41fdc3466ac67a0a734f1c60ec9b292aafe45ad7b85b2ea8ebacaedb
810cd8236bf69e47ec1c96b8d5704d00eeded0af8f8f965de102968674239451,valid/images/YTSave_YouTube_4k-my-first-video-Crazy-vietnam-Traffic_Media_08IqB7MSuXc_001_1080p_frame_00011_jpg.rf.f54dee60781d94a9207ff42cad939e4e.jpg,valid/labels/YTSave_YouTube_4k-my-first-video-Crazy-vietnam-Traffic_Media_08IqB7MSuXc_001_1080p_frame_00011_jpg.rf.f54dee60781d94a9207ff42cad939e4e.txt,YTSave_YouTube_4k-my-first-video-Crazy-vietnam-Traffic_Media_08IqB7MSuXc_001_1080p,11,5.5,validation,labeled,96,0:1;1:8;2:52;3:34;4:1,bbox:10;polygon:86,810cd8236bf69e47ec1c96b8d5704d00eeded0af8f8f965de102968674239451
6447825bfe3ba10d53347c082f02285662ecd0871611bc435457bb438b3c54a3,valid/images/YTSave_YouTube_4k-my-first-video-Crazy-vietnam-Traffic_Media_08IqB7MSuXc_001_1080p_frame_00014_jpg.rf.1a894f16a320f6eb20f121e6b1ab3720.jpg,valid/labels/YTSave_YouTube_4k-my-first-video-Crazy-vietnam-Traffic_Media_08IqB7MSuXc_001_1080p_frame_00014_jpg.rf.1a894f16a320f6eb20f121e6b1ab3720.txt,YTSave_YouTube_4k-my-first-video-Crazy-vietnam-Traffic_Media_08IqB7MSuXc_001_1080p,14,7.0,validation,labeled,55,0:1;1:6;2:29;3:18;4:1,bbox:4;polygon:51,6447825bfe3ba10d53347c082f02285662ecd0871611bc435457bb438b3c54a3
2f4c9aacc063329fec9fad4a6fcc03f1d14f3f2a03d2dc0565172126423a4660,valid/images/YTSave_YouTube_4k-my-first-video-Crazy-vietnam-Traffic_Media_08IqB7MSuXc_001_1080p_frame_00016_jpg.rf.ce87c4fd388a1e5d0e4775aef4234ff7.jpg,valid/labels/YTSave_YouTube_4k-my-first-video-Crazy-vietnam-Traffic_Media_08IqB7MSuXc_001_1080p_frame_00016_jpg.rf.ce87c4fd388a1e5d0e4775aef4234ff7.txt,YTSave_YouTube_4k-my-first-video-Crazy-vietnam-Traffic_Media_08IqB7MSuXc_001_1080p,16,8.0,validation,labeled,67,1:4;2:40;3:22;4:1,bbox:5;polygon:62,2f4c9aacc063329fec9fad4a6fcc03f1d14f3f2a03d2dc0565172126423a4660
c9996186d3d18b5d3e258bb67e491b962916a75ac2d8694b049b615217a288a6,valid/images/YTSave_YouTube_4k-my-first-video-Crazy-vietnam-Traffic_Media_08IqB7MSuXc_001_1080p_frame_00026_jpg.rf.e47f7563bb657d3bf3faa51c43637f04.jpg,valid/labels/YTSave_YouTube_4k-my-first-video-Crazy-vietnam-Traffic_Media_08IqB7MSuXc_001_1080p_frame_00026_jpg.rf.e47f7563bb657d3bf3faa51c43637f04.txt,YTSave_YouTube_4k-my-first-video-Crazy-vietnam-Traffic_Media_08IqB7MSuXc_001_1080p,26,13.0,validation,labeled,80,0:2;1:9;2:44;3:25,bbox:6;polygon:74,c9996186d3d18b5d3e258bb67e491b962916a75ac2d8694b049b615217a288a6
6ac30a9f73c6478d1162d2b5f82534b345347f3f93a72611b60645dbdfac031a,valid/images/YTSave_YouTube_4k-my-first-video-Crazy-vietnam-Traffic_Media_08IqB7MSuXc_001_1080p_frame_00027_jpg.rf.9cae99d57a1fd4c600ab9ba1493d341f.jpg,valid/labels/YTSave_YouTube_4k-my-first-video-Crazy-vietnam-Traffic_Media_08IqB7MSuXc_001_1080p_frame_00027_jpg.rf.9cae99d57a1fd4c600ab9ba1493d341f.txt,YTSave_YouTube_4k-my-first-video-Crazy-vietnam-Traffic_Media_08IqB7MSuXc_001_1080p,27,13.5,validation,labeled,100,0:1;1:8;2:52;3:38;4:1,bbox:6;polygon:94,6ac30a9f73c6478d1162d2b5f82534b345347f3f93a72611b60645dbdfac031a
c8e1614df39dab36e9405930d768d3bb9be68c86fb80e6097160da9d0219a79b,valid/images/YTSave_YouTube_4k-my-first-video-Crazy-vietnam-Traffic_Media_08IqB7MSuXc_001_1080p_frame_00028_jpg.rf.e75517e5c816216178b91c1cc2872334.jpg,valid/labels/YTSave_YouTube_4k-my-first-video-Crazy-vietnam-Traffic_Media_08IqB7MSuXc_001_1080p_frame_00028_jpg.rf.e75517e5c816216178b91c1cc2872334.txt,YTSave_YouTube_4k-my-first-video-Crazy-vietnam-Traffic_Media_08IqB7MSuXc_001_1080p,28,14.0,validation,labeled,88,0:1;1:8;2:49;3:29;4:1,bbox:3;polygon:85,c8e1614df39dab36e9405930d768d3bb9be68c86fb80e6097160da9d0219a79b
c1e3294fbea7150b40e94c7569a82c6fccd8c86c27c15e7e18bc5b4091060332,valid/images/YTSave_YouTube_4k-my-first-video-Crazy-vietnam-Traffic_Media_08IqB7MSuXc_001_1080p_frame_00039_jpg.rf.cdee572e616cec9cfaa76b02e2993e16.jpg,valid/labels/YTSave_YouTube_4k-my-first-video-Crazy-vietnam-Traffic_Media_08IqB7MSuXc_001_1080p_frame_00039_jpg.rf.cdee572e616cec9cfaa76b02e2993e16.txt,YTSave_YouTube_4k-my-first-video-Crazy-vietnam-Traffic_Media_08IqB7MSuXc_001_1080p,39,19.5,validation,labeled,92,0:1;1:14;2:53;3:23;4:1,bbox:6;polygon:86,c1e3294fbea7150b40e94c7569a82c6fccd8c86c27c15e7e18bc5b4091060332
9be69cb08d59e3288374d221e36dc823a349655e709bba976b4690886cd43ac8,valid/images/YTSave_YouTube_4k-my-first-video-Crazy-vietnam-Traffic_Media_08IqB7MSuXc_001_1080p_frame_00042_jpg.rf.ccf6ae255a875da33d90833ea5f17531.jpg,valid/labels/YTSave_YouTube_4k-my-first-video-Crazy-vietnam-Traffic_Media_08IqB7MSuXc_001_1080p_frame_00042_jpg.rf.ccf6ae255a875da33d90833ea5f17531.txt,YTSave_YouTube_4k-my-first-video-Crazy-vietnam-Traffic_Media_08IqB7MSuXc_001_1080p,42,21.0,validation,labeled,99,0:1;1:10;2:51;3:36;4:1,bbox:5;polygon:94,9be69cb08d59e3288374d221e36dc823a349655e709bba976b4690886cd43ac8
11840c29eb8fd28e33a1d3e0b936ac445c910fca214df7cfabf8100e29f0fae4,valid/images/YTSave_YouTube_4k-my-first-video-Crazy-vietnam-Traffic_Media_08IqB7MSuXc_001_1080p_frame_00043_jpg.rf.f719f98202c488faf12da43ec534098a.jpg,valid/labels/YTSave_YouTube_4k-my-first-video-Crazy-vietnam-Traffic_Media_08IqB7MSuXc_001_1080p_frame_00043_jpg.rf.f719f98202c488faf12da43ec534098a.txt,YTSave_YouTube_4k-my-first-video-Crazy-vietnam-Traffic_Media_08IqB7MSuXc_001_1080p,43,21.5,validation,labeled,99,0:1;1:11;2:47;3:39;4:1,bbox:8;polygon:91,11840c29eb8fd28e33a1d3e0b936ac445c910fca214df7cfabf8100e29f0fae4
6a0232a471b08012afc997413fe901d71040261e4248f955878fb8fecade80e6,valid/images/YTSave_YouTube_4k-my-first-video-Crazy-vietnam-Traffic_Media_08IqB7MSuXc_001_1080p_frame_00046_jpg.rf.89aef03fb8f4ad4d127f4dd46f71ca34.jpg,valid/labels/YTSave_YouTube_4k-my-first-video-Crazy-vietnam-Traffic_Media_08IqB7MSuXc_001_1080p_frame_00046_jpg.rf.89aef03fb8f4ad4d127f4dd46f71ca34.txt,YTSave_YouTube_4k-my-first-video-Crazy-vietnam-Traffic_Media_08IqB7MSuXc_001_1080p,46,23.0,validation,labeled,106,0:1;1:12;2:56;3:37,bbox:10;polygon:96,6a0232a471b08012afc997413fe901d71040261e4248f955878fb8fecade80e6
0abb9205bc24c8a1a1acc091497c449e6d1528c29dd4429143b5993634408fcf,valid/images/YTSave_YouTube_4k-my-first-video-Crazy-vietnam-Traffic_Media_08IqB7MSuXc_001_1080p_frame_00047_jpg.rf.6c668472f7f3f3bef11c788d89fe9108.jpg,valid/labels/YTSave_YouTube_4k-my-first-video-Crazy-vietnam-Traffic_Media_08IqB7MSuXc_001_1080p_frame_00047_jpg.rf.6c668472f7f3f3bef11c788d89fe9108.txt,YTSave_YouTube_4k-my-first-video-Crazy-vietnam-Traffic_Media_08IqB7MSuXc_001_1080p,47,23.5,validation,labeled,90,1:12;2:44;3:34,bbox:7;polygon:83,0abb9205bc24c8a1a1acc091497c449e6d1528c29dd4429143b5993634408fcf
956dc326dccefb3261208b153db75227263e926a608898ea6a1e00c7ce89ecb4,valid/images/YTSave_YouTube_4k-my-first-video-Crazy-vietnam-Traffic_Media_08IqB7MSuXc_001_1080p_frame_00048_jpg.rf.bb090fbd53a255738a5078f8a9ad1645.jpg,valid/labels/YTSave_YouTube_4k-my-first-video-Crazy-vietnam-Traffic_Media_08IqB7MSuXc_001_1080p_frame_00048_jpg.rf.bb090fbd53a255738a5078f8a9ad1645.txt,YTSave_YouTube_4k-my-first-video-Crazy-vietnam-Traffic_Media_08IqB7MSuXc_001_1080p,48,24.0,validation,labeled,106,1:9;2:66;3:31,bbox:8;polygon:98,956dc326dccefb3261208b153db75227263e926a608898ea6a1e00c7ce89ecb4
f59c3b4e7c22cc246848b8350352bfad6824c3b933de07f5bda9bff5c87a24e4,valid/images/YTSave_YouTube_AERIAL-DRONE-4K-VIDEO-CITY-TRAFFIC-JAM-P_Media_Sk1ZAIQc7ZM_001_1080p_frame_00015_jpg.rf.78a005adebe6c43191dc6eff17089520.jpg,valid/labels/YTSave_YouTube_AERIAL-DRONE-4K-VIDEO-CITY-TRAFFIC-JAM-P_Media_Sk1ZAIQc7ZM_001_1080p_frame_00015_jpg.rf.78a005adebe6c43191dc6eff17089520.txt,YTSave_YouTube_AERIAL-DRONE-4K-VIDEO-CITY-TRAFFIC-JAM-P_Media_Sk1ZAIQc7ZM_001_1080p,15,7.5,validation,labeled,146,1:94;2:49;4:3,bbox:17;polygon:129,f59c3b4e7c22cc246848b8350352bfad6824c3b933de07f5bda9bff5c87a24e4
eac3db21696e5ef6aa365881b0a4e5450871de385e32918a8bc4a016d4f86250,valid/images/YTSave_YouTube_AERIAL-DRONE-4K-VIDEO-CITY-TRAFFIC-JAM-P_Media_Sk1ZAIQc7ZM_001_1080p_frame_00025_jpg.rf.24aeb0aeb5426aa10a9ee7fc96e23aaa.jpg,valid/labels/YTSave_YouTube_AERIAL-DRONE-4K-VIDEO-CITY-TRAFFIC-JAM-P_Media_Sk1ZAIQc7ZM_001_1080p_frame_00025_jpg.rf.24aeb0aeb5426aa10a9ee7fc96e23aaa.txt,YTSave_YouTube_AERIAL-DRONE-4K-VIDEO-CITY-TRAFFIC-JAM-P_Media_Sk1ZAIQc7ZM_001_1080p,25,12.5,validation,labeled,105,1:74;2:27;4:4,bbox:8;polygon:97,eac3db21696e5ef6aa365881b0a4e5450871de385e32918a8bc4a016d4f86250
8c512d958378faf02fa04920472008893b18dcfb365da01d1b00367bce64d755,valid/images/YTSave_YouTube_AERIAL-DRONE-4K-VIDEO-CITY-TRAFFIC-JAM-P_Media_Sk1ZAIQc7ZM_001_1080p_frame_00028_jpg.rf.5e80b9b8426345d97b3190f3e865ef95.jpg,valid/labels/YTSave_YouTube_AERIAL-DRONE-4K-VIDEO-CITY-TRAFFIC-JAM-P_Media_Sk1ZAIQc7ZM_001_1080p_frame_00028_jpg.rf.5e80b9b8426345d97b3190f3e865ef95.txt,YTSave_YouTube_AERIAL-DRONE-4K-VIDEO-CITY-TRAFFIC-JAM-P_Media_Sk1ZAIQc7ZM_001_1080p,28,14.0,validation,labeled,90,1:56;2:28;4:6,bbox:10;polygon:80,8c512d958378faf02fa04920472008893b18dcfb365da01d1b00367bce64d755
6be73baf0a980f2a6a6a02886627c3133da16204365b01b1e0cda159f9846b08,valid/images/YTSave_YouTube_AERIAL-DRONE-4K-VIDEO-CITY-TRAFFIC-JAM-P_Media_Sk1ZAIQc7ZM_001_1080p_frame_00037_jpg.rf.f8bacaa87923fab48f5db3478bde8868.jpg,valid/labels/YTSave_YouTube_AERIAL-DRONE-4K-VIDEO-CITY-TRAFFIC-JAM-P_Media_Sk1ZAIQc7ZM_001_1080p_frame_00037_jpg.rf.f8bacaa87923fab48f5db3478bde8868.txt,YTSave_YouTube_AERIAL-DRONE-4K-VIDEO-CITY-TRAFFIC-JAM-P_Media_Sk1ZAIQc7ZM_001_1080p,37,18.5,validation,labeled,52,1:39;2:13,bbox:13;polygon:39,6be73baf0a980f2a6a6a02886627c3133da16204365b01b1e0cda159f9846b08
d2ec2060811a3012024b664186da0c1f23400056a1959ba48395bb53dbb569ed,valid/images/YTSave_YouTube_AERIAL-DRONE-4K-VIDEO-CITY-TRAFFIC-JAM-P_Media_Sk1ZAIQc7ZM_001_1080p_frame_00042_jpg.rf.951a587c1c3c663b7ff12a26a9d4109e.jpg,valid/labels/YTSave_YouTube_AERIAL-DRONE-4K-VIDEO-CITY-TRAFFIC-JAM-P_Media_Sk1ZAIQc7ZM_001_1080p_frame_00042_jpg.rf.951a587c1c3c663b7ff12a26a9d4109e.txt,YTSave_YouTube_AERIAL-DRONE-4K-VIDEO-CITY-TRAFFIC-JAM-P_Media_Sk1ZAIQc7ZM_001_1080p,42,21.0,validation,labeled,42,1:26;2:14;4:2,bbox:7;polygon:35,d2ec2060811a3012024b664186da0c1f23400056a1959ba48395bb53dbb569ed
a7a652418d8e5d1a967a4de82c79c96e771ebc7f3cd3c546f48e93f7a59b2458,valid/images/YTSave_YouTube_AERIAL-DRONE-4K-VIDEO-CITY-TRAFFIC-JAM-P_Media_Sk1ZAIQc7ZM_001_1080p_frame_00045_jpg.rf.3359f10b8fdd3fcab3f1b95902b57ffa.jpg,valid/labels/YTSave_YouTube_AERIAL-DRONE-4K-VIDEO-CITY-TRAFFIC-JAM-P_Media_Sk1ZAIQc7ZM_001_1080p_frame_00045_jpg.rf.3359f10b8fdd3fcab3f1b95902b57ffa.txt,YTSave_YouTube_AERIAL-DRONE-4K-VIDEO-CITY-TRAFFIC-JAM-P_Media_Sk1ZAIQc7ZM_001_1080p,45,22.5,validation,labeled,38,1:30;2:8,bbox:7;polygon:31,a7a652418d8e5d1a967a4de82c79c96e771ebc7f3cd3c546f48e93f7a59b2458
81b2e05f10fb91c10fd836d41c2c63e6aa1e6710e82ec3c7e555c8df94a7c239,valid/images/YTSave_YouTube_AERIAL-DRONE-4K-VIDEO-CITY-TRAFFIC-JAM-P_Media_Sk1ZAIQc7ZM_001_1080p_frame_00047_jpg.rf.ba6e5a9042cf46d94be2b01a3935a895.jpg,valid/labels/YTSave_YouTube_AERIAL-DRONE-4K-VIDEO-CITY-TRAFFIC-JAM-P_Media_Sk1ZAIQc7ZM_001_1080p_frame_00047_jpg.rf.ba6e5a9042cf46d94be2b01a3935a895.txt,YTSave_YouTube_AERIAL-DRONE-4K-VIDEO-CITY-TRAFFIC-JAM-P_Media_Sk1ZAIQc7ZM_001_1080p,47,23.5,validation,labeled,46,1:36;2:10,bbox:12;polygon:34,81b2e05f10fb91c10fd836d41c2c63e6aa1e6710e82ec3c7e555c8df94a7c239
207277a6ddf18e52dd479f26800e45e5d04aa1c9ae4c71a513afe5c0d0aa0df2,valid/images/YTSave_YouTube_AERIAL-DRONE-4K-VIDEO-CITY-TRAFFIC-JAM-P_Media_Sk1ZAIQc7ZM_001_1080p_frame_00049_jpg.rf.46752784a2cc679a274f14c98ee67c93.jpg,valid/labels/YTSave_YouTube_AERIAL-DRONE-4K-VIDEO-CITY-TRAFFIC-JAM-P_Media_Sk1ZAIQc7ZM_001_1080p_frame_00049_jpg.rf.46752784a2cc679a274f14c98ee67c93.txt,YTSave_YouTube_AERIAL-DRONE-4K-VIDEO-CITY-TRAFFIC-JAM-P_Media_Sk1ZAIQc7ZM_001_1080p,49,24.5,validation,labeled,47,1:28;2:17;4:2,bbox:8;polygon:39,207277a6ddf18e52dd479f26800e45e5d04aa1c9ae4c71a513afe5c0d0aa0df2
5cdcde35e5927e93d439d2c5c09d221ff15af050b11a09db673ed3d6918297e4,valid/images/YTSave_YouTube_AERIAL-DRONE-4K-VIDEO-CITY-TRAFFIC-JAM-P_Media_Sk1ZAIQc7ZM_001_1080p_frame_00051_jpg.rf.4fd151728b5550b622dcf2f1681e5a1f.jpg,valid/labels/YTSave_YouTube_AERIAL-DRONE-4K-VIDEO-CITY-TRAFFIC-JAM-P_Media_Sk1ZAIQc7ZM_001_1080p_frame_00051_jpg.rf.4fd151728b5550b622dcf2f1681e5a1f.txt,YTSave_YouTube_AERIAL-DRONE-4K-VIDEO-CITY-TRAFFIC-JAM-P_Media_Sk1ZAIQc7ZM_001_1080p,51,25.5,validation,labeled,42,1:30;2:11;4:1,bbox:10;polygon:32,5cdcde35e5927e93d439d2c5c09d221ff15af050b11a09db673ed3d6918297e4
de5072e324ac01ca246c3921af1f5cf6d3c7dbd449e8d9a3e8ec8e0731d94080,valid/images/YTSave_YouTube_AERIAL-DRONE-4K-VIDEO-CITY-TRAFFIC-JAM-P_Media_Sk1ZAIQc7ZM_001_1080p_frame_00056_jpg.rf.7cb5787e0430081f27cfbaa6b8154dbf.jpg,valid/labels/YTSave_YouTube_AERIAL-DRONE-4K-VIDEO-CITY-TRAFFIC-JAM-P_Media_Sk1ZAIQc7ZM_001_1080p_frame_00056_jpg.rf.7cb5787e0430081f27cfbaa6b8154dbf.txt,YTSave_YouTube_AERIAL-DRONE-4K-VIDEO-CITY-TRAFFIC-JAM-P_Media_Sk1ZAIQc7ZM_001_1080p,56,28.0,validation,labeled,28,1:17;2:10;4:1,bbox:11;polygon:17,de5072e324ac01ca246c3921af1f5cf6d3c7dbd449e8d9a3e8ec8e0731d94080
6c4fc59baf8f4568c0cb21790a3bdff787ed9d2f358960ce65c700b3a47fa4f6,valid/images/YTSave_YouTube_Ho-Chi-Minh-City-Saigon-Traffic-Drone-Ae_Media_-5N-Ab_9LhQ_001_1080p_frame_00000_jpg.rf.6f7f9b901a608c7991caccd2070c3aff.jpg,valid/labels/YTSave_YouTube_Ho-Chi-Minh-City-Saigon-Traffic-Drone-Ae_Media_-5N-Ab_9LhQ_001_1080p_frame_00000_jpg.rf.6f7f9b901a608c7991caccd2070c3aff.txt,YTSave_YouTube_Ho-Chi-Minh-City-Saigon-Traffic-Drone-Ae_Media_-5N-Ab_9LhQ_001_1080p,0,0.0,validation,labeled,71,1:13;2:57;3:1,bbox:5;polygon:66,6c4fc59baf8f4568c0cb21790a3bdff787ed9d2f358960ce65c700b3a47fa4f6
e7759d24011012e96ff87784fe6dc903cd20370086b217e965e22350d7166bb6,valid/images/YTSave_YouTube_Ho-Chi-Minh-City-Saigon-Traffic-Drone-Ae_Media_-5N-Ab_9LhQ_001_1080p_frame_00001_jpg.rf.7315e67de049afa1f823ebd3cbd71210.jpg,valid/labels/YTSave_YouTube_Ho-Chi-Minh-City-Saigon-Traffic-Drone-Ae_Media_-5N-Ab_9LhQ_001_1080p_frame_00001_jpg.rf.7315e67de049afa1f823ebd3cbd71210.txt,YTSave_YouTube_Ho-Chi-Minh-City-Saigon-Traffic-Drone-Ae_Media_-5N-Ab_9LhQ_001_1080p,1,0.5,validation,labeled,110,1:14;2:94;3:2,bbox:10;polygon:100,e7759d24011012e96ff87784fe6dc903cd20370086b217e965e22350d7166bb6
60e765fb958b7b07bbe5fca6dd4e0a27648714fddaa0072bc2ee8b671fc59113,valid/images/YTSave_YouTube_Ho-Chi-Minh-City-Saigon-Traffic-Drone-Ae_Media_-5N-Ab_9LhQ_001_1080p_frame_00002_jpg.rf.f5b2a6be283472ce2823c1cb3c59b39c.jpg,valid/labels/YTSave_YouTube_Ho-Chi-Minh-City-Saigon-Traffic-Drone-Ae_Media_-5N-Ab_9LhQ_001_1080p_frame_00002_jpg.rf.f5b2a6be283472ce2823c1cb3c59b39c.txt,YTSave_YouTube_Ho-Chi-Minh-City-Saigon-Traffic-Drone-Ae_Media_-5N-Ab_9LhQ_001_1080p,2,1.0,validation,labeled,94,1:13;2:80;3:1,bbox:8;polygon:86,60e765fb958b7b07bbe5fca6dd4e0a27648714fddaa0072bc2ee8b671fc59113
4c399b6c61ea5fc34c758ac790b9cc7f961e3f7c2292ab5f5712afb9f0fb20e2,valid/images/YTSave_YouTube_Ho-Chi-Minh-City-Saigon-Traffic-Drone-Ae_Media_-5N-Ab_9LhQ_001_1080p_frame_00003_jpg.rf.e377057508df05f30909b6cd8203315f.jpg,valid/labels/YTSave_YouTube_Ho-Chi-Minh-City-Saigon-Traffic-Drone-Ae_Media_-5N-Ab_9LhQ_001_1080p_frame_00003_jpg.rf.e377057508df05f30909b6cd8203315f.txt,YTSave_YouTube_Ho-Chi-Minh-City-Saigon-Traffic-Drone-Ae_Media_-5N-Ab_9LhQ_001_1080p,3,1.5,validation,labeled,101,1:13;2:88,bbox:6;polygon:95,4c399b6c61ea5fc34c758ac790b9cc7f961e3f7c2292ab5f5712afb9f0fb20e2
0971327b63afa3700968e90b9f3ded195ce0843680c5b79da582bcffd64ce523,valid/images/YTSave_YouTube_Ho-Chi-Minh-City-Saigon-Traffic-Drone-Ae_Media_-5N-Ab_9LhQ_001_1080p_frame_00004_jpg.rf.a09f367a00218165d02b07c83d6fc4e9.jpg,valid/labels/YTSave_YouTube_Ho-Chi-Minh-City-Saigon-Traffic-Drone-Ae_Media_-5N-Ab_9LhQ_001_1080p_frame_00004_jpg.rf.a09f367a00218165d02b07c83d6fc4e9.txt,YTSave_YouTube_Ho-Chi-Minh-City-Saigon-Traffic-Drone-Ae_Media_-5N-Ab_9LhQ_001_1080p,4,2.0,validation,labeled,93,1:15;2:76;3:2,bbox:6;polygon:87,0971327b63afa3700968e90b9f3ded195ce0843680c5b79da582bcffd64ce523
54d557f5fa437e50f7e039d08a49041e37ae7addf97ed735d9a25617c0a2baa9,valid/images/YTSave_YouTube_Ho-Chi-Minh-City-Saigon-Traffic-Drone-Ae_Media_-5N-Ab_9LhQ_001_1080p_frame_00005_jpg.rf.7eda9e306158d22043811e12b33deeb3.jpg,valid/labels/YTSave_YouTube_Ho-Chi-Minh-City-Saigon-Traffic-Drone-Ae_Media_-5N-Ab_9LhQ_001_1080p_frame_00005_jpg.rf.7eda9e306158d22043811e12b33deeb3.txt,YTSave_YouTube_Ho-Chi-Minh-City-Saigon-Traffic-Drone-Ae_Media_-5N-Ab_9LhQ_001_1080p,5,2.5,validation,labeled,98,1:14;2:81;3:3,bbox:11;polygon:87,54d557f5fa437e50f7e039d08a49041e37ae7addf97ed735d9a25617c0a2baa9
0871d6d6b291a4ecb7b25a5b268a831ae94280ed547ee365333b7e4dab50c61b,valid/images/YTSave_YouTube_Ho-Chi-Minh-City-Saigon-Traffic-Drone-Ae_Media_-5N-Ab_9LhQ_001_1080p_frame_00005_jpg.rf.e21e50c3e417bd9c0cc4e3c972493c85.jpg,valid/labels/YTSave_YouTube_Ho-Chi-Minh-City-Saigon-Traffic-Drone-Ae_Media_-5N-Ab_9LhQ_001_1080p_frame_00005_jpg.rf.e21e50c3e417bd9c0cc4e3c972493c85.txt,YTSave_YouTube_Ho-Chi-Minh-City-Saigon-Traffic-Drone-Ae_Media_-5N-Ab_9LhQ_001_1080p,5,2.5,validation,labeled,85,1:13;2:72,bbox:5;polygon:80,0871d6d6b291a4ecb7b25a5b268a831ae94280ed547ee365333b7e4dab50c61b
edb815d1a4250885ce764285595cc95836c05ffd64b6cca0950d9747225b710c,valid/images/YTSave_YouTube_Ho-Chi-Minh-City-Saigon-Traffic-Drone-Ae_Media_-5N-Ab_9LhQ_001_1080p_frame_00006_jpg.rf.fa2a23a9b3ea515edb76e8262e1e2938.jpg,valid/labels/YTSave_YouTube_Ho-Chi-Minh-City-Saigon-Traffic-Drone-Ae_Media_-5N-Ab_9LhQ_001_1080p_frame_00006_jpg.rf.fa2a23a9b3ea515edb76e8262e1e2938.txt,YTSave_YouTube_Ho-Chi-Minh-City-Saigon-Traffic-Drone-Ae_Media_-5N-Ab_9LhQ_001_1080p,6,3.0,validation,labeled,87,1:17;2:65;3:5,bbox:7;polygon:80,edb815d1a4250885ce764285595cc95836c05ffd64b6cca0950d9747225b710c
eed8cebaffd70d24f143c791d2150fddb7fac336f0bcd3fa4e25e95f33bd4bf0,valid/images/YTSave_YouTube_Ho-Chi-Minh-City-Saigon-Traffic-Drone-Ae_Media_-5N-Ab_9LhQ_001_1080p_frame_00007_jpg.rf.85d9a5b4f9403d2ecfa28011b53166d6.jpg,valid/labels/YTSave_YouTube_Ho-Chi-Minh-City-Saigon-Traffic-Drone-Ae_Media_-5N-Ab_9LhQ_001_1080p_frame_00007_jpg.rf.85d9a5b4f9403d2ecfa28011b53166d6.txt,YTSave_YouTube_Ho-Chi-Minh-City-Saigon-Traffic-Drone-Ae_Media_-5N-Ab_9LhQ_001_1080p,7,3.5,validation,labeled,101,1:19;2:75;3:6;4:1,bbox:4;polygon:97,eed8cebaffd70d24f143c791d2150fddb7fac336f0bcd3fa4e25e95f33bd4bf0
83b1b5c2fa69438dbf34f1cca9629a773878e2c34a8de3c4179759c79b3e6535,valid/images/YTSave_YouTube_Ho-Chi-Minh-City-Saigon-Traffic-Drone-Ae_Media_-5N-Ab_9LhQ_001_1080p_frame_00008_jpg.rf.e4e46c8edea81e24a56a7de0f11019a8.jpg,valid/labels/YTSave_YouTube_Ho-Chi-Minh-City-Saigon-Traffic-Drone-Ae_Media_-5N-Ab_9LhQ_001_1080p_frame_00008_jpg.rf.e4e46c8edea81e24a56a7de0f11019a8.txt,YTSave_YouTube_Ho-Chi-Minh-City-Saigon-Traffic-Drone-Ae_Media_-5N-Ab_9LhQ_001_1080p,8,4.0,validation,labeled,86,0:2;1:17;2:60;3:6;4:1,bbox:14;polygon:72,83b1b5c2fa69438dbf34f1cca9629a773878e2c34a8de3c4179759c79b3e6535
6981411bbb533f0bc0dc3f273734702b186edfcc7dad6f8553375c96e64be053,valid/images/YTSave_YouTube_Ho-Chi-Minh-City-Saigon-Traffic-Drone-Ae_Media_-5N-Ab_9LhQ_001_1080p_frame_00009_jpg.rf.c95f39755b8b6bc9c37072456bcebb11.jpg,valid/labels/YTSave_YouTube_Ho-Chi-Minh-City-Saigon-Traffic-Drone-Ae_Media_-5N-Ab_9LhQ_001_1080p_frame_00009_jpg.rf.c95f39755b8b6bc9c37072456bcebb11.txt,YTSave_YouTube_Ho-Chi-Minh-City-Saigon-Traffic-Drone-Ae_Media_-5N-Ab_9LhQ_001_1080p,9,4.5,validation,labeled,78,0:2;1:18;2:54;3:3;4:1,bbox:7;polygon:71,6981411bbb533f0bc0dc3f273734702b186edfcc7dad6f8553375c96e64be053
5f16e556e30acd5e2c147da7a637e57872874425bdf66fcb3f316670fc4de02c,valid/images/YTSave_YouTube_Ho-Chi-Minh-City-Saigon-Traffic-Drone-Ae_Media_-5N-Ab_9LhQ_001_1080p_frame_00010_jpg.rf.03dfd928d862666673f89dd1c0125351.jpg,valid/labels/YTSave_YouTube_Ho-Chi-Minh-City-Saigon-Traffic-Drone-Ae_Media_-5N-Ab_9LhQ_001_1080p_frame_00010_jpg.rf.03dfd928d862666673f89dd1c0125351.txt,YTSave_YouTube_Ho-Chi-Minh-City-Saigon-Traffic-Drone-Ae_Media_-5N-Ab_9LhQ_001_1080p,10,5.0,validation,labeled,60,0:1;1:18;2:36;3:4;4:1,bbox:8;polygon:52,5f16e556e30acd5e2c147da7a637e57872874425bdf66fcb3f316670fc4de02c
8d17ece43d567ba9d65c2b850fe24cd4731f311c12f24bfba7c7f61c1d265aec,valid/images/YTSave_YouTube_Ho-Chi-Minh-City-Saigon-Traffic-Drone-Ae_Media_-5N-Ab_9LhQ_001_1080p_frame_00011_jpg.rf.a394131ce2ff66d259ee081459a0bc13.jpg,valid/labels/YTSave_YouTube_Ho-Chi-Minh-City-Saigon-Traffic-Drone-Ae_Media_-5N-Ab_9LhQ_001_1080p_frame_00011_jpg.rf.a394131ce2ff66d259ee081459a0bc13.txt,YTSave_YouTube_Ho-Chi-Minh-City-Saigon-Traffic-Drone-Ae_Media_-5N-Ab_9LhQ_001_1080p,11,5.5,validation,labeled,100,1:13;2:86;3:1,bbox:5;polygon:95,8d17ece43d567ba9d65c2b850fe24cd4731f311c12f24bfba7c7f61c1d265aec
3a07bce49db195bfc368ae6db99adf714cf476f485356d5ad94eedc39be4ceea,valid/images/YTSave_YouTube_Ho-Chi-Minh-City-Saigon-Traffic-Drone-Ae_Media_-5N-Ab_9LhQ_001_1080p_frame_00011_jpg.rf.cd8bbee7dd90afa3f7df65fdf4ae594f.jpg,valid/labels/YTSave_YouTube_Ho-Chi-Minh-City-Saigon-Traffic-Drone-Ae_Media_-5N-Ab_9LhQ_001_1080p_frame_00011_jpg.rf.cd8bbee7dd90afa3f7df65fdf4ae594f.txt,YTSave_YouTube_Ho-Chi-Minh-City-Saigon-Traffic-Drone-Ae_Media_-5N-Ab_9LhQ_001_1080p,11,5.5,validation,labeled,78,0:1;1:16;2:58;3:3,bbox:4;polygon:74,3a07bce49db195bfc368ae6db99adf714cf476f485356d5ad94eedc39be4ceea
d5f23aa23b288fa6da4e49febdd0c8e17712407de5905acfed1c978ac18a5e92,valid/images/YTSave_YouTube_Ho-Chi-Minh-City-Saigon-Traffic-Drone-Ae_Media_-5N-Ab_9LhQ_001_1080p_frame_00012_jpg.rf.4567f163c853b175c06b789688f0cbf2.jpg,valid/labels/YTSave_YouTube_Ho-Chi-Minh-City-Saigon-Traffic-Drone-Ae_Media_-5N-Ab_9LhQ_001_1080p_frame_00012_jpg.rf.4567f163c853b175c06b789688f0cbf2.txt,YTSave_YouTube_Ho-Chi-Minh-City-Saigon-Traffic-Drone-Ae_Media_-5N-Ab_9LhQ_001_1080p,12,6.0,validation,labeled,85,0:1;1:19;2:65,bbox:6;polygon:79,d5f23aa23b288fa6da4e49febdd0c8e17712407de5905acfed1c978ac18a5e92
4a78eba09c03f4e9e4651b45c62cc3b1aeac033e8e5025b3c44548cf7afc9cc5,valid/images/YTSave_YouTube_Ho-Chi-Minh-City-Saigon-Traffic-Drone-Ae_Media_-5N-Ab_9LhQ_001_1080p_frame_00013_jpg.rf.3bfbd8889b8124c8ad3ed528399fdf36.jpg,valid/labels/YTSave_YouTube_Ho-Chi-Minh-City-Saigon-Traffic-Drone-Ae_Media_-5N-Ab_9LhQ_001_1080p_frame_00013_jpg.rf.3bfbd8889b8124c8ad3ed528399fdf36.txt,YTSave_YouTube_Ho-Chi-Minh-City-Saigon-Traffic-Drone-Ae_Media_-5N-Ab_9LhQ_001_1080p,13,6.5,validation,labeled,81,1:17;2:61;3:2;4:1,bbox:2;polygon:79,4a78eba09c03f4e9e4651b45c62cc3b1aeac033e8e5025b3c44548cf7afc9cc5
3e0930557b5481258c9cefad062833a3ea7a5f01ebbbd09475c7453eb118874e,valid/images/YTSave_YouTube_Ho-Chi-Minh-City-Saigon-Traffic-Drone-Ae_Media_-5N-Ab_9LhQ_001_1080p_frame_00014_jpg.rf.9e95a89b6af76abe94531e73a421bf58.jpg,valid/labels/YTSave_YouTube_Ho-Chi-Minh-City-Saigon-Traffic-Drone-Ae_Media_-5N-Ab_9LhQ_001_1080p_frame_00014_jpg.rf.9e95a89b6af76abe94531e73a421bf58.txt,YTSave_YouTube_Ho-Chi-Minh-City-Saigon-Traffic-Drone-Ae_Media_-5N-Ab_9LhQ_001_1080p,14,7.0,validation,labeled,66,1:17;2:49,bbox:5;polygon:61,3e0930557b5481258c9cefad062833a3ea7a5f01ebbbd09475c7453eb118874e
800d1861c0234a1f88ae73290b9e7238b93fb08c5168b9129d9538be7a1d2fea,valid/images/YTSave_YouTube_Ho-Chi-Minh-City-Saigon-Traffic-Drone-Ae_Media_-5N-Ab_9LhQ_001_1080p_frame_00015_jpg.rf.7445617b5880b020a533bb97c8e97d92.jpg,valid/labels/YTSave_YouTube_Ho-Chi-Minh-City-Saigon-Traffic-Drone-Ae_Media_-5N-Ab_9LhQ_001_1080p_frame_00015_jpg.rf.7445617b5880b020a533bb97c8e97d92.txt,YTSave_YouTube_Ho-Chi-Minh-City-Saigon-Traffic-Drone-Ae_Media_-5N-Ab_9LhQ_001_1080p,15,7.5,validation,labeled,59,1:14;2:45,bbox:6;polygon:53,800d1861c0234a1f88ae73290b9e7238b93fb08c5168b9129d9538be7a1d2fea
be26b82b5e7081176f71765b4e09baff5dd429cba26f6c65abdd7015d008716b,valid/images/YTSave_YouTube_Ho-Chi-Minh-City-Saigon-Traffic-Drone-Ae_Media_-5N-Ab_9LhQ_001_1080p_frame_00017_jpg.rf.128cc9c023f5d3769ca2224c0b6ec182.jpg,valid/labels/YTSave_YouTube_Ho-Chi-Minh-City-Saigon-Traffic-Drone-Ae_Media_-5N-Ab_9LhQ_001_1080p_frame_00017_jpg.rf.128cc9c023f5d3769ca2224c0b6ec182.txt,YTSave_YouTube_Ho-Chi-Minh-City-Saigon-Traffic-Drone-Ae_Media_-5N-Ab_9LhQ_001_1080p,17,8.5,validation,labeled,65,0:2;1:25;2:38,bbox:6;polygon:59,be26b82b5e7081176f71765b4e09baff5dd429cba26f6c65abdd7015d008716b
21164d6a9b21bef0a0f623dd4393464c1c072b36aa9dea30fe4ed4a066d184f9,valid/images/YTSave_YouTube_Ho-Chi-Minh-City-Saigon-Traffic-Drone-Ae_Media_-5N-Ab_9LhQ_001_1080p_frame_00018_jpg.rf.85ed4549a4fc08ca91776ccbcae5b1c5.jpg,valid/labels/YTSave_YouTube_Ho-Chi-Minh-City-Saigon-Traffic-Drone-Ae_Media_-5N-Ab_9LhQ_001_1080p_frame_00018_jpg.rf.85ed4549a4fc08ca91776ccbcae5b1c5.txt,YTSave_YouTube_Ho-Chi-Minh-City-Saigon-Traffic-Drone-Ae_Media_-5N-Ab_9LhQ_001_1080p,18,9.0,validation,labeled,50,0:2;1:31;2:13;4:4,bbox:7;polygon:43,21164d6a9b21bef0a0f623dd4393464c1c072b36aa9dea30fe4ed4a066d184f9
3d0e7dfd1463297b111813178d4b017409c5ece9b99f5a1e3dc0d415bc195faf,valid/images/YTSave_YouTube_Ho-Chi-Minh-City-Saigon-Traffic-Drone-Ae_Media_-5N-Ab_9LhQ_001_1080p_frame_00018_jpg.rf.909504948e17fac0c417a1d44490fc11.jpg,valid/labels/YTSave_YouTube_Ho-Chi-Minh-City-Saigon-Traffic-Drone-Ae_Media_-5N-Ab_9LhQ_001_1080p_frame_00018_jpg.rf.909504948e17fac0c417a1d44490fc11.txt,YTSave_YouTube_Ho-Chi-Minh-City-Saigon-Traffic-Drone-Ae_Media_-5N-Ab_9LhQ_001_1080p,18,9.0,validation,labeled,112,1:15;2:93;3:4,bbox:6;polygon:106,3d0e7dfd1463297b111813178d4b017409c5ece9b99f5a1e3dc0d415bc195faf
85ee12797d877e6d678036c9d0438ce053062f9dd1f0eed79a86f33494d51240,valid/images/YTSave_YouTube_Ho-Chi-Minh-City-Saigon-Traffic-Drone-Ae_Media_-5N-Ab_9LhQ_001_1080p_frame_00020_jpg.rf.cdb617be8821c9f7e8c8d537d7d6bd6d.jpg,valid/labels/YTSave_YouTube_Ho-Chi-Minh-City-Saigon-Traffic-Drone-Ae_Media_-5N-Ab_9LhQ_001_1080p_frame_00020_jpg.rf.cdb617be8821c9f7e8c8d537d7d6bd6d.txt,YTSave_YouTube_Ho-Chi-Minh-City-Saigon-Traffic-Drone-Ae_Media_-5N-Ab_9LhQ_001_1080p,20,10.0,validation,labeled,52,0:3;1:33;2:15;3:1,bbox:9;polygon:43,85ee12797d877e6d678036c9d0438ce053062f9dd1f0eed79a86f33494d51240
6c8036e5049191f159b697027fd33eccf95b144e1aa5bb8c43a53dcda5423346,valid/images/YTSave_YouTube_Ho-Chi-Minh-City-Saigon-Traffic-Drone-Ae_Media_-5N-Ab_9LhQ_001_1080p_frame_00023_jpg.rf.ba39fd02dcea07b405a2bd35a13c87c7.jpg,valid/labels/YTSave_YouTube_Ho-Chi-Minh-City-Saigon-Traffic-Drone-Ae_Media_-5N-Ab_9LhQ_001_1080p_frame_00023_jpg.rf.ba39fd02dcea07b405a2bd35a13c87c7.txt,YTSave_YouTube_Ho-Chi-Minh-City-Saigon-Traffic-Drone-Ae_Media_-5N-Ab_9LhQ_001_1080p,23,11.5,validation,labeled,105,0:2;1:20;2:81;3:1;4:1,bbox:8;polygon:97,6c8036e5049191f159b697027fd33eccf95b144e1aa5bb8c43a53dcda5423346
1e4ca06c500f8ad2ec185b5db29cc173ee211724fe4d3dea072f659a74156ba8,valid/images/YTSave_YouTube_Ho-Chi-Minh-City-Saigon-Traffic-Drone-Ae_Media_-5N-Ab_9LhQ_001_1080p_frame_00028_jpg.rf.c3a5ccfe0051ba94e3a330f774282540.jpg,valid/labels/YTSave_YouTube_Ho-Chi-Minh-City-Saigon-Traffic-Drone-Ae_Media_-5N-Ab_9LhQ_001_1080p_frame_00028_jpg.rf.c3a5ccfe0051ba94e3a330f774282540.txt,YTSave_YouTube_Ho-Chi-Minh-City-Saigon-Traffic-Drone-Ae_Media_-5N-Ab_9LhQ_001_1080p,28,14.0,validation,labeled,88,0:2;1:21;2:61;3:3;4:1,bbox:13;polygon:75,1e4ca06c500f8ad2ec185b5db29cc173ee211724fe4d3dea072f659a74156ba8
f19cf8f93d77bba93dd6fe65e889149700f48a7a9696eddf7dd2d8e644ab4680,valid/images/YTSave_YouTube_Ho-Chi-Minh-City-Saigon-Traffic-Drone-Ae_Media_-5N-Ab_9LhQ_001_1080p_frame_00033_jpg.rf.c5b59e4969d14c382881d4eb883c507c.jpg,valid/labels/YTSave_YouTube_Ho-Chi-Minh-City-Saigon-Traffic-Drone-Ae_Media_-5N-Ab_9LhQ_001_1080p_frame_00033_jpg.rf.c5b59e4969d14c382881d4eb883c507c.txt,YTSave_YouTube_Ho-Chi-Minh-City-Saigon-Traffic-Drone-Ae_Media_-5N-Ab_9LhQ_001_1080p,33,16.5,validation,labeled,96,0:1;1:20;2:70;3:4;4:1,bbox:7;polygon:89,f19cf8f93d77bba93dd6fe65e889149700f48a7a9696eddf7dd2d8e644ab4680
bbdaf2c280ce7c255aeca0d192d374e0dcf8b5a1760a517ec56e3c75ad044942,valid/images/YTSave_YouTube_Ho-Chi-Minh-City-Saigon-Traffic-Drone-Ae_Media_-5N-Ab_9LhQ_001_1080p_frame_00037_jpg.rf.eb49986ee25cd627dc15a5c390f81f49.jpg,valid/labels/YTSave_YouTube_Ho-Chi-Minh-City-Saigon-Traffic-Drone-Ae_Media_-5N-Ab_9LhQ_001_1080p_frame_00037_jpg.rf.eb49986ee25cd627dc15a5c390f81f49.txt,YTSave_YouTube_Ho-Chi-Minh-City-Saigon-Traffic-Drone-Ae_Media_-5N-Ab_9LhQ_001_1080p,37,18.5,validation,labeled,91,0:1;1:21;2:68;3:1,bbox:4;polygon:87,bbdaf2c280ce7c255aeca0d192d374e0dcf8b5a1760a517ec56e3c75ad044942
9a61138d007d54eec254349fbc48ae7eb458301a250965c71a191a6fbdb6953f,valid/images/YTSave_YouTube_Ho-Chi-Minh-City-Saigon-Traffic-Drone-Ae_Media_-5N-Ab_9LhQ_001_1080p_frame_00038_jpg.rf.0a6ae34e9aa14974e51ac5ee34e2591a.jpg,valid/labels/YTSave_YouTube_Ho-Chi-Minh-City-Saigon-Traffic-Drone-Ae_Media_-5N-Ab_9LhQ_001_1080p_frame_00038_jpg.rf.0a6ae34e9aa14974e51ac5ee34e2591a.txt,YTSave_YouTube_Ho-Chi-Minh-City-Saigon-Traffic-Drone-Ae_Media_-5N-Ab_9LhQ_001_1080p,38,19.0,validation,labeled,90,0:1;1:18;2:70;3:1,bbox:6;polygon:84,9a61138d007d54eec254349fbc48ae7eb458301a250965c71a191a6fbdb6953f
8246af1fd88730e40a88d3ea6fe2f1085849e6bc9880ed58927049444acee0f4,valid/images/YTSave_YouTube_Ho-Chi-Minh-City-Saigon-Traffic-Drone-Ae_Media_-5N-Ab_9LhQ_001_1080p_frame_00040_jpg.rf.19b2b8e43733b5d92e46c852ed9e99a4.jpg,valid/labels/YTSave_YouTube_Ho-Chi-Minh-City-Saigon-Traffic-Drone-Ae_Media_-5N-Ab_9LhQ_001_1080p_frame_00040_jpg.rf.19b2b8e43733b5d92e46c852ed9e99a4.txt,YTSave_YouTube_Ho-Chi-Minh-City-Saigon-Traffic-Drone-Ae_Media_-5N-Ab_9LhQ_001_1080p,40,20.0,validation,labeled,85,0:1;1:16;2:67;3:1,bbox:3;polygon:82,8246af1fd88730e40a88d3ea6fe2f1085849e6bc9880ed58927049444acee0f4
628b3da8a99654bdee576d0cefd1e7c7536ce1f2ce8c7d8fd5c531279cc8e307,valid/images/YTSave_YouTube_Ho-Chi-Minh-City-Saigon-Traffic-Drone-Ae_Media_-5N-Ab_9LhQ_001_1080p_frame_00045_jpg.rf.dd41bc850fba54e4f1f7fed1da2bba2b.jpg,valid/labels/YTSave_YouTube_Ho-Chi-Minh-City-Saigon-Traffic-Drone-Ae_Media_-5N-Ab_9LhQ_001_1080p_frame_00045_jpg.rf.dd41bc850fba54e4f1f7fed1da2bba2b.txt,YTSave_YouTube_Ho-Chi-Minh-City-Saigon-Traffic-Drone-Ae_Media_-5N-Ab_9LhQ_001_1080p,45,22.5,validation,labeled,62,1:13;2:49,bbox:5;polygon:57,628b3da8a99654bdee576d0cefd1e7c7536ce1f2ce8c7d8fd5c531279cc8e307
8885752cc65e7fee0dd22977a41d402d04514ae315d8e62f3e6665fa8b5b4f4b,valid/images/YTSave_YouTube_Ho-Chi-Minh-City-Saigon-Traffic-Drone-Ae_Media_-5N-Ab_9LhQ_001_1080p_frame_00052_jpg.rf.12095628dfaab0b1a62077d6c071f78e.jpg,valid/labels/YTSave_YouTube_Ho-Chi-Minh-City-Saigon-Traffic-Drone-Ae_Media_-5N-Ab_9LhQ_001_1080p_frame_00052_jpg.rf.12095628dfaab0b1a62077d6c071f78e.txt,YTSave_YouTube_Ho-Chi-Minh-City-Saigon-Traffic-Drone-Ae_Media_-5N-Ab_9LhQ_001_1080p,52,26.0,validation,labeled,70,1:23;2:47,bbox:3;polygon:67,8885752cc65e7fee0dd22977a41d402d04514ae315d8e62f3e6665fa8b5b4f4b
da629614e967cb0e0848f8af723df8f1fc932fdeac04d19baf4d47559092105e,valid/images/YTSave_YouTube_Ho-Chi-Minh-City-Saigon-Traffic-Drone-Ae_Media_-5N-Ab_9LhQ_001_1080p_frame_00073_jpg.rf.f91fbee9c7a41c4b86a284d07012efad.jpg,valid/labels/YTSave_YouTube_Ho-Chi-Minh-City-Saigon-Traffic-Drone-Ae_Media_-5N-Ab_9LhQ_001_1080p_frame_00073_jpg.rf.f91fbee9c7a41c4b86a284d07012efad.txt,YTSave_YouTube_Ho-Chi-Minh-City-Saigon-Traffic-Drone-Ae_Media_-5N-Ab_9LhQ_001_1080p,73,36.5,validation,labeled,58,0:3;1:40;2:13;4:2,bbox:8;polygon:50,da629614e967cb0e0848f8af723df8f1fc932fdeac04d19baf4d47559092105e
6ad0e236382eddd2ceb44fb0043bb0a3d6caa8bc364079557aefc9baa792d4dc,valid/images/YTSave_YouTube_Ho-Chi-Minh-City-Saigon-Traffic-Drone-Ae_Media_-5N-Ab_9LhQ_001_1080p_frame_00081_jpg.rf.c765aec4093de426466bd1a2199c530f.jpg,valid/labels/YTSave_YouTube_Ho-Chi-Minh-City-Saigon-Traffic-Drone-Ae_Media_-5N-Ab_9LhQ_001_1080p_frame_00081_jpg.rf.c765aec4093de426466bd1a2199c530f.txt,YTSave_YouTube_Ho-Chi-Minh-City-Saigon-Traffic-Drone-Ae_Media_-5N-Ab_9LhQ_001_1080p,81,40.5,validation,labeled,55,0:4;1:39;2:7;3:4;4:1,bbox:11;polygon:44,6ad0e236382eddd2ceb44fb0043bb0a3d6caa8bc364079557aefc9baa792d4dc
53b60910ce5ef998cad269a808d4edf2c25024a5024ccd1496a75ea376c0e03a,valid/images/YTSave_YouTube_Ho-Chi-Minh-City-Saigon-Traffic-Drone-Ae_Media_-5N-Ab_9LhQ_001_1080p_frame_00086_jpg.rf.846d97742741db478bbd6101408fa5a9.jpg,valid/labels/YTSave_YouTube_Ho-Chi-Minh-City-Saigon-Traffic-Drone-Ae_Media_-5N-Ab_9LhQ_001_1080p_frame_00086_jpg.rf.846d97742741db478bbd6101408fa5a9.txt,YTSave_YouTube_Ho-Chi-Minh-City-Saigon-Traffic-Drone-Ae_Media_-5N-Ab_9LhQ_001_1080p,86,43.0,validation,labeled,44,0:4;1:25;2:12;3:2;4:1,bbox:4;polygon:40,53b60910ce5ef998cad269a808d4edf2c25024a5024ccd1496a75ea376c0e03a
f448e78394421967eac7fd6bbd57cbf035d19d2563f22d32a38062a67065509a,valid/images/YTSave_YouTube_Ho-Chi-Minh-City-Saigon-Traffic-Drone-Ae_Media_-5N-Ab_9LhQ_001_1080p_frame_00090_jpg.rf.d57c9dd31d09757a89ae2aeed940223c.jpg,valid/labels/YTSave_YouTube_Ho-Chi-Minh-City-Saigon-Traffic-Drone-Ae_Media_-5N-Ab_9LhQ_001_1080p_frame_00090_jpg.rf.d57c9dd31d09757a89ae2aeed940223c.txt,YTSave_YouTube_Ho-Chi-Minh-City-Saigon-Traffic-Drone-Ae_Media_-5N-Ab_9LhQ_001_1080p,90,45.0,validation,labeled,21,0:1;1:16;2:3;4:1,bbox:6;polygon:15,f448e78394421967eac7fd6bbd57cbf035d19d2563f22d32a38062a67065509a
e16069906915d766111bfda226dd6956910a248c57e44ed5e99e0b8df9886700,test/images/DJI_20250516071323_0341_D_frame_00005_jpg.rf.3e7774a6fd853953c2d0aaef21efe171.jpg,test/labels/DJI_20250516071323_0341_D_frame_00005_jpg.rf.3e7774a6fd853953c2d0aaef21efe171.txt,DJI_20250516071323_0341_D,5,2.5,test,labeled,85,1:17;2:23;3:44;4:1,bbox:4;polygon:81,e16069906915d766111bfda226dd6956910a248c57e44ed5e99e0b8df9886700
657986832ea6ac7426fbe31c7f0730bf3c041987a49334d08f9cf402044fddc2,test/images/DJI_20250516071323_0341_D_frame_00012_jpg.rf.fe97aee24efc3e30a19eaed18d96f3fa.jpg,test/labels/DJI_20250516071323_0341_D_frame_00012_jpg.rf.fe97aee24efc3e30a19eaed18d96f3fa.txt,DJI_20250516071323_0341_D,12,6.0,test,labeled,81,1:13;2:24;3:43;4:1,bbox:6;polygon:75,657986832ea6ac7426fbe31c7f0730bf3c041987a49334d08f9cf402044fddc2
9f7bfce295b12839247dc682b4cf328304e5fc0a27eeea8ae4ea38fed3d2c07f,test/images/DJI_20250516071323_0341_D_frame_00014_jpg.rf.d1603c498226fbf8dcd5cc51e0560a55.jpg,test/labels/DJI_20250516071323_0341_D_frame_00014_jpg.rf.d1603c498226fbf8dcd5cc51e0560a55.txt,DJI_20250516071323_0341_D,14,7.0,test,labeled,82,1:13;2:23;3:45;4:1,bbox:4;polygon:78,9f7bfce295b12839247dc682b4cf328304e5fc0a27eeea8ae4ea38fed3d2c07f
841cb1497b403e7a58d224a9559240d7846ffa8de3631831f1ea6f0c910e52ea,test/images/DJI_20250516071323_0341_D_frame_00042_jpg.rf.4e031dd2a31007d263ba97e523865557.jpg,test/labels/DJI_20250516071323_0341_D_frame_00042_jpg.rf.4e031dd2a31007d263ba97e523865557.txt,DJI_20250516071323_0341_D,42,21.0,test,labeled,78,1:18;2:10;3:49;4:1,bbox:4;polygon:74,841cb1497b403e7a58d224a9559240d7846ffa8de3631831f1ea6f0c910e52ea
d8741ee1540d7c7c02a8e00d2989521f6474525f4b80c69ab1becbeeef49683c,test/images/DJI_20250516071323_0341_D_frame_00048_jpg.rf.56273e6cf7be4f6801d0b4561cad16a5.jpg,test/labels/DJI_20250516071323_0341_D_frame_00048_jpg.rf.56273e6cf7be4f6801d0b4561cad16a5.txt,DJI_20250516071323_0341_D,48,24.0,test,labeled,66,1:12;2:6;3:45;4:3,bbox:5;polygon:61,d8741ee1540d7c7c02a8e00d2989521f6474525f4b80c69ab1becbeeef49683c
a3046b81dbd20f063c027fbff5eca28a58ba9c0b0f6bd6361238876fbdac8728,test/images/traffic_jam_frame_00012_jpg.rf.aef0ad3d0d456155a567849f926f098b.jpg,test/labels/traffic_jam_frame_00012_jpg.rf.aef0ad3d0d456155a567849f926f098b.txt,traffic_jam,12,6.0,test,labeled,111,0:12;1:65;2:32;4:2,bbox:5;polygon:106,a3046b81dbd20f063c027fbff5eca28a58ba9c0b0f6bd6361238876fbdac8728
376d2da247f000565bb58bcfb9862f64ab0ee43d6d4b6aa1a57a78c76e04242b,test/images/traffic_normal_frame_00031_jpg.rf.6eda1b3b3ec82e4504d241897ebe0f73.jpg,test/labels/traffic_normal_frame_00031_jpg.rf.6eda1b3b3ec82e4504d241897ebe0f73.txt,traffic_normal,31,15.5,test,labeled,106,0:4;1:25;2:28;3:1;4:48,bbox:16;polygon:90,376d2da247f000565bb58bcfb9862f64ab0ee43d6d4b6aa1a57a78c76e04242b
a05ad725be69d461ad3a39e398c9fac98e5b41a2ca31de94478374cd76e3d45b,test/images/traffic_normal_frame_00034_jpg.rf.bb62dbd09518b59dd1c280463489309c.jpg,test/labels/traffic_normal_frame_00034_jpg.rf.bb62dbd09518b59dd1c280463489309c.txt,traffic_normal,34,17.0,test,labeled,79,0:6;1:22;2:13;4:38,bbox:12;polygon:67,a05ad725be69d461ad3a39e398c9fac98e5b41a2ca31de94478374cd76e3d45b
fee49b5cc6b326ea5a76f266d5fdd67348ddfed9ef64658c71848d184b48c251,test/images/traffic_normal_frame_00043_jpg.rf.b24264b69f853fe4102528cc02004970.jpg,test/labels/traffic_normal_frame_00043_jpg.rf.b24264b69f853fe4102528cc02004970.txt,traffic_normal,43,21.5,test,labeled,63,1:19;2:3;4:41,bbox:13;polygon:50,fee49b5cc6b326ea5a76f266d5fdd67348ddfed9ef64658c71848d184b48c251
aa1e630a8be0657947cdb5ccf5a8c14faf25e52a4be935af0698624a0de77fe8,test/images/traffic_normal_frame_00050_jpg.rf.0b2e428e12edaac9d43860ffb463f3b3.jpg,test/labels/traffic_normal_frame_00050_jpg.rf.0b2e428e12edaac9d43860ffb463f3b3.txt,traffic_normal,50,25.0,test,labeled,63,1:16;2:5;4:42,bbox:10;polygon:53,aa1e630a8be0657947cdb5ccf5a8c14faf25e52a4be935af0698624a0de77fe8
e00f900bec826930825bcfae89c24636bde174f1613eeb4128e39e4cd51c4b63,test/images/traffic_normal_frame_00056_jpg.rf.4b0b5cd2c4d746b68314312bfafdd206.jpg,test/labels/traffic_normal_frame_00056_jpg.rf.4b0b5cd2c4d746b68314312bfafdd206.txt,traffic_normal,56,28.0,test,labeled,73,0:2;1:20;2:9;4:42,bbox:4;polygon:69,e00f900bec826930825bcfae89c24636bde174f1613eeb4128e39e4cd51c4b63
c23a941b9b78b13a41f786f3ffe44e6933a489b58ba428d80a7830cdc0a22008,test/images/traffic_normal_frame_00070_jpg.rf.53000383b9fc5f2c1f0f1261c5320297.jpg,test/labels/traffic_normal_frame_00070_jpg.rf.53000383b9fc5f2c1f0f1261c5320297.txt,traffic_normal,70,35.0,test,labeled,55,0:3;1:14;2:2;4:36,bbox:7;polygon:48,c23a941b9b78b13a41f786f3ffe44e6933a489b58ba428d80a7830cdc0a22008
e0ab07fa4363063d4d6b4d07ded7cb0c30940ea0b6f2806d316c255f84fa0f8c,test/images/traffic_normal_frame_00074_jpg.rf.14dc6cd3482fb657ab4c5892161615ae.jpg,test/labels/traffic_normal_frame_00074_jpg.rf.14dc6cd3482fb657ab4c5892161615ae.txt,traffic_normal,74,37.0,test,labeled,60,1:21;2:4;4:35,bbox:12;polygon:48,e0ab07fa4363063d4d6b4d07ded7cb0c30940ea0b6f2806d316c255f84fa0f8c
23cc5c3d6831b5b11e9f2c2f0d57573b2d8a8ff539c6a7f763a327c2cf6f18d1,test/images/vid3_frame_00019_jpg.rf.41553738eb9ece8c149b7e1f6a54dd38.jpg,test/labels/vid3_frame_00019_jpg.rf.41553738eb9ece8c149b7e1f6a54dd38.txt,vid3,19,9.5,test,labeled,56,0:16;1:21;2:15;3:2;4:2,bbox:3;polygon:53,23cc5c3d6831b5b11e9f2c2f0d57573b2d8a8ff539c6a7f763a327c2cf6f18d1
f28da0b0eb57f35a6c0be97ed8dc515f643c05fbba0e437d823658c259ad53e2,test/images/vid3_frame_00023_jpg.rf.150dee6993d93470cf6ddfb9bc3cab5b.jpg,test/labels/vid3_frame_00023_jpg.rf.150dee6993d93470cf6ddfb9bc3cab5b.txt,vid3,23,11.5,test,labeled,67,0:14;1:34;2:14;3:1;4:4,bbox:8;polygon:59,f28da0b0eb57f35a6c0be97ed8dc515f643c05fbba0e437d823658c259ad53e2
e6c6c7734f00bcfb7a8060ce5c0608d53fedce92ac36747c1623afdabb0f778e,test/images/vid3_frame_00027_jpg.rf.18f60dc5de049e3c90af1c3aa084e081.jpg,test/labels/vid3_frame_00027_jpg.rf.18f60dc5de049e3c90af1c3aa084e081.txt,vid3,27,13.5,test,labeled,74,0:15;1:35;2:20;3:3;4:1,bbox:9;polygon:65,e6c6c7734f00bcfb7a8060ce5c0608d53fedce92ac36747c1623afdabb0f778e
8fa60b4b3cf64861de6c96700320c05d9e78939bc789beb478ecdbb75f9570bd,test/images/vid3_frame_00030_jpg.rf.0c9dc3c5d6baa3e747a37a39e35400fe.jpg,test/labels/vid3_frame_00030_jpg.rf.0c9dc3c5d6baa3e747a37a39e35400fe.txt,vid3,30,15.0,test,labeled,67,0:13;1:32;2:21;3:1,bbox:16;polygon:51,8fa60b4b3cf64861de6c96700320c05d9e78939bc789beb478ecdbb75f9570bd
7a6d4a4a6f856c0a7ee8e2240264d0ddaeca6e360613dde23355f7ca77bf9f8b,test/images/vid4_frame_00001_jpg.rf.98801598acaafea99acfd587d65944a4.jpg,test/labels/vid4_frame_00001_jpg.rf.98801598acaafea99acfd587d65944a4.txt,vid4,1,0.5,test,labeled,35,1:4;2:12;3:18;4:1,bbox:1;polygon:34,7a6d4a4a6f856c0a7ee8e2240264d0ddaeca6e360613dde23355f7ca77bf9f8b
e2c10720ef2850e9240e8b3af293ca680f70eedb481257badccb0f2b9a500f8a,test/images/vid4_frame_00009_jpg.rf.b501f5746d3ce0a345ec79bfc46c82cd.jpg,test/labels/vid4_frame_00009_jpg.rf.b501f5746d3ce0a345ec79bfc46c82cd.txt,vid4,9,4.5,test,labeled,33,1:5;2:10;3:17;4:1,bbox:2;polygon:31,e2c10720ef2850e9240e8b3af293ca680f70eedb481257badccb0f2b9a500f8a
1d597b449e042ad1d3c3d8f18b540ddf21a85bcd533beb607524b21f69cc3344,test/images/vid4_frame_00023_jpg.rf.89d8836e260a89001935cfdfcaf5b7cd.jpg,test/labels/vid4_frame_00023_jpg.rf.89d8836e260a89001935cfdfcaf5b7cd.txt,vid4,23,11.5,test,labeled,39,0:1;1:5;2:5;3:28,polygon:39,1d597b449e042ad1d3c3d8f18b540ddf21a85bcd533beb607524b21f69cc3344
b6067c96de073c47eb8aa0fb2ba3e72ece1370355687e8392e85a4e293fe1a2e,test/images/vid4_frame_00028_jpg.rf.0dd27a8a7d16d8d97d97252be4ac8176.jpg,test/labels/vid4_frame_00028_jpg.rf.0dd27a8a7d16d8d97d97252be4ac8176.txt,vid4,28,14.0,test,labeled,46,1:10;2:4;3:32,bbox:3;polygon:43,b6067c96de073c47eb8aa0fb2ba3e72ece1370355687e8392e85a4e293fe1a2e
7e2b67caad54f1f0a5887f794508cb840f2b16d6bb7afffe79ed37fd9a1bb4d0,test/images/vid4_frame_00041_jpg.rf.c3ffd27c8fa0ca40c80889e68c199e3b.jpg,test/labels/vid4_frame_00041_jpg.rf.c3ffd27c8fa0ca40c80889e68c199e3b.txt,vid4,41,20.5,test,labeled,59,1:12;2:7;3:36;4:4,bbox:3;polygon:56,7e2b67caad54f1f0a5887f794508cb840f2b16d6bb7afffe79ed37fd9a1bb4d0
8c33922d129f36d37badd6cdc4ab6854d31f4723f5fd544329186daa77c64ee7,test/images/vid4_frame_00055_jpg.rf.73652993124e6f235053c9ec3a9f37ce.jpg,test/labels/vid4_frame_00055_jpg.rf.73652993124e6f235053c9ec3a9f37ce.txt,vid4,55,27.5,test,labeled,63,1:12;2:5;3:42;4:4,bbox:3;polygon:60,8c33922d129f36d37badd6cdc4ab6854d31f4723f5fd544329186daa77c64ee7
e18871d36103d452b80dcc68aa6080425fe90ed8cd5f0e8e11a04d7bfe9123bd,test/images/vid4_frame_00065_jpg.rf.d85811f78d0c077422e5df7cfbf6271d.jpg,test/labels/vid4_frame_00065_jpg.rf.d85811f78d0c077422e5df7cfbf6271d.txt,vid4,65,32.5,test,labeled,31,1:10;3:17;4:4,bbox:5;polygon:26,e18871d36103d452b80dcc68aa6080425fe90ed8cd5f0e8e11a04d7bfe9123bd
bfc2aa0f09583a6c0eb88a93a7b3a186092ee798d758095291936861d88e6476,test/images/vid4_frame_00094_jpg.rf.ad08c2b1c340594da22c5ad0b493e93d.jpg,test/labels/vid4_frame_00094_jpg.rf.ad08c2b1c340594da22c5ad0b493e93d.txt,vid4,94,47.0,test,labeled,18,1:13;3:1;4:4,bbox:1;polygon:17,bfc2aa0f09583a6c0eb88a93a7b3a186092ee798d758095291936861d88e6476
f72c80935d8b862147eb74870e79b553208367ce25cc31d512a9d416b849dedc,test/images/vid4_frame_00100_jpg.rf.4650cad92c101ade98518b58a9d98439.jpg,test/labels/vid4_frame_00100_jpg.rf.4650cad92c101ade98518b58a9d98439.txt,vid4,100,50.0,test,labeled,13,1:10;4:3,bbox:2;polygon:11,f72c80935d8b862147eb74870e79b553208367ce25cc31d512a9d416b849dedc
e270571b20ae040a3f859455755d7875f292624c20338542a3bd0ffe797677e3,test/images/vid4_frame_00107_jpg.rf.fe29f038bcfd49f6db61ac917cfd4ec8.jpg,test/labels/vid4_frame_00107_jpg.rf.fe29f038bcfd49f6db61ac917cfd4ec8.txt,vid4,107,53.5,test,labeled,9,1:8;4:1,bbox:3;polygon:6,e270571b20ae040a3f859455755d7875f292624c20338542a3bd0ffe797677e3
08eca8b580c7f768418947efeb9951f922c06df0d1ec909f5efa80b0e104952a,test/images/vid4_frame_00130_jpg.rf.90d7aa12ac780c7495e46d01593c2e41.jpg,test/labels/vid4_frame_00130_jpg.rf.90d7aa12ac780c7495e46d01593c2e41.txt,vid4,130,65.0,test,labeled,3,1:2;4:1,polygon:3,08eca8b580c7f768418947efeb9951f922c06df0d1ec909f5efa80b0e104952a
e2acddbe00ff8ebe5b6b0004b93d8698b8968a5219285af936a447200868e6e3,test/images/YTDown-com_YouTube_Crazy-rush-hour-traffic-in-Saigon-Ho-Chi_Media_V8paX22Sgzg_001_1080p_frame_00010_jpg.rf.4e0175f0c950cac139e130e1f22feeb1.jpg,test/labels/YTDown-com_YouTube_Crazy-rush-hour-traffic-in-Saigon-Ho-Chi_Media_V8paX22Sgzg_001_1080p_frame_00010_jpg.rf.4e0175f0c950cac139e130e1f22feeb1.txt,YTDown-com_YouTube_Crazy-rush-hour-traffic-in-Saigon-Ho-Chi_Media_V8paX22Sgzg_001_1080p,10,5.0,test,labeled,54,0:2;1:4;2:48,polygon:54,e2acddbe00ff8ebe5b6b0004b93d8698b8968a5219285af936a447200868e6e3
7c1a29a90f118ac9d1d61e3fef6a5af87a6c8251df5910360a6d4b94db2bf971,test/images/YTDown-com_YouTube_Crazy-rush-hour-traffic-in-Saigon-Ho-Chi_Media_V8paX22Sgzg_001_1080p_frame_00017_jpg.rf.0bccbfeda92edf76b480a20a6a5ff090.jpg,test/labels/YTDown-com_YouTube_Crazy-rush-hour-traffic-in-Saigon-Ho-Chi_Media_V8paX22Sgzg_001_1080p_frame_00017_jpg.rf.0bccbfeda92edf76b480a20a6a5ff090.txt,YTDown-com_YouTube_Crazy-rush-hour-traffic-in-Saigon-Ho-Chi_Media_V8paX22Sgzg_001_1080p,17,8.5,test,labeled,48,0:1;1:10;2:33;3:4,bbox:2;polygon:46,7c1a29a90f118ac9d1d61e3fef6a5af87a6c8251df5910360a6d4b94db2bf971
e374c0b7b960d1acc234ddfd24145839ecb7620e95cf4224c3e3d1af0198c6ba,test/images/YTDown-com_YouTube_Crazy-rush-hour-traffic-in-Saigon-Ho-Chi_Media_V8paX22Sgzg_001_1080p_frame_00043_jpg.rf.d11c65f41c3d684222bfa37b777b6288.jpg,test/labels/YTDown-com_YouTube_Crazy-rush-hour-traffic-in-Saigon-Ho-Chi_Media_V8paX22Sgzg_001_1080p_frame_00043_jpg.rf.d11c65f41c3d684222bfa37b777b6288.txt,YTDown-com_YouTube_Crazy-rush-hour-traffic-in-Saigon-Ho-Chi_Media_V8paX22Sgzg_001_1080p,43,21.5,test,labeled,44,0:2;1:2;2:40,polygon:44,e374c0b7b960d1acc234ddfd24145839ecb7620e95cf4224c3e3d1af0198c6ba
df65c9b2ba2fc8f3c6455e3b5a435d02bdf3fe5f571c92962721aa8adf4fa8e2,test/images/YTDown-com_YouTube_Crazy-rush-hour-traffic-in-Saigon-Ho-Chi_Media_V8paX22Sgzg_001_1080p_frame_00045_jpg.rf.d849614d7964ed0890fcddc48c23a532.jpg,test/labels/YTDown-com_YouTube_Crazy-rush-hour-traffic-in-Saigon-Ho-Chi_Media_V8paX22Sgzg_001_1080p_frame_00045_jpg.rf.d849614d7964ed0890fcddc48c23a532.txt,YTDown-com_YouTube_Crazy-rush-hour-traffic-in-Saigon-Ho-Chi_Media_V8paX22Sgzg_001_1080p,45,22.5,test,labeled,40,1:3;2:37,polygon:40,df65c9b2ba2fc8f3c6455e3b5a435d02bdf3fe5f571c92962721aa8adf4fa8e2
ffee4c86492156a44ddf1b54420c8ad610ba5eeff38993a2e55fbfbc9e3c0ffa,test/images/YTDown-com_YouTube_Crazy-rush-hour-traffic-in-Saigon-Ho-Chi_Media_V8paX22Sgzg_001_1080p_frame_00058_jpg.rf.5f6b4f0d3d4a8e10ebc297d1ffe51ce9.jpg,test/labels/YTDown-com_YouTube_Crazy-rush-hour-traffic-in-Saigon-Ho-Chi_Media_V8paX22Sgzg_001_1080p_frame_00058_jpg.rf.5f6b4f0d3d4a8e10ebc297d1ffe51ce9.txt,YTDown-com_YouTube_Crazy-rush-hour-traffic-in-Saigon-Ho-Chi_Media_V8paX22Sgzg_001_1080p,58,29.0,test,labeled,43,0:2;1:5;2:36,bbox:1;polygon:42,ffee4c86492156a44ddf1b54420c8ad610ba5eeff38993a2e55fbfbc9e3c0ffa
40649bbc9b688df123984f3f12134d2a235e1da5d6ae828312a0c3f73fd3d44a,test/images/YTDown-com_YouTube_Crazy-rush-hour-traffic-in-Saigon-Ho-Chi_Media_V8paX22Sgzg_001_1080p_frame_00061_jpg.rf.cebc01a17221362d0c71c8aa75a7db36.jpg,test/labels/YTDown-com_YouTube_Crazy-rush-hour-traffic-in-Saigon-Ho-Chi_Media_V8paX22Sgzg_001_1080p_frame_00061_jpg.rf.cebc01a17221362d0c71c8aa75a7db36.txt,YTDown-com_YouTube_Crazy-rush-hour-traffic-in-Saigon-Ho-Chi_Media_V8paX22Sgzg_001_1080p,61,30.5,test,labeled,41,0:2;1:4;2:35,polygon:41,40649bbc9b688df123984f3f12134d2a235e1da5d6ae828312a0c3f73fd3d44a
7ac06c890fcf8442d84b8d0e509ca9189ec4a48696901a41be297b9b3d77f13b,test/images/YTDown-com_YouTube_Crazy-rush-hour-traffic-in-Saigon-Ho-Chi_Media_V8paX22Sgzg_001_1080p_frame_00067_jpg.rf.d7e84064002156b7f6e7e5d964877023.jpg,test/labels/YTDown-com_YouTube_Crazy-rush-hour-traffic-in-Saigon-Ho-Chi_Media_V8paX22Sgzg_001_1080p_frame_00067_jpg.rf.d7e84064002156b7f6e7e5d964877023.txt,YTDown-com_YouTube_Crazy-rush-hour-traffic-in-Saigon-Ho-Chi_Media_V8paX22Sgzg_001_1080p,67,33.5,test,labeled,29,0:3;1:9;2:15;3:2,polygon:29,7ac06c890fcf8442d84b8d0e509ca9189ec4a48696901a41be297b9b3d77f13b
9087ecfe6d630f3d0675c17eb777cba258168fbc7a2a5fdf60003a3b98b9377e,test/images/YTDown-com_YouTube_Crazy-yet-Organized-Traffic-in-Vietnam-H_Media_fm0cX7P6PSw_001_1080p_frame_00018_jpg.rf.458277fa14fdd21015a27e99061bd90e.jpg,test/labels/YTDown-com_YouTube_Crazy-yet-Organized-Traffic-in-Vietnam-H_Media_fm0cX7P6PSw_001_1080p_frame_00018_jpg.rf.458277fa14fdd21015a27e99061bd90e.txt,YTDown-com_YouTube_Crazy-yet-Organized-Traffic-in-Vietnam-H_Media_fm0cX7P6PSw_001_1080p,18,9.0,test,labeled,50,0:3;1:11;2:36,bbox:3;polygon:47,9087ecfe6d630f3d0675c17eb777cba258168fbc7a2a5fdf60003a3b98b9377e
6f7adaada382e3e709646ac6af76b934ec940d865a696eb70e6173247a2606a6,test/images/YTDown-com_YouTube_Crazy-yet-Organized-Traffic-in-Vietnam-H_Media_fm0cX7P6PSw_001_1080p_frame_00019_jpg.rf.44c84d7e17676cfadf29253983750bdc.jpg,test/labels/YTDown-com_YouTube_Crazy-yet-Organized-Traffic-in-Vietnam-H_Media_fm0cX7P6PSw_001_1080p_frame_00019_jpg.rf.44c84d7e17676cfadf29253983750bdc.txt,YTDown-com_YouTube_Crazy-yet-Organized-Traffic-in-Vietnam-H_Media_fm0cX7P6PSw_001_1080p,19,9.5,test,labeled,52,0:3;1:10;2:39,bbox:2;polygon:50,6f7adaada382e3e709646ac6af76b934ec940d865a696eb70e6173247a2606a6
6862ad88dab84aec2ae19dc27743651c8a527b72e8c972c0df7cd86fcd59d44b,test/images/YTDown-com_YouTube_Crazy-yet-Organized-Traffic-in-Vietnam-H_Media_fm0cX7P6PSw_001_1080p_frame_00021_jpg.rf.da646b6705f12d4e1c9f1664950f33be.jpg,test/labels/YTDown-com_YouTube_Crazy-yet-Organized-Traffic-in-Vietnam-H_Media_fm0cX7P6PSw_001_1080p_frame_00021_jpg.rf.da646b6705f12d4e1c9f1664950f33be.txt,YTDown-com_YouTube_Crazy-yet-Organized-Traffic-in-Vietnam-H_Media_fm0cX7P6PSw_001_1080p,21,10.5,test,labeled,47,0:3;1:11;2:33,bbox:1;polygon:46,6862ad88dab84aec2ae19dc27743651c8a527b72e8c972c0df7cd86fcd59d44b
48456bcf17876b1a3443661195e6731ed1f8db02824998f3d4ab6a55f358af71,test/images/YTDown-com_YouTube_Crazy-yet-Organized-Traffic-in-Vietnam-H_Media_fm0cX7P6PSw_001_1080p_frame_00026_jpg.rf.894a5688227eb960a6a53fffa68c67ca.jpg,test/labels/YTDown-com_YouTube_Crazy-yet-Organized-Traffic-in-Vietnam-H_Media_fm0cX7P6PSw_001_1080p_frame_00026_jpg.rf.894a5688227eb960a6a53fffa68c67ca.txt,YTDown-com_YouTube_Crazy-yet-Organized-Traffic-in-Vietnam-H_Media_fm0cX7P6PSw_001_1080p,26,13.0,test,labeled,56,0:3;1:9;2:44,bbox:3;polygon:53,48456bcf17876b1a3443661195e6731ed1f8db02824998f3d4ab6a55f358af71
04ea030db7b8f7179f4440b6e338c91d7e2a17a331b16c5df06d05e94c83146d,test/images/YTDown-com_YouTube_Crazy-yet-Organized-Traffic-in-Vietnam-H_Media_fm0cX7P6PSw_001_1080p_frame_00033_jpg.rf.40d488d7f2e3333e9c04076ca4b1dec2.jpg,test/labels/YTDown-com_YouTube_Crazy-yet-Organized-Traffic-in-Vietnam-H_Media_fm0cX7P6PSw_001_1080p_frame_00033_jpg.rf.40d488d7f2e3333e9c04076ca4b1dec2.txt,YTDown-com_YouTube_Crazy-yet-Organized-Traffic-in-Vietnam-H_Media_fm0cX7P6PSw_001_1080p,33,16.5,test,labeled,52,0:3;1:10;2:39,bbox:3;polygon:49,04ea030db7b8f7179f4440b6e338c91d7e2a17a331b16c5df06d05e94c83146d
455690bb0faf99dcaf5b430c773431b442c18d6a513e892883a50002ce4c7e20,test/images/YTDown-com_YouTube_Crazy-yet-Organized-Traffic-in-Vietnam-H_Media_fm0cX7P6PSw_001_1080p_frame_00034_jpg.rf.ff5361e4832f0cb2b819239a48f0a83e.jpg,test/labels/YTDown-com_YouTube_Crazy-yet-Organized-Traffic-in-Vietnam-H_Media_fm0cX7P6PSw_001_1080p_frame_00034_jpg.rf.ff5361e4832f0cb2b819239a48f0a83e.txt,YTDown-com_YouTube_Crazy-yet-Organized-Traffic-in-Vietnam-H_Media_fm0cX7P6PSw_001_1080p,34,17.0,test,labeled,46,0:4;1:8;2:34,bbox:3;polygon:43,455690bb0faf99dcaf5b430c773431b442c18d6a513e892883a50002ce4c7e20
53820f5939373b11c2bab0068d9cfe7884697d6ecb935317584051ab11d4f0b3,test/images/YTDown-com_YouTube_Crazy-yet-Organized-Traffic-in-Vietnam-H_Media_fm0cX7P6PSw_001_1080p_frame_00040_jpg.rf.c97c0aed50ffe19fdec10387468b0ab2.jpg,test/labels/YTDown-com_YouTube_Crazy-yet-Organized-Traffic-in-Vietnam-H_Media_fm0cX7P6PSw_001_1080p_frame_00040_jpg.rf.c97c0aed50ffe19fdec10387468b0ab2.txt,YTDown-com_YouTube_Crazy-yet-Organized-Traffic-in-Vietnam-H_Media_fm0cX7P6PSw_001_1080p,40,20.0,test,labeled,54,0:4;1:12;2:38,bbox:1;polygon:53,53820f5939373b11c2bab0068d9cfe7884697d6ecb935317584051ab11d4f0b3
d8f81ba13018f0846f97783c875a84d573b92aa43daf428092cf7defea307f4b,test/images/YTDown-com_YouTube_Crazy-yet-Organized-Traffic-in-Vietnam-H_Media_fm0cX7P6PSw_001_1080p_frame_00043_jpg.rf.f04e737a881240ab54fadfed2a91472a.jpg,test/labels/YTDown-com_YouTube_Crazy-yet-Organized-Traffic-in-Vietnam-H_Media_fm0cX7P6PSw_001_1080p_frame_00043_jpg.rf.f04e737a881240ab54fadfed2a91472a.txt,YTDown-com_YouTube_Crazy-yet-Organized-Traffic-in-Vietnam-H_Media_fm0cX7P6PSw_001_1080p,43,21.5,test,labeled,55,0:3;1:10;2:42,bbox:1;polygon:54,d8f81ba13018f0846f97783c875a84d573b92aa43daf428092cf7defea307f4b
e01ded0790d6d4cc63714fc4256cead725996c3fe451998fa045ac901c91b905,test/images/YTDown-com_YouTube_Crazy-yet-Organized-Traffic-in-Vietnam-H_Media_fm0cX7P6PSw_001_1080p_frame_00053_jpg.rf.dce1d048f97501bc8c45dd97c518b802.jpg,test/labels/YTDown-com_YouTube_Crazy-yet-Organized-Traffic-in-Vietnam-H_Media_fm0cX7P6PSw_001_1080p_frame_00053_jpg.rf.dce1d048f97501bc8c45dd97c518b802.txt,YTDown-com_YouTube_Crazy-yet-Organized-Traffic-in-Vietnam-H_Media_fm0cX7P6PSw_001_1080p,53,26.5,test,labeled,53,0:2;1:5;2:44;3:1;4:1,bbox:3;polygon:50,e01ded0790d6d4cc63714fc4256cead725996c3fe451998fa045ac901c91b905
678bda28c67a0f6ffbbfb7cd043af477fa329306201a76c12ad52c0e4bb0016d,test/images/YTDown-com_YouTube_Crazy-yet-Organized-Traffic-in-Vietnam-H_Media_fm0cX7P6PSw_001_1080p_frame_00057_jpg.rf.c32757e07f682adcac2e05829f7e6ad1.jpg,test/labels/YTDown-com_YouTube_Crazy-yet-Organized-Traffic-in-Vietnam-H_Media_fm0cX7P6PSw_001_1080p_frame_00057_jpg.rf.c32757e07f682adcac2e05829f7e6ad1.txt,YTDown-com_YouTube_Crazy-yet-Organized-Traffic-in-Vietnam-H_Media_fm0cX7P6PSw_001_1080p,57,28.5,test,labeled,63,0:3;1:8;2:48;3:3;4:1,bbox:5;polygon:58,678bda28c67a0f6ffbbfb7cd043af477fa329306201a76c12ad52c0e4bb0016d
67ed622d03391b4750733ce89f7b9d168cae3c9904f23ea0a1d789e0c5e2a373,test/images/YTDown-com_YouTube_Crazy-yet-Organized-Traffic-in-Vietnam-H_Media_fm0cX7P6PSw_001_1080p_frame_00062_jpg.rf.24d9aab6b74340a117dce38a8a308f6b.jpg,test/labels/YTDown-com_YouTube_Crazy-yet-Organized-Traffic-in-Vietnam-H_Media_fm0cX7P6PSw_001_1080p_frame_00062_jpg.rf.24d9aab6b74340a117dce38a8a308f6b.txt,YTDown-com_YouTube_Crazy-yet-Organized-Traffic-in-Vietnam-H_Media_fm0cX7P6PSw_001_1080p,62,31.0,test,labeled,67,0:2;1:10;2:54;3:1,bbox:6;polygon:61,67ed622d03391b4750733ce89f7b9d168cae3c9904f23ea0a1d789e0c5e2a373
f58924a93c9bc60a8154585f1c37a1a878c7f2bcdf9b15d89c2d06a63c71cf65,test/images/YTDown-com_YouTube_Crazy-yet-Organized-Traffic-in-Vietnam-H_Media_fm0cX7P6PSw_001_1080p_frame_00072_jpg.rf.402e9c54be8f072bdec1444168870430.jpg,test/labels/YTDown-com_YouTube_Crazy-yet-Organized-Traffic-in-Vietnam-H_Media_fm0cX7P6PSw_001_1080p_frame_00072_jpg.rf.402e9c54be8f072bdec1444168870430.txt,YTDown-com_YouTube_Crazy-yet-Organized-Traffic-in-Vietnam-H_Media_fm0cX7P6PSw_001_1080p,72,36.0,test,labeled,68,0:2;1:11;2:51;3:4,bbox:3;polygon:65,f58924a93c9bc60a8154585f1c37a1a878c7f2bcdf9b15d89c2d06a63c71cf65
46ba555bd0203ebdba7f3b4b7ea4a0f437e4b554fffe4b6ffd6b5a03f683003b,test/images/YTDown-com_YouTube_Crazy-yet-Organized-Traffic-in-Vietnam-H_Media_fm0cX7P6PSw_001_1080p_frame_00102_jpg.rf.2db48bc7ee05a1adbf10ed526ff8a2ed.jpg,test/labels/YTDown-com_YouTube_Crazy-yet-Organized-Traffic-in-Vietnam-H_Media_fm0cX7P6PSw_001_1080p_frame_00102_jpg.rf.2db48bc7ee05a1adbf10ed526ff8a2ed.txt,YTDown-com_YouTube_Crazy-yet-Organized-Traffic-in-Vietnam-H_Media_fm0cX7P6PSw_001_1080p,102,51.0,test,labeled,79,0:3;1:13;2:63,polygon:79,46ba555bd0203ebdba7f3b4b7ea4a0f437e4b554fffe4b6ffd6b5a03f683003b
0735f122b7bf766997e7c01627d117b53580caf51ebd33f6cd092fa2b541e9bf,test/images/YTDown-com_YouTube_Crazy-yet-Organized-Traffic-in-Vietnam-H_Media_fm0cX7P6PSw_001_1080p_frame_00127_jpg.rf.59eed8d1313b191431810db7d3740ecb.jpg,test/labels/YTDown-com_YouTube_Crazy-yet-Organized-Traffic-in-Vietnam-H_Media_fm0cX7P6PSw_001_1080p_frame_00127_jpg.rf.59eed8d1313b191431810db7d3740ecb.txt,YTDown-com_YouTube_Crazy-yet-Organized-Traffic-in-Vietnam-H_Media_fm0cX7P6PSw_001_1080p,127,63.5,test,labeled,50,0:3;1:18;2:27;3:2,bbox:2;polygon:48,0735f122b7bf766997e7c01627d117b53580caf51ebd33f6cd092fa2b541e9bf
3c1c65b560e8159fefd388209b7e416bc0d16fadda989441380ca4bc4c171ae7,test/images/YTDown-com_YouTube_Crazy-yet-Organized-Traffic-in-Vietnam-H_Media_fm0cX7P6PSw_001_1080p_frame_00132_jpg.rf.4aafbfc2083fdc5667ac5abca890548c.jpg,test/labels/YTDown-com_YouTube_Crazy-yet-Organized-Traffic-in-Vietnam-H_Media_fm0cX7P6PSw_001_1080p_frame_00132_jpg.rf.4aafbfc2083fdc5667ac5abca890548c.txt,YTDown-com_YouTube_Crazy-yet-Organized-Traffic-in-Vietnam-H_Media_fm0cX7P6PSw_001_1080p,132,66.0,test,labeled,47,0:3;1:19;2:25,bbox:1;polygon:46,3c1c65b560e8159fefd388209b7e416bc0d16fadda989441380ca4bc4c171ae7
ad68ea5ffc776c0d1a5c1e8bf943c3bbe834aadd5724169946a6a03e25ad1c4f,test/images/YTDown-com_YouTube_Crazy-yet-Organized-Traffic-in-Vietnam-H_Media_fm0cX7P6PSw_001_1080p_frame_00159_jpg.rf.73de3c82c4c3565c84ed4b0e61e48572.jpg,test/labels/YTDown-com_YouTube_Crazy-yet-Organized-Traffic-in-Vietnam-H_Media_fm0cX7P6PSw_001_1080p_frame_00159_jpg.rf.73de3c82c4c3565c84ed4b0e61e48572.txt,YTDown-com_YouTube_Crazy-yet-Organized-Traffic-in-Vietnam-H_Media_fm0cX7P6PSw_001_1080p,159,79.5,test,labeled,40,0:2;1:16;2:22,bbox:2;polygon:38,ad68ea5ffc776c0d1a5c1e8bf943c3bbe834aadd5724169946a6a03e25ad1c4f
2f212fed59aa3bed71e526903467540c777cf09b5775cc12c307f5ce873ee074,test/images/YTDown-com_YouTube_Crazy-yet-Organized-Traffic-in-Vietnam-H_Media_fm0cX7P6PSw_001_1080p_frame_00169_jpg.rf.7df97aa8a43e43e2a6f32b6f72d4c8bd.jpg,test/labels/YTDown-com_YouTube_Crazy-yet-Organized-Traffic-in-Vietnam-H_Media_fm0cX7P6PSw_001_1080p_frame_00169_jpg.rf.7df97aa8a43e43e2a6f32b6f72d4c8bd.txt,YTDown-com_YouTube_Crazy-yet-Organized-Traffic-in-Vietnam-H_Media_fm0cX7P6PSw_001_1080p,169,84.5,test,labeled,50,0:3;1:17;2:28;3:2,bbox:1;polygon:49,2f212fed59aa3bed71e526903467540c777cf09b5775cc12c307f5ce873ee074
0d229f9395171a9158bdb746f5b56ceee30148d504e588c9e49454259978ca61,test/images/YTDown-com_YouTube_Crazy-yet-Organized-Traffic-in-Vietnam-H_Media_fm0cX7P6PSw_001_1080p_frame_00173_jpg.rf.6d72c6b62e0fafc8021f8e73a28c6726.jpg,test/labels/YTDown-com_YouTube_Crazy-yet-Organized-Traffic-in-Vietnam-H_Media_fm0cX7P6PSw_001_1080p_frame_00173_jpg.rf.6d72c6b62e0fafc8021f8e73a28c6726.txt,YTDown-com_YouTube_Crazy-yet-Organized-Traffic-in-Vietnam-H_Media_fm0cX7P6PSw_001_1080p,173,86.5,test,labeled,55,0:2;1:16;2:36;3:1,bbox:1;polygon:54,0d229f9395171a9158bdb746f5b56ceee30148d504e588c9e49454259978ca61
880ec2da8b64f73189628867df4903c1840a0feefd71303d0e7583421f05b701,test/images/YTDown-com_YouTube_Crazy-yet-Organized-Traffic-in-Vietnam-H_Media_fm0cX7P6PSw_001_1080p_frame_00189_jpg.rf.7a56f715cbea5f7f3e3ff61a97d75fdd.jpg,test/labels/YTDown-com_YouTube_Crazy-yet-Organized-Traffic-in-Vietnam-H_Media_fm0cX7P6PSw_001_1080p_frame_00189_jpg.rf.7a56f715cbea5f7f3e3ff61a97d75fdd.txt,YTDown-com_YouTube_Crazy-yet-Organized-Traffic-in-Vietnam-H_Media_fm0cX7P6PSw_001_1080p,189,94.5,test,labeled,49,0:2;1:12;2:30;3:5,bbox:4;polygon:45,880ec2da8b64f73189628867df4903c1840a0feefd71303d0e7583421f05b701
f1a516268215069e80bb782f0faaf4a711cb0262e7130d9c79be0ad283ebe08e,test/images/YTDown-com_YouTube_Crazy-yet-Organized-Traffic-in-Vietnam-H_Media_fm0cX7P6PSw_001_1080p_frame_00220_jpg.rf.592bacb619015ac251dcebea4b87d15b.jpg,test/labels/YTDown-com_YouTube_Crazy-yet-Organized-Traffic-in-Vietnam-H_Media_fm0cX7P6PSw_001_1080p_frame_00220_jpg.rf.592bacb619015ac251dcebea4b87d15b.txt,YTDown-com_YouTube_Crazy-yet-Organized-Traffic-in-Vietnam-H_Media_fm0cX7P6PSw_001_1080p,220,110.0,test,labeled,59,1:11;2:43;3:3;4:2,bbox:2;polygon:57,f1a516268215069e80bb782f0faaf4a711cb0262e7130d9c79be0ad283ebe08e
7b093e87852b903e399cfcbca2bef1d42c314b01a70d1f68b3c782844aee0e10,test/images/YTDown-com_YouTube_Crazy-yet-Organized-Traffic-in-Vietnam-H_Media_fm0cX7P6PSw_001_1080p_frame_00221_jpg.rf.369f04b243238f7f4ce423af901cff86.jpg,test/labels/YTDown-com_YouTube_Crazy-yet-Organized-Traffic-in-Vietnam-H_Media_fm0cX7P6PSw_001_1080p_frame_00221_jpg.rf.369f04b243238f7f4ce423af901cff86.txt,YTDown-com_YouTube_Crazy-yet-Organized-Traffic-in-Vietnam-H_Media_fm0cX7P6PSw_001_1080p,221,110.5,test,labeled,59,1:14;2:41;3:2;4:2,bbox:4;polygon:55,7b093e87852b903e399cfcbca2bef1d42c314b01a70d1f68b3c782844aee0e10
6c2d39707801adb7b566c938802db020c0b36677a4598b8031b5a82c03f33fa5,test/images/YTDown-com_YouTube_Crazy-yet-Organized-Traffic-in-Vietnam-H_Media_fm0cX7P6PSw_001_1080p_frame_00226_jpg.rf.cf1597aab73babcf876bab348ae4d1cd.jpg,test/labels/YTDown-com_YouTube_Crazy-yet-Organized-Traffic-in-Vietnam-H_Media_fm0cX7P6PSw_001_1080p_frame_00226_jpg.rf.cf1597aab73babcf876bab348ae4d1cd.txt,YTDown-com_YouTube_Crazy-yet-Organized-Traffic-in-Vietnam-H_Media_fm0cX7P6PSw_001_1080p,226,113.0,test,labeled,75,1:16;2:55;3:3;4:1,bbox:3;polygon:72,6c2d39707801adb7b566c938802db020c0b36677a4598b8031b5a82c03f33fa5
33a09813519de647e48fd13d790a8df3376ce0096c724cdbaf5904ec676d32e4,test/images/YTDown-com_YouTube_Crazy-yet-Organized-Traffic-in-Vietnam-H_Media_fm0cX7P6PSw_001_1080p_frame_00228_jpg.rf.768af7a8f3265f162d88fc828873f05a.jpg,test/labels/YTDown-com_YouTube_Crazy-yet-Organized-Traffic-in-Vietnam-H_Media_fm0cX7P6PSw_001_1080p_frame_00228_jpg.rf.768af7a8f3265f162d88fc828873f05a.txt,YTDown-com_YouTube_Crazy-yet-Organized-Traffic-in-Vietnam-H_Media_fm0cX7P6PSw_001_1080p,228,114.0,test,labeled,70,1:17;2:49;3:3;4:1,bbox:2;polygon:68,33a09813519de647e48fd13d790a8df3376ce0096c724cdbaf5904ec676d32e4
44491d290a228672b396f1e664e228e0130497499b973def3ec230fa0b0f2448,test/images/YTDown-com_YouTube_Crazy-yet-Organized-Traffic-in-Vietnam-H_Media_fm0cX7P6PSw_001_1080p_frame_00229_jpg.rf.94f9633fbf42c9e6d3bcda62338a73a6.jpg,test/labels/YTDown-com_YouTube_Crazy-yet-Organized-Traffic-in-Vietnam-H_Media_fm0cX7P6PSw_001_1080p_frame_00229_jpg.rf.94f9633fbf42c9e6d3bcda62338a73a6.txt,YTDown-com_YouTube_Crazy-yet-Organized-Traffic-in-Vietnam-H_Media_fm0cX7P6PSw_001_1080p,229,114.5,test,labeled,66,1:12;2:49;3:3;4:2,bbox:5;polygon:61,44491d290a228672b396f1e664e228e0130497499b973def3ec230fa0b0f2448
dc13050715697d7e7f933105c40c197fc7a10271083643920e4ce582a9f235f7,test/images/YTDown-com_YouTube_Crazy-yet-Organized-Traffic-in-Vietnam-H_Media_fm0cX7P6PSw_001_1080p_frame_00240_jpg.rf.cc7efd9ddc2824df273f59306d8cfe3d.jpg,test/labels/YTDown-com_YouTube_Crazy-yet-Organized-Traffic-in-Vietnam-H_Media_fm0cX7P6PSw_001_1080p_frame_00240_jpg.rf.cc7efd9ddc2824df273f59306d8cfe3d.txt,YTDown-com_YouTube_Crazy-yet-Organized-Traffic-in-Vietnam-H_Media_fm0cX7P6PSw_001_1080p,240,120.0,test,labeled,49,1:8;2:40;4:1,bbox:4;polygon:45,dc13050715697d7e7f933105c40c197fc7a10271083643920e4ce582a9f235f7
be5fcf6c3acae5cd68e0cd08603a9434a6c94b23c6aa3ad98a5c06f5a0fc9445,test/images/YTDown-com_YouTube_Crazy-yet-Organized-Traffic-in-Vietnam-H_Media_fm0cX7P6PSw_001_1080p_frame_00251_jpg.rf.9ea07cd791f933e95e4f3ac482ffef50.jpg,test/labels/YTDown-com_YouTube_Crazy-yet-Organized-Traffic-in-Vietnam-H_Media_fm0cX7P6PSw_001_1080p_frame_00251_jpg.rf.9ea07cd791f933e95e4f3ac482ffef50.txt,YTDown-com_YouTube_Crazy-yet-Organized-Traffic-in-Vietnam-H_Media_fm0cX7P6PSw_001_1080p,251,125.5,test,labeled,59,1:7;2:51;4:1,bbox:1;polygon:58,be5fcf6c3acae5cd68e0cd08603a9434a6c94b23c6aa3ad98a5c06f5a0fc9445
c2deb065b3e03f65fd2ca0ee7b8b5b3bea7e7aceec2e852fc4fd7b21d8566153,test/images/YTDown-com_YouTube_Crazy-yet-Organized-Traffic-in-Vietnam-H_Media_fm0cX7P6PSw_001_1080p_frame_00260_jpg.rf.93ba923dfe24fd03bab2ce2c18673aac.jpg,test/labels/YTDown-com_YouTube_Crazy-yet-Organized-Traffic-in-Vietnam-H_Media_fm0cX7P6PSw_001_1080p_frame_00260_jpg.rf.93ba923dfe24fd03bab2ce2c18673aac.txt,YTDown-com_YouTube_Crazy-yet-Organized-Traffic-in-Vietnam-H_Media_fm0cX7P6PSw_001_1080p,260,130.0,test,labeled,50,1:11;2:37;4:2,bbox:1;polygon:49,c2deb065b3e03f65fd2ca0ee7b8b5b3bea7e7aceec2e852fc4fd7b21d8566153
3235403cb60a0760b33480c72b80697409c31164009f1cf942ddf70719616498,test/images/YTDown-com_YouTube_Crazy-yet-Organized-Traffic-in-Vietnam-H_Media_fm0cX7P6PSw_001_1080p_frame_00275_jpg.rf.0c038791ce451b5d4c324b164024737e.jpg,test/labels/YTDown-com_YouTube_Crazy-yet-Organized-Traffic-in-Vietnam-H_Media_fm0cX7P6PSw_001_1080p_frame_00275_jpg.rf.0c038791ce451b5d4c324b164024737e.txt,YTDown-com_YouTube_Crazy-yet-Organized-Traffic-in-Vietnam-H_Media_fm0cX7P6PSw_001_1080p,275,137.5,test,labeled,43,1:9;2:32;3:1;4:1,bbox:1;polygon:42,3235403cb60a0760b33480c72b80697409c31164009f1cf942ddf70719616498
dd42b07e1b6e6069cf632e1f3e2fb5d41842d427b6f5c88cfdbb0b571428092b,test/images/YTDown-com_YouTube_Crazy-yet-Organized-Traffic-in-Vietnam-H_Media_fm0cX7P6PSw_001_1080p_frame_00278_jpg.rf.c75d31a9f216a1c55f1dca2bf985b4b8.jpg,test/labels/YTDown-com_YouTube_Crazy-yet-Organized-Traffic-in-Vietnam-H_Media_fm0cX7P6PSw_001_1080p_frame_00278_jpg.rf.c75d31a9f216a1c55f1dca2bf985b4b8.txt,YTDown-com_YouTube_Crazy-yet-Organized-Traffic-in-Vietnam-H_Media_fm0cX7P6PSw_001_1080p,278,139.0,test,labeled,54,1:11;2:40;3:3,bbox:3;polygon:51,dd42b07e1b6e6069cf632e1f3e2fb5d41842d427b6f5c88cfdbb0b571428092b
9d5ff6813d80ebdb9e9a50557c6da6038cafa005d04978e6ba02fea9f78997f5,test/images/YTDown-com_YouTube_Crazy-yet-Organized-Traffic-in-Vietnam-H_Media_fm0cX7P6PSw_001_1080p_frame_00280_jpg.rf.f469a4ce6acc0d3b23b9e4895f5b225e.jpg,test/labels/YTDown-com_YouTube_Crazy-yet-Organized-Traffic-in-Vietnam-H_Media_fm0cX7P6PSw_001_1080p_frame_00280_jpg.rf.f469a4ce6acc0d3b23b9e4895f5b225e.txt,YTDown-com_YouTube_Crazy-yet-Organized-Traffic-in-Vietnam-H_Media_fm0cX7P6PSw_001_1080p,280,140.0,test,labeled,50,1:10;2:38;4:2,bbox:1;polygon:49,9d5ff6813d80ebdb9e9a50557c6da6038cafa005d04978e6ba02fea9f78997f5
9fb7c3cb5acbf860e1ef1ee3fb82c62d0f95145dd738f1d797f5e2744404b3a3,test/images/YTDown-com_YouTube_Crazy-yet-Organized-Traffic-in-Vietnam-H_Media_fm0cX7P6PSw_001_1080p_frame_00282_jpg.rf.18eb1aec00e36dfbbca254d85ac50fcb.jpg,test/labels/YTDown-com_YouTube_Crazy-yet-Organized-Traffic-in-Vietnam-H_Media_fm0cX7P6PSw_001_1080p_frame_00282_jpg.rf.18eb1aec00e36dfbbca254d85ac50fcb.txt,YTDown-com_YouTube_Crazy-yet-Organized-Traffic-in-Vietnam-H_Media_fm0cX7P6PSw_001_1080p,282,141.0,test,labeled,55,1:10;2:40;3:3;4:2,bbox:2;polygon:53,9fb7c3cb5acbf860e1ef1ee3fb82c62d0f95145dd738f1d797f5e2744404b3a3
45e20c4a216b35eec273c725dfee9715c07a7aea1dd3ecde831e41d0387f7745,test/images/YTDown-com_YouTube_Crazy-yet-Organized-Traffic-in-Vietnam-H_Media_fm0cX7P6PSw_001_1080p_frame_00289_jpg.rf.7f59253de5b70ab22469e6224ef6ed37.jpg,test/labels/YTDown-com_YouTube_Crazy-yet-Organized-Traffic-in-Vietnam-H_Media_fm0cX7P6PSw_001_1080p_frame_00289_jpg.rf.7f59253de5b70ab22469e6224ef6ed37.txt,YTDown-com_YouTube_Crazy-yet-Organized-Traffic-in-Vietnam-H_Media_fm0cX7P6PSw_001_1080p,289,144.5,test,labeled,51,1:7;2:43;3:1,bbox:4;polygon:47,45e20c4a216b35eec273c725dfee9715c07a7aea1dd3ecde831e41d0387f7745
7722b9ad38298a1f675076d5e1802243e5aeeec683e599854d101b2e730407c3,test/images/YTDown-com_YouTube_Crazy-yet-Organized-Traffic-in-Vietnam-H_Media_fm0cX7P6PSw_001_1080p_frame_00293_jpg.rf.c78a2b3412904c478a7db08be5321731.jpg,test/labels/YTDown-com_YouTube_Crazy-yet-Organized-Traffic-in-Vietnam-H_Media_fm0cX7P6PSw_001_1080p_frame_00293_jpg.rf.c78a2b3412904c478a7db08be5321731.txt,YTDown-com_YouTube_Crazy-yet-Organized-Traffic-in-Vietnam-H_Media_fm0cX7P6PSw_001_1080p,293,146.5,test,labeled,53,1:11;2:42,bbox:4;polygon:49,7722b9ad38298a1f675076d5e1802243e5aeeec683e599854d101b2e730407c3
7abaf4bd2ab398c3d38182e8d940ab519931d960a43b9f667230080e1d64f032,test/images/YTDown-com_YouTube_Rush-Hour-Traffic-with-motorcycle-in-Ho-_Media_1ZupwFOhjl4_001_1080p_frame_00000_jpg.rf.805dd4051b1e6e5ef906a1f70f4ed584.jpg,test/labels/YTDown-com_YouTube_Rush-Hour-Traffic-with-motorcycle-in-Ho-_Media_1ZupwFOhjl4_001_1080p_frame_00000_jpg.rf.805dd4051b1e6e5ef906a1f70f4ed584.txt,YTDown-com_YouTube_Rush-Hour-Traffic-with-motorcycle-in-Ho-_Media_1ZupwFOhjl4_001_1080p,0,0.0,test,labeled,85,0:2;1:28;2:49;3:6,bbox:5;polygon:80,7abaf4bd2ab398c3d38182e8d940ab519931d960a43b9f667230080e1d64f032
b02493b780eb3618fbb737d2babfa063e008dbc6d86d531abac105a6087343d4,test/images/YTDown-com_YouTube_Rush-Hour-Traffic-with-motorcycle-in-Ho-_Media_1ZupwFOhjl4_001_1080p_frame_00009_jpg.rf.467478d85d1d6531c5c4c97b880b0c70.jpg,test/labels/YTDown-com_YouTube_Rush-Hour-Traffic-with-motorcycle-in-Ho-_Media_1ZupwFOhjl4_001_1080p_frame_00009_jpg.rf.467478d85d1d6531c5c4c97b880b0c70.txt,YTDown-com_YouTube_Rush-Hour-Traffic-with-motorcycle-in-Ho-_Media_1ZupwFOhjl4_001_1080p,9,4.5,test,labeled,90,0:3;1:34;2:49;3:4,bbox:5;polygon:85,b02493b780eb3618fbb737d2babfa063e008dbc6d86d531abac105a6087343d4
f9c6a8c65bdfa2081c7ed9e7949b9f67e1e8a25e2b1be0a68047c33f5511fae4,test/images/YTDown-com_YouTube_Rush-Hour-Traffic-with-motorcycle-in-Ho-_Media_1ZupwFOhjl4_001_1080p_frame_00011_jpg.rf.d727fcde17fd2e546c588afea08c309b.jpg,test/labels/YTDown-com_YouTube_Rush-Hour-Traffic-with-motorcycle-in-Ho-_Media_1ZupwFOhjl4_001_1080p_frame_00011_jpg.rf.d727fcde17fd2e546c588afea08c309b.txt,YTDown-com_YouTube_Rush-Hour-Traffic-with-motorcycle-in-Ho-_Media_1ZupwFOhjl4_001_1080p,11,5.5,test,labeled,84,0:2;1:36;2:41;3:5,bbox:3;polygon:81,f9c6a8c65bdfa2081c7ed9e7949b9f67e1e8a25e2b1be0a68047c33f5511fae4
fedc57a8589ecfc3e0f9e9e53f57be8c14f223543211800c43fa5f2eae660e5a,test/images/YTDown-com_YouTube_Rush-Hour-Traffic-with-motorcycle-in-Ho-_Media_1ZupwFOhjl4_001_1080p_frame_00030_jpg.rf.149fedd318832a12a860cf4be412db3b.jpg,test/labels/YTDown-com_YouTube_Rush-Hour-Traffic-with-motorcycle-in-Ho-_Media_1ZupwFOhjl4_001_1080p_frame_00030_jpg.rf.149fedd318832a12a860cf4be412db3b.txt,YTDown-com_YouTube_Rush-Hour-Traffic-with-motorcycle-in-Ho-_Media_1ZupwFOhjl4_001_1080p,30,15.0,test,labeled,79,0:3;1:30;2:43;3:3,bbox:3;polygon:76,fedc57a8589ecfc3e0f9e9e53f57be8c14f223543211800c43fa5f2eae660e5a
f38cc33fd6e341aaa13a346f4d5cfa9ba8c6d24b3e6d11f25c2388fa9fb5857b,test/images/YTDown-com_YouTube_Rush-Hour-Traffic-with-motorcycle-in-Ho-_Media_1ZupwFOhjl4_001_1080p_frame_00044_jpg.rf.eabe31bde99b5d95369f76e3681c1085.jpg,test/labels/YTDown-com_YouTube_Rush-Hour-Traffic-with-motorcycle-in-Ho-_Media_1ZupwFOhjl4_001_1080p_frame_00044_jpg.rf.eabe31bde99b5d95369f76e3681c1085.txt,YTDown-com_YouTube_Rush-Hour-Traffic-with-motorcycle-in-Ho-_Media_1ZupwFOhjl4_001_1080p,44,22.0,test,labeled,90,0:2;1:31;2:55;3:2,bbox:6;polygon:84,f38cc33fd6e341aaa13a346f4d5cfa9ba8c6d24b3e6d11f25c2388fa9fb5857b
182b9f7de8e09e7953496a32f346c41726830027f6414b4f70565f530a0f08fc,test/images/YTDown-com_YouTube_Rush-Hour-Traffic-with-motorcycle-in-Ho-_Media_1ZupwFOhjl4_001_1080p_frame_00055_jpg.rf.a6e7827fe8128a3e39f3bea58cf0d3cd.jpg,test/labels/YTDown-com_YouTube_Rush-Hour-Traffic-with-motorcycle-in-Ho-_Media_1ZupwFOhjl4_001_1080p_frame_00055_jpg.rf.a6e7827fe8128a3e39f3bea58cf0d3cd.txt,YTDown-com_YouTube_Rush-Hour-Traffic-with-motorcycle-in-Ho-_Media_1ZupwFOhjl4_001_1080p,55,27.5,test,labeled,73,0:3;1:25;2:43;3:2,bbox:4;polygon:69,182b9f7de8e09e7953496a32f346c41726830027f6414b4f70565f530a0f08fc
b128bcaac207c8c3aafc389978518e083a811bd4fadf099da7dfb98bec37af1b,test/images/YTDown-com_YouTube_Rush-Hour-Traffic-with-motorcycle-in-Ho-_Media_1ZupwFOhjl4_001_1080p_frame_00061_jpg.rf.463bfaae0d678f831b193485f91d06c9.jpg,test/labels/YTDown-com_YouTube_Rush-Hour-Traffic-with-motorcycle-in-Ho-_Media_1ZupwFOhjl4_001_1080p_frame_00061_jpg.rf.463bfaae0d678f831b193485f91d06c9.txt,YTDown-com_YouTube_Rush-Hour-Traffic-with-motorcycle-in-Ho-_Media_1ZupwFOhjl4_001_1080p,61,30.5,test,labeled,68,0:2;1:22;2:44,bbox:4;polygon:64,b128bcaac207c8c3aafc389978518e083a811bd4fadf099da7dfb98bec37af1b
61cc42787c0c3c2710ad5623339d8082805b1841a8ddc04b93d43c220bbd1cef,test/images/YTDown-com_YouTube_Rush-Hour-Traffic-with-motorcycle-in-Ho-_Media_1ZupwFOhjl4_001_1080p_frame_00082_jpg.rf.1211836a60e86a4ea89bb5f29d8db688.jpg,test/labels/YTDown-com_YouTube_Rush-Hour-Traffic-with-motorcycle-in-Ho-_Media_1ZupwFOhjl4_001_1080p_frame_00082_jpg.rf.1211836a60e86a4ea89bb5f29d8db688.txt,YTDown-com_YouTube_Rush-Hour-Traffic-with-motorcycle-in-Ho-_Media_1ZupwFOhjl4_001_1080p,82,41.0,test,labeled,61,0:5;1:16;2:38;3:2,bbox:2;polygon:59,61cc42787c0c3c2710ad5623339d8082805b1841a8ddc04b93d43c220bbd1cef
9b77eb57e57db347ae52fd4fbc74d2f2e015e3446538e63b5a9bfa517f2ac589,test/images/YTDown-com_YouTube_Rush-Hour-Traffic-with-motorcycle-in-Ho-_Media_1ZupwFOhjl4_001_1080p_frame_00087_jpg.rf.1a35bd626547fbbc4499e245d685bae2.jpg,test/labels/YTDown-com_YouTube_Rush-Hour-Traffic-with-motorcycle-in-Ho-_Media_1ZupwFOhjl4_001_1080p_frame_00087_jpg.rf.1a35bd626547fbbc4499e245d685bae2.txt,YTDown-com_YouTube_Rush-Hour-Traffic-with-motorcycle-in-Ho-_Media_1ZupwFOhjl4_001_1080p,87,43.5,test,labeled,63,0:4;1:18;2:39;3:2,bbox:4;polygon:59,9b77eb57e57db347ae52fd4fbc74d2f2e015e3446538e63b5a9bfa517f2ac589
019077e88426f0756071c4ba4381e692517774133f376bdffcf64e94a34e490b,test/images/YTDown-com_YouTube_Rush-Hour-Traffic-with-motorcycle-in-Ho-_Media_1ZupwFOhjl4_001_1080p_frame_00089_jpg.rf.24c8ca4dc7398efd496a05fcc774b080.jpg,test/labels/YTDown-com_YouTube_Rush-Hour-Traffic-with-motorcycle-in-Ho-_Media_1ZupwFOhjl4_001_1080p_frame_00089_jpg.rf.24c8ca4dc7398efd496a05fcc774b080.txt,YTDown-com_YouTube_Rush-Hour-Traffic-with-motorcycle-in-Ho-_Media_1ZupwFOhjl4_001_1080p,89,44.5,test,labeled,56,0:3;1:14;2:38;4:1,bbox:5;polygon:51,019077e88426f0756071c4ba4381e692517774133f376bdffcf64e94a34e490b
c68c3d4d26d15ee2b63a2e80de73b57a2bb7d5a8714968db2d8040e49689ae6e,test/images/YTDown-com_YouTube_Rush-Hour-Traffic-with-motorcycle-in-Ho-_Media_1ZupwFOhjl4_001_1080p_frame_00095_jpg.rf.829b3ab03a04faac00fc436044d14dfd.jpg,test/labels/YTDown-com_YouTube_Rush-Hour-Traffic-with-motorcycle-in-Ho-_Media_1ZupwFOhjl4_001_1080p_frame_00095_jpg.rf.829b3ab03a04faac00fc436044d14dfd.txt,YTDown-com_YouTube_Rush-Hour-Traffic-with-motorcycle-in-Ho-_Media_1ZupwFOhjl4_001_1080p,95,47.5,test,labeled,52,0:2;1:13;2:33;3:3;4:1,bbox:2;polygon:50,c68c3d4d26d15ee2b63a2e80de73b57a2bb7d5a8714968db2d8040e49689ae6e
fb3ebaa5b357dfdfcf68cbbf577d957b8a34463dba029400f56895157c81aa42,test/images/YTDown-com_YouTube_Rush-Hour-Traffic-with-motorcycle-in-Ho-_Media_1ZupwFOhjl4_001_1080p_frame_00108_jpg.rf.d1233343569d2d6cf572ba1c18a5a216.jpg,test/labels/YTDown-com_YouTube_Rush-Hour-Traffic-with-motorcycle-in-Ho-_Media_1ZupwFOhjl4_001_1080p_frame_00108_jpg.rf.d1233343569d2d6cf572ba1c18a5a216.txt,YTDown-com_YouTube_Rush-Hour-Traffic-with-motorcycle-in-Ho-_Media_1ZupwFOhjl4_001_1080p,108,54.0,test,labeled,43,0:2;1:7;2:31;3:2;4:1,bbox:2;polygon:41,fb3ebaa5b357dfdfcf68cbbf577d957b8a34463dba029400f56895157c81aa42
a931dbf80aa94d0b9f61bc1c499d57870086e84392693d4559f2b81ab623426a,test/images/YTDown-com_YouTube_Rush-Hour-Traffic-with-motorcycle-in-Ho-_Media_1ZupwFOhjl4_001_1080p_frame_00135_jpg.rf.2e75e973c09fb7f261a2cd888da7f927.jpg,test/labels/YTDown-com_YouTube_Rush-Hour-Traffic-with-motorcycle-in-Ho-_Media_1ZupwFOhjl4_001_1080p_frame_00135_jpg.rf.2e75e973c09fb7f261a2cd888da7f927.txt,YTDown-com_YouTube_Rush-Hour-Traffic-with-motorcycle-in-Ho-_Media_1ZupwFOhjl4_001_1080p,135,67.5,test,labeled,49,0:2;1:9;2:36;3:1;4:1,bbox:1;polygon:48,a931dbf80aa94d0b9f61bc1c499d57870086e84392693d4559f2b81ab623426a
4fa3a807fa0f431a9d6f1b6802a96308befc32440bce0392dfdb2ae4106fbade,test/images/YTDown-com_YouTube_Rush-Hour-Traffic-with-motorcycle-in-Ho-_Media_1ZupwFOhjl4_001_1080p_frame_00139_jpg.rf.22970a93f36712e39df0b65907cc4c8d.jpg,test/labels/YTDown-com_YouTube_Rush-Hour-Traffic-with-motorcycle-in-Ho-_Media_1ZupwFOhjl4_001_1080p_frame_00139_jpg.rf.22970a93f36712e39df0b65907cc4c8d.txt,YTDown-com_YouTube_Rush-Hour-Traffic-with-motorcycle-in-Ho-_Media_1ZupwFOhjl4_001_1080p,139,69.5,test,labeled,54,0:2;1:9;2:42;4:1,bbox:2;polygon:52,4fa3a807fa0f431a9d6f1b6802a96308befc32440bce0392dfdb2ae4106fbade
70d9b3fcb502671420b64acb0693c2eaf4b7149550ba39b159dc2f1b97959877,test/images/YTDown-com_YouTube_Rush-Hour-Traffic-with-motorcycle-in-Ho-_Media_1ZupwFOhjl4_001_1080p_frame_00153_jpg.rf.266fd0e2b05c898baf755e2b7da6cea1.jpg,test/labels/YTDown-com_YouTube_Rush-Hour-Traffic-with-motorcycle-in-Ho-_Media_1ZupwFOhjl4_001_1080p_frame_00153_jpg.rf.266fd0e2b05c898baf755e2b7da6cea1.txt,YTDown-com_YouTube_Rush-Hour-Traffic-with-motorcycle-in-Ho-_Media_1ZupwFOhjl4_001_1080p,153,76.5,test,labeled,100,0:7;1:24;2:62;3:6;4:1,bbox:9;polygon:91,70d9b3fcb502671420b64acb0693c2eaf4b7149550ba39b159dc2f1b97959877
5cdaf94a4bfa0e34d4cd3e5b841f9e43efa476e6fc3f11adc1fe85f12a8be9f8,test/images/YTDown-com_YouTube_Rush-Hour-Traffic-with-motorcycle-in-Ho-_Media_1ZupwFOhjl4_001_1080p_frame_00157_jpg.rf.44b5857232789828163f7c25134d8253.jpg,test/labels/YTDown-com_YouTube_Rush-Hour-Traffic-with-motorcycle-in-Ho-_Media_1ZupwFOhjl4_001_1080p_frame_00157_jpg.rf.44b5857232789828163f7c25134d8253.txt,YTDown-com_YouTube_Rush-Hour-Traffic-with-motorcycle-in-Ho-_Media_1ZupwFOhjl4_001_1080p,157,78.5,test,labeled,97,0:4;1:24;2:62;3:6;4:1,bbox:10;polygon:87,5cdaf94a4bfa0e34d4cd3e5b841f9e43efa476e6fc3f11adc1fe85f12a8be9f8
be1c03b0e15057611fc01f156c924dcfbc0530b3ebbfb4240e7e78a90fa7f32a,test/images/YTDown-com_YouTube_Rush-Hour-Traffic-with-motorcycle-in-Ho-_Media_1ZupwFOhjl4_001_1080p_frame_00173_jpg.rf.3be26ff441380539dec64a2161099566.jpg,test/labels/YTDown-com_YouTube_Rush-Hour-Traffic-with-motorcycle-in-Ho-_Media_1ZupwFOhjl4_001_1080p_frame_00173_jpg.rf.3be26ff441380539dec64a2161099566.txt,YTDown-com_YouTube_Rush-Hour-Traffic-with-motorcycle-in-Ho-_Media_1ZupwFOhjl4_001_1080p,173,86.5,test,labeled,92,0:3;1:24;2:60;3:4;4:1,bbox:3;polygon:89,be1c03b0e15057611fc01f156c924dcfbc0530b3ebbfb4240e7e78a90fa7f32a
50f9e94cca4ebb9766950ba60d1d9f4dcab332f912bff2caab16a9aab3f0a0e9,test/images/YTDown-com_YouTube_Rush-Hour-Traffic-with-motorcycle-in-Ho-_Media_1ZupwFOhjl4_001_1080p_frame_00197_jpg.rf.a6c119ea45bd0798be685dd60662f7e3.jpg,test/labels/YTDown-com_YouTube_Rush-Hour-Traffic-with-motorcycle-in-Ho-_Media_1ZupwFOhjl4_001_1080p_frame_00197_jpg.rf.a6c119ea45bd0798be685dd60662f7e3.txt,YTDown-com_YouTube_Rush-Hour-Traffic-with-motorcycle-in-Ho-_Media_1ZupwFOhjl4_001_1080p,197,98.5,test,labeled,87,0:2;1:20;2:63;3:1;4:1,bbox:6;polygon:81,50f9e94cca4ebb9766950ba60d1d9f4dcab332f912bff2caab16a9aab3f0a0e9
4687b8a406654a3ca05cefc2a3833d8e6be5c9d08174798309af91b416932a93,test/images/YTDown-com_YouTube_Rush-Hour-Traffic-with-motorcycle-in-Ho-_Media_1ZupwFOhjl4_001_1080p_frame_00208_jpg.rf.9aa4dd15c5424376f6c297fcb8f5ad83.jpg,test/labels/YTDown-com_YouTube_Rush-Hour-Traffic-with-motorcycle-in-Ho-_Media_1ZupwFOhjl4_001_1080p_frame_00208_jpg.rf.9aa4dd15c5424376f6c297fcb8f5ad83.txt,YTDown-com_YouTube_Rush-Hour-Traffic-with-motorcycle-in-Ho-_Media_1ZupwFOhjl4_001_1080p,208,104.0,test,labeled,81,0:3;1:18;2:58;3:1;4:1,bbox:1;polygon:80,4687b8a406654a3ca05cefc2a3833d8e6be5c9d08174798309af91b416932a93
15ddb1e26bbf3eb9bc0d7d983d537d381b2334870acce130963a73383604b4ac,test/images/YTDown-com_YouTube_Rush-Hour-Traffic-with-motorcycle-in-Ho-_Media_1ZupwFOhjl4_001_1080p_frame_00209_jpg.rf.17b729e9e216ef0bd3a9f0c56b0af177.jpg,test/labels/YTDown-com_YouTube_Rush-Hour-Traffic-with-motorcycle-in-Ho-_Media_1ZupwFOhjl4_001_1080p_frame_00209_jpg.rf.17b729e9e216ef0bd3a9f0c56b0af177.txt,YTDown-com_YouTube_Rush-Hour-Traffic-with-motorcycle-in-Ho-_Media_1ZupwFOhjl4_001_1080p,209,104.5,test,labeled,89,0:5;1:18;2:64;3:1;4:1,bbox:8;polygon:81,15ddb1e26bbf3eb9bc0d7d983d537d381b2334870acce130963a73383604b4ac
10c7cb9604a6163c66c80daf06976c016a1f79efa2f4c2caf9a18b6f78741138,test/images/YTDown-com_YouTube_Rush-Hour-Traffic-with-motorcycle-in-Ho-_Media_1ZupwFOhjl4_001_1080p_frame_00223_jpg.rf.0d3682667fcc7390b7a42508a3826901.jpg,test/labels/YTDown-com_YouTube_Rush-Hour-Traffic-with-motorcycle-in-Ho-_Media_1ZupwFOhjl4_001_1080p_frame_00223_jpg.rf.0d3682667fcc7390b7a42508a3826901.txt,YTDown-com_YouTube_Rush-Hour-Traffic-with-motorcycle-in-Ho-_Media_1ZupwFOhjl4_001_1080p,223,111.5,test,labeled,74,0:5;1:13;2:55;4:1,bbox:3;polygon:71,10c7cb9604a6163c66c80daf06976c016a1f79efa2f4c2caf9a18b6f78741138
48d160e29595f9b3959357e9389498491395a835f957bfa7454b332d6a1cc222,test/images/YTDown-com_YouTube_Rush-Hour-Traffic-with-motorcycle-in-Ho-_Media_1ZupwFOhjl4_001_1080p_frame_00227_jpg.rf.2bda5fa05594e59d1be61056df63c5bf.jpg,test/labels/YTDown-com_YouTube_Rush-Hour-Traffic-with-motorcycle-in-Ho-_Media_1ZupwFOhjl4_001_1080p_frame_00227_jpg.rf.2bda5fa05594e59d1be61056df63c5bf.txt,YTDown-com_YouTube_Rush-Hour-Traffic-with-motorcycle-in-Ho-_Media_1ZupwFOhjl4_001_1080p,227,113.5,test,labeled,77,0:5;1:13;2:58;4:1,bbox:5;polygon:72,48d160e29595f9b3959357e9389498491395a835f957bfa7454b332d6a1cc222
19e2e63f4235bd63ff83d5015db1a001d6fb08ead44e5628b211fb6a08d353aa,test/images/YTDown-com_YouTube_Rush-Hour-Traffic-with-motorcycle-in-Ho-_Media_1ZupwFOhjl4_001_1080p_frame_00231_jpg.rf.fc6dac25681097894d6302706b9139a3.jpg,test/labels/YTDown-com_YouTube_Rush-Hour-Traffic-with-motorcycle-in-Ho-_Media_1ZupwFOhjl4_001_1080p_frame_00231_jpg.rf.fc6dac25681097894d6302706b9139a3.txt,YTDown-com_YouTube_Rush-Hour-Traffic-with-motorcycle-in-Ho-_Media_1ZupwFOhjl4_001_1080p,231,115.5,test,labeled,75,0:3;1:11;2:59;3:1;4:1,bbox:3;polygon:72,19e2e63f4235bd63ff83d5015db1a001d6fb08ead44e5628b211fb6a08d353aa
09304dd25b43abf7e85fb51cf754775272155913202bde4308f896dc5f1e1727,test/images/YTDown-com_YouTube_Rush-Hour-Traffic-with-motorcycle-in-Ho-_Media_1ZupwFOhjl4_001_1080p_frame_00235_jpg.rf.03313020fa4c240875190c6bb2d2cc2f.jpg,test/labels/YTDown-com_YouTube_Rush-Hour-Traffic-with-motorcycle-in-Ho-_Media_1ZupwFOhjl4_001_1080p_frame_00235_jpg.rf.03313020fa4c240875190c6bb2d2cc2f.txt,YTDown-com_YouTube_Rush-Hour-Traffic-with-motorcycle-in-Ho-_Media_1ZupwFOhjl4_001_1080p,235,117.5,test,labeled,78,0:3;1:11;2:63;4:1,bbox:2;polygon:76,09304dd25b43abf7e85fb51cf754775272155913202bde4308f896dc5f1e1727
c6951c1d596c87526fc78891b9eb2be988785f35eef651a42d23df6345aa7873,test/images/YTDown-com_YouTube_Rush-Hour-Traffic-with-motorcycle-in-Ho-_Media_1ZupwFOhjl4_001_1080p_frame_00238_jpg.rf.58b831fa6980ca34ce231bf194b02c2f.jpg,test/labels/YTDown-com_YouTube_Rush-Hour-Traffic-with-motorcycle-in-Ho-_Media_1ZupwFOhjl4_001_1080p_frame_00238_jpg.rf.58b831fa6980ca34ce231bf194b02c2f.txt,YTDown-com_YouTube_Rush-Hour-Traffic-with-motorcycle-in-Ho-_Media_1ZupwFOhjl4_001_1080p,238,119.0,test,labeled,72,0:2;1:11;2:58;4:1,polygon:72,c6951c1d596c87526fc78891b9eb2be988785f35eef651a42d23df6345aa7873
c3103b7d476f08a8c7e496a7dfacd801c19b586f9ca74939d63696de2cd6dd48,test/images/YTDown-com_YouTube_Rush-Hour-Traffic-with-motorcycle-in-Ho-_Media_1ZupwFOhjl4_001_1080p_frame_00251_jpg.rf.58cb9036c20225d30310b1e079c3d127.jpg,test/labels/YTDown-com_YouTube_Rush-Hour-Traffic-with-motorcycle-in-Ho-_Media_1ZupwFOhjl4_001_1080p_frame_00251_jpg.rf.58cb9036c20225d30310b1e079c3d127.txt,YTDown-com_YouTube_Rush-Hour-Traffic-with-motorcycle-in-Ho-_Media_1ZupwFOhjl4_001_1080p,251,125.5,test,labeled,57,0:1;1:10;2:44;3:1;4:1,bbox:5;polygon:52,c3103b7d476f08a8c7e496a7dfacd801c19b586f9ca74939d63696de2cd6dd48
756b16a4280b1c12e1dacf0c073f8b98a33ab5db4f4ca1705a1a11d7d4cf3f78,test/images/YTDown-com_YouTube_Rush-Hour-Traffic-with-motorcycle-in-Ho-_Media_1ZupwFOhjl4_001_1080p_frame_00256_jpg.rf.2345e330fd686781501228296173fda0.jpg,test/labels/YTDown-com_YouTube_Rush-Hour-Traffic-with-motorcycle-in-Ho-_Media_1ZupwFOhjl4_001_1080p_frame_00256_jpg.rf.2345e330fd686781501228296173fda0.txt,YTDown-com_YouTube_Rush-Hour-Traffic-with-motorcycle-in-Ho-_Media_1ZupwFOhjl4_001_1080p,256,128.0,test,labeled,56,0:1;1:11;2:42;3:1;4:1,bbox:2;polygon:54,756b16a4280b1c12e1dacf0c073f8b98a33ab5db4f4ca1705a1a11d7d4cf3f78
7a9209474c2419c865689d6ce2d5bd0cf7a82b2ba46836d8a22ae66797897b95,test/images/YTDown-com_YouTube_Rush-Hour-Traffic-with-motorcycle-in-Ho-_Media_1ZupwFOhjl4_001_1080p_frame_00262_jpg.rf.56f8c24a5996481c94697f7d650efc0a.jpg,test/labels/YTDown-com_YouTube_Rush-Hour-Traffic-with-motorcycle-in-Ho-_Media_1ZupwFOhjl4_001_1080p_frame_00262_jpg.rf.56f8c24a5996481c94697f7d650efc0a.txt,YTDown-com_YouTube_Rush-Hour-Traffic-with-motorcycle-in-Ho-_Media_1ZupwFOhjl4_001_1080p,262,131.0,test,labeled,50,0:1;1:9;2:38;3:1;4:1,bbox:3;polygon:47,7a9209474c2419c865689d6ce2d5bd0cf7a82b2ba46836d8a22ae66797897b95
4d97bac116c90475c7fb14fbf52559c7966ea3ccb50021417b28166a3338e3db,test/images/YTDown-com_YouTube_Rush-Hour-Traffic-with-motorcycle-in-Ho-_Media_1ZupwFOhjl4_001_1080p_frame_00273_jpg.rf.9bce25d9739b42a7fe07110478b40bf7.jpg,test/labels/YTDown-com_YouTube_Rush-Hour-Traffic-with-motorcycle-in-Ho-_Media_1ZupwFOhjl4_001_1080p_frame_00273_jpg.rf.9bce25d9739b42a7fe07110478b40bf7.txt,YTDown-com_YouTube_Rush-Hour-Traffic-with-motorcycle-in-Ho-_Media_1ZupwFOhjl4_001_1080p,273,136.5,test,labeled,35,0:1;1:9;2:23;3:1;4:1,bbox:6;polygon:29,4d97bac116c90475c7fb14fbf52559c7966ea3ccb50021417b28166a3338e3db
e95f44ac3d355a725f7f368683934919f9463f6580ed7a60f9a20b6ae45a26dc,test/images/YTDown-com_YouTube_Rush-Hour-Traffic-with-motorcycle-in-Ho-_Media_1ZupwFOhjl4_001_1080p_frame_00276_jpg.rf.464332ffe0c035b342fe5604e9ba26b6.jpg,test/labels/YTDown-com_YouTube_Rush-Hour-Traffic-with-motorcycle-in-Ho-_Media_1ZupwFOhjl4_001_1080p_frame_00276_jpg.rf.464332ffe0c035b342fe5604e9ba26b6.txt,YTDown-com_YouTube_Rush-Hour-Traffic-with-motorcycle-in-Ho-_Media_1ZupwFOhjl4_001_1080p,276,138.0,test,labeled,44,1:8;2:33;3:2;4:1,bbox:2;polygon:42,e95f44ac3d355a725f7f368683934919f9463f6580ed7a60f9a20b6ae45a26dc
5eb9bb917da4374e47ccb20a23a1c2ae6a0e9699ab093a1914df42fc5cad33d3,test/images/YTDown-com_YouTube_Rush-Hour-Traffic-with-motorcycle-in-Ho-_Media_1ZupwFOhjl4_001_1080p_frame_00282_jpg.rf.176eaaf5fb75690227121ebd13126c12.jpg,test/labels/YTDown-com_YouTube_Rush-Hour-Traffic-with-motorcycle-in-Ho-_Media_1ZupwFOhjl4_001_1080p_frame_00282_jpg.rf.176eaaf5fb75690227121ebd13126c12.txt,YTDown-com_YouTube_Rush-Hour-Traffic-with-motorcycle-in-Ho-_Media_1ZupwFOhjl4_001_1080p,282,141.0,test,labeled,53,1:6;2:44;3:2;4:1,bbox:7;polygon:46,5eb9bb917da4374e47ccb20a23a1c2ae6a0e9699ab093a1914df42fc5cad33d3
f82a1f711e2d7955965c2d89ea72bd11f47328f18fa64fc8904e073409d72786,test/images/YTDown-com_YouTube_Rush-Hour-Traffic-with-motorcycle-in-Ho-_Media_1ZupwFOhjl4_001_1080p_frame_00304_jpg.rf.2438e8f63b3f5b083c171d3a14ef294c.jpg,test/labels/YTDown-com_YouTube_Rush-Hour-Traffic-with-motorcycle-in-Ho-_Media_1ZupwFOhjl4_001_1080p_frame_00304_jpg.rf.2438e8f63b3f5b083c171d3a14ef294c.txt,YTDown-com_YouTube_Rush-Hour-Traffic-with-motorcycle-in-Ho-_Media_1ZupwFOhjl4_001_1080p,304,152.0,test,labeled,59,0:1;1:9;2:48;3:1,bbox:5;polygon:54,f82a1f711e2d7955965c2d89ea72bd11f47328f18fa64fc8904e073409d72786
372007e29927b3e251a9f73798933739ef355c776e8be058f823980a3f392ebd,test/images/YTDown-com_YouTube_Rush-Hour-Traffic-with-motorcycle-in-Ho-_Media_1ZupwFOhjl4_001_1080p_frame_00305_jpg.rf.6baf982151b91bace87aac5e5764be15.jpg,test/labels/YTDown-com_YouTube_Rush-Hour-Traffic-with-motorcycle-in-Ho-_Media_1ZupwFOhjl4_001_1080p_frame_00305_jpg.rf.6baf982151b91bace87aac5e5764be15.txt,YTDown-com_YouTube_Rush-Hour-Traffic-with-motorcycle-in-Ho-_Media_1ZupwFOhjl4_001_1080p,305,152.5,test,labeled,53,0:1;1:6;2:46,bbox:1;polygon:52,372007e29927b3e251a9f73798933739ef355c776e8be058f823980a3f392ebd
8cef17f98f990afecc8ab305d49730ed79f8228bc868d05bc99c5eed80b3b815,test/images/YTDown-com_YouTube_Rush-Hour-Traffic-with-motorcycle-in-Ho-_Media_1ZupwFOhjl4_001_1080p_frame_00311_jpg.rf.4a05bb79e1e20fd69fdd7d0f78618856.jpg,test/labels/YTDown-com_YouTube_Rush-Hour-Traffic-with-motorcycle-in-Ho-_Media_1ZupwFOhjl4_001_1080p_frame_00311_jpg.rf.4a05bb79e1e20fd69fdd7d0f78618856.txt,YTDown-com_YouTube_Rush-Hour-Traffic-with-motorcycle-in-Ho-_Media_1ZupwFOhjl4_001_1080p,311,155.5,test,labeled,49,0:1;1:5;2:42;3:1,bbox:2;polygon:47,8cef17f98f990afecc8ab305d49730ed79f8228bc868d05bc99c5eed80b3b815
d491b178e142850a39a82689bdf3da7dd3c68671bd217b3c8549938132955a70,test/images/YTDown-com_YouTube_Rush-Hour-Traffic-with-motorcycle-in-Ho-_Media_1ZupwFOhjl4_001_1080p_frame_00312_jpg.rf.e145734933238b9028d3840e5b12d154.jpg,test/labels/YTDown-com_YouTube_Rush-Hour-Traffic-with-motorcycle-in-Ho-_Media_1ZupwFOhjl4_001_1080p_frame_00312_jpg.rf.e145734933238b9028d3840e5b12d154.txt,YTDown-com_YouTube_Rush-Hour-Traffic-with-motorcycle-in-Ho-_Media_1ZupwFOhjl4_001_1080p,312,156.0,test,labeled,51,0:1;1:8;2:41;3:1,bbox:5;polygon:46,d491b178e142850a39a82689bdf3da7dd3c68671bd217b3c8549938132955a70
00877f51f1fa00dfa95eeefa0211679957bc40f841b66fd715efc8315f160be4,test/images/YTDown-com_YouTube_Rush-Hour-Traffic-with-motorcycle-in-Ho-_Media_1ZupwFOhjl4_001_1080p_frame_00315_jpg.rf.d7eb0a2cfaef3651951b78ef7a41de0b.jpg,test/labels/YTDown-com_YouTube_Rush-Hour-Traffic-with-motorcycle-in-Ho-_Media_1ZupwFOhjl4_001_1080p_frame_00315_jpg.rf.d7eb0a2cfaef3651951b78ef7a41de0b.txt,YTDown-com_YouTube_Rush-Hour-Traffic-with-motorcycle-in-Ho-_Media_1ZupwFOhjl4_001_1080p,315,157.5,test,labeled,41,0:1;1:4;2:35;3:1,bbox:1;polygon:40,00877f51f1fa00dfa95eeefa0211679957bc40f841b66fd715efc8315f160be4
cc7078983cf2c0e8849ede61ead2234f55982d25c2610fc6e2a0341fcdcc5796,test/images/YTDown-com_YouTube_Traffic-in-Hanoi-during-rush-hour_Media_oetF3UTIwbc_001_480p_frame_00000_jpg.rf.28f6f6558ffb60ad45f09bf408704cdd.jpg,test/labels/YTDown-com_YouTube_Traffic-in-Hanoi-during-rush-hour_Media_oetF3UTIwbc_001_480p_frame_00000_jpg.rf.28f6f6558ffb60ad45f09bf408704cdd.txt,YTDown-com_YouTube_Traffic-in-Hanoi-during-rush-hour_Media_oetF3UTIwbc_001_480p,0,0.0,test,labeled,28,0:1;1:3;2:20;3:4,bbox:3;polygon:25,cc7078983cf2c0e8849ede61ead2234f55982d25c2610fc6e2a0341fcdcc5796
a11ac0e2f6869801e38b3751e071d4fa4501b8ad215d487c82b8a626f011e8f0,test/images/YTDown-com_YouTube_Traffic-in-Hanoi-during-rush-hour_Media_oetF3UTIwbc_001_480p_frame_00004_jpg.rf.2289dfce8ebae17923e9b9e3a58f7d26.jpg,test/labels/YTDown-com_YouTube_Traffic-in-Hanoi-during-rush-hour_Media_oetF3UTIwbc_001_480p_frame_00004_jpg.rf.2289dfce8ebae17923e9b9e3a58f7d26.txt,YTDown-com_YouTube_Traffic-in-Hanoi-during-rush-hour_Media_oetF3UTIwbc_001_480p,4,2.0,test,labeled,49,0:1;1:3;2:37;3:8,bbox:3;polygon:46,a11ac0e2f6869801e38b3751e071d4fa4501b8ad215d487c82b8a626f011e8f0
0ff192de65f8f5b6f261d6cada13bb9ff3df311906156f5b709901c381f1df11,test/images/YTDown-com_YouTube_Traffic-in-Hanoi-during-rush-hour_Media_oetF3UTIwbc_001_480p_frame_00011_jpg.rf.772a744ced6858eafc7c514aa1ba0cc3.jpg,test/labels/YTDown-com_YouTube_Traffic-in-Hanoi-during-rush-hour_Media_oetF3UTIwbc_001_480p_frame_00011_jpg.rf.772a744ced6858eafc7c514aa1ba0cc3.txt,YTDown-com_YouTube_Traffic-in-Hanoi-during-rush-hour_Media_oetF3UTIwbc_001_480p,11,5.5,test,labeled,42,0:1;1:4;2:27;3:10,bbox:3;polygon:39,0ff192de65f8f5b6f261d6cada13bb9ff3df311906156f5b709901c381f1df11
252dbd0302548b0d7ee7f7eae80c1b8eadd6c01e5551d3cde95aa5967cc6d648,test/images/YTDown-com_YouTube_Traffic-in-Hanoi-during-rush-hour_Media_oetF3UTIwbc_001_480p_frame_00019_jpg.rf.ae9b8115dbcc42c98d4e0f61532e2aa6.jpg,test/labels/YTDown-com_YouTube_Traffic-in-Hanoi-during-rush-hour_Media_oetF3UTIwbc_001_480p_frame_00019_jpg.rf.ae9b8115dbcc42c98d4e0f61532e2aa6.txt,YTDown-com_YouTube_Traffic-in-Hanoi-during-rush-hour_Media_oetF3UTIwbc_001_480p,19,9.5,test,labeled,42,0:1;1:4;2:28;3:9,bbox:3;polygon:39,252dbd0302548b0d7ee7f7eae80c1b8eadd6c01e5551d3cde95aa5967cc6d648
de1081094dd2f91fabdd4c5685791d669f00dc1a6aa1a6eca7622b7e48a40271,test/images/YTDown-com_YouTube_Traffic-in-Hanoi-during-rush-hour_Media_oetF3UTIwbc_001_480p_frame_00029_jpg.rf.e3e83045f3cd6a3e7f550d73029797db.jpg,test/labels/YTDown-com_YouTube_Traffic-in-Hanoi-during-rush-hour_Media_oetF3UTIwbc_001_480p_frame_00029_jpg.rf.e3e83045f3cd6a3e7f550d73029797db.txt,YTDown-com_YouTube_Traffic-in-Hanoi-during-rush-hour_Media_oetF3UTIwbc_001_480p,29,14.5,test,labeled,45,0:1;1:4;2:37;3:3,bbox:1;polygon:44,de1081094dd2f91fabdd4c5685791d669f00dc1a6aa1a6eca7622b7e48a40271
75b805c111857648f1f3394c4d0d7a062533a3ad0c0ba78fa91436542a5f7e27,test/images/YTDown-com_YouTube_Traffic-in-Hanoi-during-rush-hour_Media_oetF3UTIwbc_001_480p_frame_00030_jpg.rf.2cf4ac937ddeddc60d99410745c71503.jpg,test/labels/YTDown-com_YouTube_Traffic-in-Hanoi-during-rush-hour_Media_oetF3UTIwbc_001_480p_frame_00030_jpg.rf.2cf4ac937ddeddc60d99410745c71503.txt,YTDown-com_YouTube_Traffic-in-Hanoi-during-rush-hour_Media_oetF3UTIwbc_001_480p,30,15.0,test,labeled,49,0:1;1:4;2:35;3:9,bbox:4;polygon:45,75b805c111857648f1f3394c4d0d7a062533a3ad0c0ba78fa91436542a5f7e27
8cb891524c83c72a342bc3099884fefec33f0e448a2854e391b95e394346ed17,test/images/YTDown-com_YouTube_Traffic-in-Hanoi-during-rush-hour_Media_oetF3UTIwbc_001_480p_frame_00049_jpg.rf.e7aed92bb6908422fa4d2c828c534f6c.jpg,test/labels/YTDown-com_YouTube_Traffic-in-Hanoi-during-rush-hour_Media_oetF3UTIwbc_001_480p_frame_00049_jpg.rf.e7aed92bb6908422fa4d2c828c534f6c.txt,YTDown-com_YouTube_Traffic-in-Hanoi-during-rush-hour_Media_oetF3UTIwbc_001_480p,49,24.5,test,labeled,46,0:2;1:4;2:32;3:8,bbox:2;polygon:44,8cb891524c83c72a342bc3099884fefec33f0e448a2854e391b95e394346ed17
1f916d6ea9bc4e7d3be98aa6acc3077d2f0b9dcc380582d223cf6a1d233078f7,test/images/YTDown-com_YouTube_Traffic-in-Hanoi-during-rush-hour_Media_oetF3UTIwbc_001_480p_frame_00060_jpg.rf.a1e9aef1d53f8e08e5c3dc4ad1ac1f31.jpg,test/labels/YTDown-com_YouTube_Traffic-in-Hanoi-during-rush-hour_Media_oetF3UTIwbc_001_480p_frame_00060_jpg.rf.a1e9aef1d53f8e08e5c3dc4ad1ac1f31.txt,YTDown-com_YouTube_Traffic-in-Hanoi-during-rush-hour_Media_oetF3UTIwbc_001_480p,60,30.0,test,labeled,33,0:1;1:5;2:26;3:1,bbox:1;polygon:32,1f916d6ea9bc4e7d3be98aa6acc3077d2f0b9dcc380582d223cf6a1d233078f7
0c4a2412c86abfec9385072fe0506a85858cc0b4ed2688f41105fd0cfdc606b2,test/images/YTSave_YouTube_4k-my-first-video-Crazy-vietnam-Traffic_Media_08IqB7MSuXc_001_1080p_frame_00002_jpg.rf.12893c2973636b9daec0002e6ef1e663.jpg,test/labels/YTSave_YouTube_4k-my-first-video-Crazy-vietnam-Traffic_Media_08IqB7MSuXc_001_1080p_frame_00002_jpg.rf.12893c2973636b9daec0002e6ef1e663.txt,YTSave_YouTube_4k-my-first-video-Crazy-vietnam-Traffic_Media_08IqB7MSuXc_001_1080p,2,1.0,test,labeled,102,1:4;2:64;3:33;4:1,bbox:5;polygon:97,0c4a2412c86abfec9385072fe0506a85858cc0b4ed2688f41105fd0cfdc606b2
d407aeb6c25eaef8169360c9325396f38aca63187e49ec043a9700eaea82fd60,test/images/YTSave_YouTube_4k-my-first-video-Crazy-vietnam-Traffic_Media_08IqB7MSuXc_001_1080p_frame_00008_jpg.rf.9ec18c7a9f7da73d6c41cfc4d5a52c5f.jpg,test/labels/YTSave_YouTube_4k-my-first-video-Crazy-vietnam-Traffic_Media_08IqB7MSuXc_001_1080p_frame_00008_jpg.rf.9ec18c7a9f7da73d6c41cfc4d5a52c5f.txt,YTSave_YouTube_4k-my-first-video-Crazy-vietnam-Traffic_Media_08IqB7MSuXc_001_1080p,8,4.0,test,labeled,78,0:1;1:8;2:40;3:28;4:1,bbox:1;polygon:77,d407aeb6c25eaef8169360c9325396f38aca63187e49ec043a9700eaea82fd60
d2c0d25a83db6940b01d630ac23b54bd861557c0f44382d8eb1b27d0d8aa4a86,test/images/YTSave_YouTube_4k-my-first-video-Crazy-vietnam-Traffic_Media_08IqB7MSuXc_001_1080p_frame_00034_jpg.rf.05269eb2ee98bf71216ddd1369d69fa6.jpg,test/labels/YTSave_YouTube_4k-my-first-video-Crazy-vietnam-Traffic_Media_08IqB7MSuXc_001_1080p_frame_00034_jpg.rf.05269eb2ee98bf71216ddd1369d69fa6.txt,YTSave_YouTube_4k-my-first-video-Crazy-vietnam-Traffic_Media_08IqB7MSuXc_001_1080p,34,17.0,test,labeled,100,0:1;1:8;2:51;3:39;4:1,bbox:3;polygon:97,d2c0d25a83db6940b01d630ac23b54bd861557c0f44382d8eb1b27d0d8aa4a86
b00c86f8350d68bfce7c6c5eaf57db2ea0bb44b0c6d12b81abb29d6d72aa10ba,test/images/YTSave_YouTube_4k-my-first-video-Crazy-vietnam-Traffic_Media_08IqB7MSuXc_001_1080p_frame_00041_jpg.rf.f9dfce141d9dde8b5aae56765d683d87.jpg,test/labels/YTSave_YouTube_4k-my-first-video-Crazy-vietnam-Traffic_Media_08IqB7MSuXc_001_1080p_frame_00041_jpg.rf.f9dfce141d9dde8b5aae56765d683d87.txt,YTSave_YouTube_4k-my-first-video-Crazy-vietnam-Traffic_Media_08IqB7MSuXc_001_1080p,41,20.5,test,labeled,89,0:1;1:9;2:40;3:38;4:1,bbox:6;polygon:83,b00c86f8350d68bfce7c6c5eaf57db2ea0bb44b0c6d12b81abb29d6d72aa10ba
5bf52cf62e25c9e1256f72277d2d23cfa245eafda284600b0b2e1e5c11eb9ef5,test/images/YTSave_YouTube_AERIAL-DRONE-4K-VIDEO-CITY-TRAFFIC-JAM-P_Media_Sk1ZAIQc7ZM_001_1080p_frame_00003_jpg.rf.06d8deed5be15b66d76ad545641eb5f9.jpg,test/labels/YTSave_YouTube_AERIAL-DRONE-4K-VIDEO-CITY-TRAFFIC-JAM-P_Media_Sk1ZAIQc7ZM_001_1080p_frame_00003_jpg.rf.06d8deed5be15b66d76ad545641eb5f9.txt,YTSave_YouTube_AERIAL-DRONE-4K-VIDEO-CITY-TRAFFIC-JAM-P_Media_Sk1ZAIQc7ZM_001_1080p,3,1.5,test,labeled,151,1:87;2:57;4:7,bbox:21;polygon:130,5bf52cf62e25c9e1256f72277d2d23cfa245eafda284600b0b2e1e5c11eb9ef5
8dbd5a9edd1ab2d5712a6a5cefb9604bd6cf9a2757c2c006e73db7d127f3835c,test/images/YTSave_YouTube_AERIAL-DRONE-4K-VIDEO-CITY-TRAFFIC-JAM-P_Media_Sk1ZAIQc7ZM_001_1080p_frame_00010_jpg.rf.8dc874742b5391f80f801c34e9739b1c.jpg,test/labels/YTSave_YouTube_AERIAL-DRONE-4K-VIDEO-CITY-TRAFFIC-JAM-P_Media_Sk1ZAIQc7ZM_001_1080p_frame_00010_jpg.rf.8dc874742b5391f80f801c34e9739b1c.txt,YTSave_YouTube_AERIAL-DRONE-4K-VIDEO-CITY-TRAFFIC-JAM-P_Media_Sk1ZAIQc7ZM_001_1080p,10,5.0,test,labeled,138,1:85;2:48;4:5,bbox:14;polygon:124,8dbd5a9edd1ab2d5712a6a5cefb9604bd6cf9a2757c2c006e73db7d127f3835c
e65608be38354720d04c9b3a107fc53b2ababd51ca4440e180825810949945d2,test/images/YTSave_YouTube_AERIAL-DRONE-4K-VIDEO-CITY-TRAFFIC-JAM-P_Media_Sk1ZAIQc7ZM_001_1080p_frame_00012_jpg.rf.bcc2978ca6789b23ad6624f640d44422.jpg,test/labels/YTSave_YouTube_AERIAL-DRONE-4K-VIDEO-CITY-TRAFFIC-JAM-P_Media_Sk1ZAIQc7ZM_001_1080p_frame_00012_jpg.rf.bcc2978ca6789b23ad6624f640d44422.txt,YTSave_YouTube_AERIAL-DRONE-4K-VIDEO-CITY-TRAFFIC-JAM-P_Media_Sk1ZAIQc7ZM_001_1080p,12,6.0,test,labeled,144,1:87;2:54;4:3,bbox:22;polygon:122,e65608be38354720d04c9b3a107fc53b2ababd51ca4440e180825810949945d2
ad61b5ee48a2d2bb2de436338e2dec922f9b3c16fd9cfac5d2f5d3f98c333980,test/images/YTSave_YouTube_AERIAL-DRONE-4K-VIDEO-CITY-TRAFFIC-JAM-P_Media_Sk1ZAIQc7ZM_001_1080p_frame_00013_jpg.rf.7073f64e3b40797b114f3a7ba10198ae.jpg,test/labels/YTSave_YouTube_AERIAL-DRONE-4K-VIDEO-CITY-TRAFFIC-JAM-P_Media_Sk1ZAIQc7ZM_001_1080p_frame_00013_jpg.rf.7073f64e3b40797b114f3a7ba10198ae.txt,YTSave_YouTube_AERIAL-DRONE-4K-VIDEO-CITY-TRAFFIC-JAM-P_Media_Sk1ZAIQc7ZM_001_1080p,13,6.5,test,labeled,138,1:91;2:47,bbox:16;polygon:122,ad61b5ee48a2d2bb2de436338e2dec922f9b3c16fd9cfac5d2f5d3f98c333980
9fa9399fc2d9c4653a2c97092a8c0465cf4ee37bfbe34224ff3c02378c375fca,test/images/YTSave_YouTube_Ho-Chi-Minh-City-Saigon-Traffic-Drone-Ae_Media_-5N-Ab_9LhQ_001_1080p_frame_00027_jpg.rf.3be8ab4d2f805335110d39ffe0285fe9.jpg,test/labels/YTSave_YouTube_Ho-Chi-Minh-City-Saigon-Traffic-Drone-Ae_Media_-5N-Ab_9LhQ_001_1080p_frame_00027_jpg.rf.3be8ab4d2f805335110d39ffe0285fe9.txt,YTSave_YouTube_Ho-Chi-Minh-City-Saigon-Traffic-Drone-Ae_Media_-5N-Ab_9LhQ_001_1080p,27,13.5,test,labeled,95,0:2;1:18;2:70;3:4;4:1,bbox:6;polygon:89,9fa9399fc2d9c4653a2c97092a8c0465cf4ee37bfbe34224ff3c02378c375fca
b361949c33f0bf7dc2e4c8584f376bb710a8b016938c0586a284036b64561172,test/images/YTSave_YouTube_Ho-Chi-Minh-City-Saigon-Traffic-Drone-Ae_Media_-5N-Ab_9LhQ_001_1080p_frame_00041_jpg.rf.f8f44e34374f9543e0c33659b350e66e.jpg,test/labels/YTSave_YouTube_Ho-Chi-Minh-City-Saigon-Traffic-Drone-Ae_Media_-5N-Ab_9LhQ_001_1080p_frame_00041_jpg.rf.f8f44e34374f9543e0c33659b350e66e.txt,YTSave_YouTube_Ho-Chi-Minh-City-Saigon-Traffic-Drone-Ae_Media_-5N-Ab_9LhQ_001_1080p,41,20.5,test,labeled,79,1:15;2:60;3:2;4:2,bbox:8;polygon:71,b361949c33f0bf7dc2e4c8584f376bb710a8b016938c0586a284036b64561172
32d5f4a17be6e49a6301eb5bdd963692b70e923cf9e26c3ca5cf85001533f4b6,test/images/YTSave_YouTube_Ho-Chi-Minh-City-Saigon-Traffic-Drone-Ae_Media_-5N-Ab_9LhQ_001_1080p_frame_00042_jpg.rf.b1d604c43de44cdf348189735ba3c2a0.jpg,test/labels/YTSave_YouTube_Ho-Chi-Minh-City-Saigon-Traffic-Drone-Ae_Media_-5N-Ab_9LhQ_001_1080p_frame_00042_jpg.rf.b1d604c43de44cdf348189735ba3c2a0.txt,YTSave_YouTube_Ho-Chi-Minh-City-Saigon-Traffic-Drone-Ae_Media_-5N-Ab_9LhQ_001_1080p,42,21.0,test,labeled,73,1:14;2:57;3:1;4:1,bbox:5;polygon:68,32d5f4a17be6e49a6301eb5bdd963692b70e923cf9e26c3ca5cf85001533f4b6
35beb993588bb57b70742c9fb9ece1481dcea1db676900966727059b20b83539,test/images/YTSave_YouTube_Ho-Chi-Minh-City-Saigon-Traffic-Drone-Ae_Media_-5N-Ab_9LhQ_001_1080p_frame_00051_jpg.rf.cd95c81b7622dd0e0564bd88f5054691.jpg,test/labels/YTSave_YouTube_Ho-Chi-Minh-City-Saigon-Traffic-Drone-Ae_Media_-5N-Ab_9LhQ_001_1080p_frame_00051_jpg.rf.cd95c81b7622dd0e0564bd88f5054691.txt,YTSave_YouTube_Ho-Chi-Minh-City-Saigon-Traffic-Drone-Ae_Media_-5N-Ab_9LhQ_001_1080p,51,25.5,test,labeled,61,1:20;2:39;3:1;4:1,bbox:6;polygon:55,35beb993588bb57b70742c9fb9ece1481dcea1db676900966727059b20b83539
275b7fe9b0830f619bf7f85a6fc06447c36193e333beb6949cca9dc577feb48c,test/images/YTSave_YouTube_Ho-Chi-Minh-City-Saigon-Traffic-Drone-Ae_Media_-5N-Ab_9LhQ_001_1080p_frame_00054_jpg.rf.d93678a1f6b498beed590f113b609b6d.jpg,test/labels/YTSave_YouTube_Ho-Chi-Minh-City-Saigon-Traffic-Drone-Ae_Media_-5N-Ab_9LhQ_001_1080p_frame_00054_jpg.rf.d93678a1f6b498beed590f113b609b6d.txt,YTSave_YouTube_Ho-Chi-Minh-City-Saigon-Traffic-Drone-Ae_Media_-5N-Ab_9LhQ_001_1080p,54,27.0,test,labeled,63,1:27;2:33;4:3,bbox:9;polygon:54,275b7fe9b0830f619bf7f85a6fc06447c36193e333beb6949cca9dc577feb48c
8e7f49be97b0ebabfde17b1947723519f5f135037b7949c1f887411a721b4166,test/images/YTSave_YouTube_Ho-Chi-Minh-City-Saigon-Traffic-Drone-Ae_Media_-5N-Ab_9LhQ_001_1080p_frame_00055_jpg.rf.ab497f9e80eb4b9d497f0c73b0ca384d.jpg,test/labels/YTSave_YouTube_Ho-Chi-Minh-City-Saigon-Traffic-Drone-Ae_Media_-5N-Ab_9LhQ_001_1080p_frame_00055_jpg.rf.ab497f9e80eb4b9d497f0c73b0ca384d.txt,YTSave_YouTube_Ho-Chi-Minh-City-Saigon-Traffic-Drone-Ae_Media_-5N-Ab_9LhQ_001_1080p,55,27.5,test,labeled,68,1:32;2:33;4:3,bbox:9;polygon:59,8e7f49be97b0ebabfde17b1947723519f5f135037b7949c1f887411a721b4166
f8a327972ad1193b94bbfc32fbc5f7114d5e42b7e2cb53ab257e1601e70c3649,test/images/YTSave_YouTube_Ho-Chi-Minh-City-Saigon-Traffic-Drone-Ae_Media_-5N-Ab_9LhQ_001_1080p_frame_00059_jpg.rf.973517a117ddeceb3b98ce043f76ef7e.jpg,test/labels/YTSave_YouTube_Ho-Chi-Minh-City-Saigon-Traffic-Drone-Ae_Media_-5N-Ab_9LhQ_001_1080p_frame_00059_jpg.rf.973517a117ddeceb3b98ce043f76ef7e.txt,YTSave_YouTube_Ho-Chi-Minh-City-Saigon-Traffic-Drone-Ae_Media_-5N-Ab_9LhQ_001_1080p,59,29.5,test,labeled,61,0:3;1:29;2:27;4:2,bbox:5;polygon:56,f8a327972ad1193b94bbfc32fbc5f7114d5e42b7e2cb53ab257e1601e70c3649
61f876e6a8a85eb038690c7fe4d83891e0d2618e2326927543455206d4935ee1,test/images/YTSave_YouTube_Ho-Chi-Minh-City-Saigon-Traffic-Drone-Ae_Media_-5N-Ab_9LhQ_001_1080p_frame_00084_jpg.rf.fc89909c69c322e5a9fd31e9cdd3df27.jpg,test/labels/YTSave_YouTube_Ho-Chi-Minh-City-Saigon-Traffic-Drone-Ae_Media_-5N-Ab_9LhQ_001_1080p_frame_00084_jpg.rf.fc89909c69c322e5a9fd31e9cdd3df27.txt,YTSave_YouTube_Ho-Chi-Minh-City-Saigon-Traffic-Drone-Ae_Media_-5N-Ab_9LhQ_001_1080p,84,42.0,test,labeled,49,0:3;1:34;2:7;3:3;4:2,bbox:10;polygon:39,61f876e6a8a85eb038690c7fe4d83891e0d2618e2326927543455206d4935ee1
